reach_diff,age_diff,height_diff,SLpM_total_diff,SApM_total_diff,sig_str_acc_total_diff,str_def_total_diff,td_avg_diff,td_acc_total_diff,td_def_total_diff,sub_avg_diff,wins_total_diff,losses_total_diff,target
2.539999999999992,-1.0,-5.079999999999984,0.94,-0.1099999999999998,-0.0099999999999999,-0.02,0.69,0.04,0.26,0.1999999999999999,-1,-1,0
12.699999999999989,4.0,7.6200000000000045,-1.2199999999999998,-3.3199999999999994,-0.02,0.13,4.75,0.5,0.5,0.2,3,-3,1
-2.539999999999992,-6.0,2.5400000000000205,-0.69,-1.2199999999999998,0.06,-0.01,0.5700000000000003,-0.37,-0.02,0.3,6,1,1
7.6200000000000045,2.0,5.0800000000000125,2.7300000000000004,-0.5999999999999996,0.08,0.0,-0.91,-0.28,0.43,-0.1999999999999999,-1,-2,1
-5.079999999999984,8.0,0.0,4.48,3.84,0.07,-0.22,-1.0399999999999998,-0.11,0.01,-0.1999999999999999,4,1,0
17.78,-2.0,7.619999999999976,0.4500000000000002,-2.9499999999999993,-0.1499999999999999,0.01,0.0,0.0,0.3399999999999999,0.8,8,3,1
-5.079999999999984,3.0,0.0,0.9900000000000002,0.4800000000000004,-0.0399999999999999,-0.0999999999999999,-0.93,0.1299999999999999,-0.54,0.3,4,2,0
-5.0800000000000125,-6.0,-10.159999999999997,-2.9299999999999997,-2.55,-0.1099999999999999,0.0999999999999999,1.39,0.1399999999999999,0.14,-0.1,-13,-6,0
-12.700000000000015,-7.0,-7.6200000000000045,-0.7200000000000002,-1.5300000000000002,0.0399999999999999,0.1100000000000001,-0.1300000000000001,-0.06,0.1699999999999999,-0.2,-6,-8,1
0.0,-1.0,0.0,-3.71,-4.0,0.06,0.03,-0.28,-1.0,-0.5599999999999999,0.3,5,3,1
0.0,7.0,-2.539999999999992,-0.6699999999999999,2.23,-0.0999999999999999,-0.2799999999999999,3.0,0.54,0.5,0.0,-3,0,0
5.079999999999984,-5.0,0.0,3.19,1.66,-0.0799999999999999,-0.13,8.379999999999999,0.0499999999999999,-0.1099999999999999,-1.3,0,1,0
0.0,6.0,-5.079999999999984,-1.36,0.27,-0.14,-0.0699999999999999,-0.7100000000000001,-0.2299999999999999,-0.5,-0.3,2,3,0
-7.6200000000000045,-7.0,-2.539999999999992,0.3599999999999999,1.6999999999999995,0.01,-0.12,-1.43,-0.33,-0.22,-0.1,-10,-1,0
-7.6200000000000045,9.0,-5.0800000000000125,-2.1,-1.5800000000000003,0.0199999999999999,-0.03,0.5000000000000001,-0.09,-0.13,0.3,15,12,1
0.0,-1.0,0.0,0.5700000000000003,-0.25,-0.0999999999999999,0.1799999999999999,-4.92,0.07,0.66,-0.3999999999999999,5,0,1
-15.240000000000007,0.0,-10.159999999999997,1.2100000000000004,1.14,0.0499999999999999,0.07,-1.92,-0.0399999999999999,0.04,-0.4,7,5,0
12.700000000000015,2.0,2.539999999999992,-2.1699999999999995,-1.2199999999999998,-0.0299999999999999,0.09,2.04,0.16,-0.1599999999999999,1.3,18,5,1
-2.539999999999992,1.0,-7.6200000000000045,-1.6499999999999997,-2.57,0.0,0.0299999999999999,2.26,0.0499999999999999,-0.23,0.0999999999999999,-3,0,0
-2.539999999999992,-3.0,-15.240000000000007,2.54,2.16,-0.01,0.04,-1.31,-0.6,0.2499999999999999,0.0,4,0,0
-12.699999999999989,-2.0,0.0,-1.1,-2.4400000000000004,0.0299999999999999,0.0299999999999999,0.5,0.06,-0.0899999999999999,2.4,4,-4,1
7.619999999999976,2.0,-2.539999999999992,-5.1000000000000005,-6.23,-0.1599999999999999,-0.0299999999999999,-3.0,-0.5,-0.3299999999999999,-0.2,2,2,0
25.40000000000001,4.0,0.0,0.33,-1.34,0.12,0.14,-0.7400000000000002,-0.35,-0.71,5.0,0,-2,1
-2.539999999999992,-2.0,-5.0800000000000125,0.1,0.8500000000000005,-0.0199999999999999,0.19,0.7299999999999999,-0.56,0.56,1.3,10,5,1
7.6200000000000045,-6.0,2.5400000000000205,-1.4700000000000002,2.4499999999999997,-0.0499999999999999,-0.07,2.93,0.5,0.5800000000000001,-0.6,-5,-3,0
5.079999999999984,-2.0,7.6200000000000045,3.3200000000000003,-1.9600000000000004,0.12,0.12,-0.18,0.0299999999999999,-0.0799999999999999,-0.6000000000000001,-5,-8,1
-2.539999999999992,7.0,-5.0800000000000125,-0.25,-0.6200000000000001,-0.03,0.11,-3.4299999999999997,-0.01,-0.0599999999999999,-0.1,17,6,1
5.0800000000000125,-5.0,0.0,1.1,1.59,-0.1999999999999999,-0.05,0.0799999999999999,0.13,-0.12,0.6,3,9,0
-5.079999999999984,10.0,-2.539999999999992,-3.45,-0.8499999999999996,-0.05,-0.12,2.03,0.22,-0.1999999999999999,0.3,5,5,0
0.0,5.0,-2.539999999999992,0.6499999999999995,0.4000000000000003,0.1,0.0299999999999999,1.0699999999999998,0.1099999999999999,0.13,-0.1,-4,-3,1
2.539999999999992,1.0,2.539999999999992,0.9899999999999998,1.09,-0.14,0.1899999999999999,-1.16,-0.0599999999999999,-0.44,-2.2,-2,1,1
7.6200000000000045,10.0,10.159999999999997,-0.1200000000000001,1.5800000000000003,-0.19,0.0799999999999999,-1.13,-0.28,-0.03,0.1999999999999999,4,4,0
0.0,-6.0,5.0800000000000125,-0.3900000000000001,-0.1400000000000001,0.04,-0.01,3.33,0.0,0.35,-0.5,-8,-14,1
-17.78,9.0,-5.0800000000000125,-0.3999999999999994,2.8500000000000005,-0.02,-0.0499999999999999,-1.9,-0.28,0.0699999999999999,0.0,8,7,0
-7.6200000000000045,-8.0,-2.5400000000000205,0.6400000000000006,-0.1599999999999997,-0.06,0.0099999999999999,2.52,0.2399999999999999,-0.24,0.0,-1,5,0
-2.5400000000000205,1.0,2.539999999999992,0.0900000000000007,-0.5499999999999998,0.04,-0.03,0.8,0.11,0.4599999999999999,0.7,11,4,1
12.700000000000015,1.0,7.6200000000000045,18.78,1.79,0.29,0.19,-0.98,-0.33,-0.46,-0.2,-10,-8,1
7.6200000000000045,2.0,5.079999999999984,2.22,3.2,-0.02,-0.01,-7.12,-0.57,0.6,-1.1,-7,3,0
-5.0800000000000125,6.0,-2.5400000000000205,2.6799999999999997,0.0,0.18,0.0,0.8200000000000001,0.31,0.1599999999999999,-0.3,6,2,1
0.0,2.0,-5.079999999999984,0.81,-1.9500000000000008,0.0499999999999999,0.0499999999999999,-0.53,-0.14,-0.25,-0.5,2,4,1
-5.079999999999984,-6.0,-2.539999999999992,-0.1599999999999997,0.1,-0.1399999999999999,-0.11,3.0999999999999996,0.38,0.2099999999999999,0.0,1,-5,1
-12.700000000000015,9.0,-2.5400000000000205,2.59,1.78,-0.0199999999999999,0.02,-3.49,0.03,0.82,0.0,12,8,0
2.539999999999992,2.0,2.539999999999992,4.55,-3.97,0.51,0.46,4.51,0.56,1.0,0.6,6,-2,1
5.0800000000000125,6.0,0.0,-0.3399999999999998,0.9199999999999996,-0.0999999999999999,0.0,-1.1,0.14,-0.27,0.1999999999999999,4,7,0
-12.699999999999989,1.0,-2.5400000000000205,0.7600000000000002,0.5499999999999998,0.0,0.0,0.53,-0.14,0.12,0.0,3,-3,1
10.160000000000023,5.0,7.6200000000000045,2.36,-1.6199999999999997,-0.05,-0.03,-1.37,-0.25,-0.0999999999999999,0.0,9,0,1
-2.539999999999992,8.0,-2.539999999999992,-1.99,0.6399999999999997,-0.1,0.0899999999999999,-1.5,-0.24,-0.0599999999999999,-0.2,-3,1,1
5.079999999999984,-3.0,2.5400000000000205,2.37,-1.0800000000000003,0.1099999999999999,0.2,-0.11,-0.36,-0.16,0.0,-1,-4,1
2.539999999999992,0.0,-7.6200000000000045,-3.7,-8.16,0.26,0.05,1.77,0.47,0.4999999999999999,0.0,10,0,1
0.0,-5.0,-7.6200000000000045,1.2099999999999995,-1.1300000000000003,-0.0799999999999999,0.1399999999999999,-4.41,-0.2699999999999999,-0.35,0.0,-3,-1,0
5.0800000000000125,-1.0,-5.079999999999984,-0.4599999999999999,0.2099999999999999,0.08,0.1299999999999999,1.27,-0.1399999999999999,0.2299999999999999,-0.6000000000000001,5,1,0
5.0800000000000125,-2.0,7.6200000000000045,0.5800000000000001,-2.55,0.08,0.03,-0.48,0.0,0.01,-0.5,0,2,0
20.32000000000002,3.0,7.619999999999976,1.2800000000000002,-0.6000000000000005,0.0,0.04,0.22,0.33,0.69,-0.2,3,-1,1
0.0,-6.0,-5.079999999999984,2.2299999999999995,0.6100000000000003,-0.07,-0.01,-0.96,-0.3,0.43,0.0,3,-5,1
5.079999999999984,-1.0,0.0,3.2600000000000007,-0.5,0.1199999999999999,0.07,-0.5900000000000003,0.28,0.55,1.6,4,0,1
7.6200000000000045,-9.0,2.539999999999992,-1.0299999999999994,-0.2400000000000002,-0.1099999999999999,-0.0599999999999999,-0.49,0.0499999999999999,-0.01,-0.6,0,0,0
-22.860000000000017,3.0,-5.079999999999984,-0.1699999999999999,-3.0299999999999994,0.0999999999999999,0.29,-0.6400000000000001,0.06,-0.15,1.0,0,-1,1
2.539999999999992,1.0,2.5400000000000205,-1.2600000000000002,-4.18,0.0299999999999999,0.0899999999999999,-2.32,-0.5,0.41,0.5,0,-1,1
-7.6200000000000045,0.0,-7.619999999999976,-1.14,1.0599999999999998,0.01,-0.19,2.36,0.1299999999999999,-0.07,1.0,-2,0,0
-10.159999999999997,-7.0,0.0,-2.59,-1.6,-0.09,-0.09,-2.79,-0.0799999999999999,0.01,1.8,3,-3,1
0.0,10.0,2.539999999999992,0.0199999999999995,-1.37,0.2299999999999999,0.14,3.43,0.39,0.47,-0.5,4,3,0
2.539999999999992,8.0,0.0,-1.2600000000000002,-3.0,0.2399999999999999,-0.0099999999999999,1.82,0.47,0.05,0.0,-2,1,0
5.0800000000000125,8.0,-2.5400000000000205,1.7599999999999998,0.0899999999999998,0.1,-0.07,-0.1399999999999999,-0.19,-0.22,-1.1,11,4,0
2.539999999999992,1.0,-2.539999999999992,-1.63,-2.9299999999999997,-0.1599999999999999,0.12,0.36,-0.37,0.0199999999999999,0.0,12,4,1
2.539999999999992,7.0,-10.159999999999997,-1.2999999999999998,1.9799999999999995,-0.05,0.0399999999999999,-0.09,-0.31,0.18,0.1,1,6,0
10.159999999999997,-4.0,5.079999999999984,0.73,-0.92,-0.05,-0.03,4.4399999999999995,0.0399999999999999,0.05,0.0999999999999999,1,0,1
0.0,-2.0,0.0,-0.3600000000000003,-0.6399999999999997,0.0499999999999999,-0.1499999999999999,6.2,-0.01,-0.24,3.0,0,-1,1
5.079999999999984,5.0,0.0,0.1200000000000001,0.1200000000000001,0.14,-0.07,0.1899999999999999,0.48,0.2899999999999999,-0.6000000000000001,1,-2,1
0.0,11.0,-5.0800000000000125,1.89,1.0399999999999998,0.1699999999999999,0.01,1.4,0.45,-0.22,0.5,17,8,1
-2.539999999999992,-7.0,2.5400000000000205,2.7299999999999995,-1.15,0.06,0.22,3.72,0.9,1.0,1.6,-2,-4,1
-15.240000000000007,-2.0,-2.539999999999992,0.8200000000000003,-0.3799999999999999,0.1099999999999999,0.0099999999999998,0.0,0.0,0.0,0.0,2,0,1
-17.78,3.0,-5.0800000000000125,-5.210000000000001,3.26,-0.1,-0.0799999999999999,0.51,0.11,-0.4,0.0,-2,2,0
-5.0800000000000125,-4.0,10.159999999999997,2.6699999999999995,-2.76,0.18,0.25,1.58,-0.5,-0.5,0.0,3,0,1
10.159999999999997,9.0,7.619999999999976,0.8900000000000006,1.1599999999999997,-0.0099999999999999,0.03,-0.6400000000000001,0.1199999999999999,0.15,0.1999999999999999,-2,4,0
5.0800000000000125,8.0,-2.5400000000000205,1.4299999999999995,0.1099999999999998,0.0399999999999999,0.05,0.04,-0.1099999999999999,0.3,-0.5,12,5,1
-7.6200000000000045,-1.0,-10.159999999999997,-0.0900000000000003,-0.5900000000000003,0.08,0.0599999999999999,-1.1,-0.2099999999999999,-0.1099999999999999,0.0,-5,-4,1
0.0,6.0,-7.6200000000000045,-3.0600000000000005,-0.54,-0.26,0.0899999999999999,0.0,0.0,0.43,0.0,-3,1,0
-2.539999999999992,4.0,-5.0800000000000125,-2.7,-2.15,-0.12,0.04,-1.68,-0.19,-0.1899999999999999,-0.5,5,5,0
5.079999999999984,8.0,2.5400000000000205,1.3299999999999996,-1.33,-0.15,0.1399999999999999,-0.01,0.2099999999999999,0.21,0.0,11,12,1
5.079999999999984,1.0,-7.6200000000000045,-2.5000000000000004,1.6999999999999995,0.02,-0.07,3.959999999999999,-0.03,0.69,1.6,1,-1,1
-10.159999999999997,1.0,-2.539999999999992,-1.11,-3.73,-0.01,0.2099999999999999,1.19,0.5,0.0499999999999999,0.3,-2,0,0
5.079999999999984,3.0,2.5400000000000205,2.65,-1.7000000000000006,0.0899999999999999,0.07,0.3399999999999999,0.84,0.12,0.0,1,-1,1
-10.159999999999997,-2.0,-12.699999999999989,1.1599999999999997,-1.44,-0.05,0.02,0.3099999999999998,-0.12,0.1899999999999999,0.1,0,-1,1
2.539999999999992,-2.0,-7.6200000000000045,-2.5800000000000005,-0.0599999999999996,-0.01,-0.1,2.0,0.12,0.0,0.1,-3,2,0
5.079999999999984,1.0,5.0800000000000125,1.5099999999999998,2.5,0.06,0.0899999999999999,-1.63,-0.03,-0.12,-0.5,8,6,1
0.0,5.0,-2.539999999999992,2.03,-3.0799999999999996,0.29,0.1799999999999999,0.38,0.07,0.3399999999999999,0.0,-8,0,0
-7.6200000000000045,-2.0,-5.079999999999984,-2.6900000000000004,1.63,-0.2,-0.13,-0.4,0.1699999999999999,-0.28,-1.4,1,5,0
2.539999999999992,6.0,-2.539999999999992,-1.91,0.1,-0.15,-0.0999999999999999,0.43,0.09,-0.43,-0.1999999999999999,-1,-1,0
5.079999999999984,-1.0,7.6200000000000045,0.0700000000000002,-0.4300000000000006,0.0699999999999999,0.0899999999999999,1.09,0.29,0.1599999999999999,0.5,-9,-8,1
20.319999999999993,-6.0,10.159999999999997,1.0100000000000002,0.3900000000000001,-0.0499999999999999,-0.0799999999999999,-0.49,-0.01,0.01,0.5,-1,0,1
7.6200000000000045,10.0,0.0,-0.4199999999999999,2.86,0.0299999999999999,-0.0899999999999999,1.26,0.12,-0.13,0.6,-5,1,0
7.6200000000000045,-6.0,15.240000000000007,2.3200000000000003,1.5800000000000003,0.0499999999999999,-0.1,2.25,0.28,-1.0,0.8,-2,1,0
-15.240000000000007,6.0,-7.6200000000000045,-0.75,-1.6099999999999994,0.07,0.12,0.91,-0.24,-0.22,0.6,-1,-3,1
0.0,-4.0,-5.079999999999984,-1.6500000000000004,2.0800000000000005,-0.32,-0.0399999999999999,1.52,-0.01,0.03,-0.0999999999999999,3,-5,0
15.240000000000007,6.0,10.159999999999997,-6.9799999999999995,-11.16,0.1699999999999999,0.04,3.39,0.45,-0.3399999999999999,0.0,7,2,1
12.699999999999989,-5.0,5.0800000000000125,-1.0,-2.58,0.05,0.0599999999999999,0.6499999999999999,0.5900000000000001,0.05,-0.0999999999999999,3,-1,1
7.6200000000000045,0.0,-2.5400000000000205,2.1399999999999997,-0.91,0.0999999999999999,0.0299999999999999,-0.55,0.1499999999999999,0.2199999999999999,-1.1,-1,-5,1
2.5400000000000205,1.0,-2.5400000000000205,2.38,4.41,-0.0499999999999999,-0.0799999999999999,0.5,0.33,0.0999999999999999,0.0,-2,2,0
-7.6200000000000045,0.0,-5.0800000000000125,0.4300000000000001,-0.3799999999999999,0.24,-0.0399999999999999,0.4399999999999999,-0.0399999999999999,0.2299999999999999,0.7,-3,-2,0
0.0,3.0,0.0,-0.5800000000000001,-0.4399999999999995,-0.09,0.0699999999999999,-2.15,0.13,0.37,-0.6000000000000001,7,4,0
2.5400000000000205,3.0,2.5400000000000205,0.2999999999999998,-1.5700000000000005,-0.0499999999999999,0.0699999999999999,0.2199999999999999,-0.1099999999999999,-0.05,-0.9000000000000001,6,6,1
17.78,4.0,5.0800000000000125,-0.3599999999999999,-0.91,0.0,0.0,-0.8700000000000001,-0.1999999999999999,0.38,-0.7,19,10,1
2.539999999999992,2.0,-7.619999999999976,-0.2300000000000004,0.91,0.04,0.01,-0.22,-0.25,0.25,-0.1,15,3,1
-5.079999999999984,0.0,2.539999999999992,-1.0399999999999996,0.02,-0.0799999999999999,0.0,-3.73,0.0399999999999999,0.04,0.2,1,3,0
-15.240000000000007,5.0,0.0,-1.5099999999999998,1.0500000000000005,-0.04,-0.0999999999999999,1.5,0.27,-0.12,0.0,5,0,0
-22.860000000000017,-3.0,-12.700000000000015,0.1599999999999992,0.3099999999999996,0.0199999999999999,-0.01,-0.67,-0.52,-0.36,0.0999999999999999,4,6,0
5.079999999999984,-3.0,7.6200000000000045,0.5300000000000002,-1.2199999999999998,-0.1,-0.0899999999999999,0.0,0.0,-1.0,0.0,0,0,0
-10.159999999999997,-3.0,0.0,-0.3800000000000003,0.4700000000000002,0.06,0.03,1.71,0.0999999999999999,0.0499999999999999,-0.8999999999999999,0,1,1
-5.0800000000000125,4.0,-5.0800000000000125,-0.3199999999999998,-0.0300000000000002,0.0299999999999999,0.0899999999999999,-0.25,-0.72,0.3899999999999999,-3.1,-2,1,0
7.6200000000000045,0.0,0.0,0.1900000000000004,-3.0,0.01,0.08,2.01,0.0399999999999999,0.15,0.4,-2,-3,1
7.6200000000000045,0.0,0.0,0.8,-3.2,-0.0499999999999999,0.0299999999999999,-0.07,0.0899999999999999,0.26,-4.4,-3,1,0
-17.78,0.0,-7.6200000000000045,-0.1699999999999999,-0.5800000000000001,0.0,0.1499999999999999,0.56,-0.69,0.29,-0.9,-2,-7,1
0.0,5.0,0.0,-1.96,-1.0799999999999996,0.01,-0.04,1.34,-0.06,-0.07,0.7,14,5,1
0.0,1.0,-7.6200000000000045,-2.6800000000000006,-0.3800000000000003,-0.0499999999999999,0.0799999999999999,3.24,0.02,0.0999999999999999,-0.6,6,3,0
12.700000000000015,4.0,5.079999999999984,0.33,-0.4499999999999997,0.0899999999999999,0.07,0.8599999999999999,0.18,0.24,0.2,1,5,0
-2.539999999999992,13.0,-2.539999999999992,-2.35,-0.8199999999999994,-0.0199999999999999,0.0499999999999999,0.38,0.36,0.16,0.2,23,22,0
10.159999999999997,3.0,5.079999999999984,-0.0500000000000002,1.0299999999999998,-0.12,0.03,-3.28,0.1399999999999999,-0.35,-2.7,0,3,0
0.0,2.0,2.539999999999992,1.5499999999999998,-0.9700000000000002,0.08,0.2199999999999999,0.84,0.33,0.5,0.8,2,-3,1
-5.079999999999984,-5.0,5.0800000000000125,0.5599999999999996,0.0699999999999998,0.1199999999999999,-0.04,3.59,0.0099999999999999,0.0599999999999999,0.1999999999999999,-7,-4,1
10.159999999999997,8.0,15.23999999999998,-3.72,2.3500000000000005,-0.18,-0.2899999999999999,-1.56,-0.5,-1.0,4.2,4,7,0
-7.619999999999976,7.0,-15.240000000000007,-7.1899999999999995,-4.669999999999999,-0.23,0.04,0.0,0.0,0.82,0.0,8,4,1
-10.159999999999997,-12.0,-5.0800000000000125,3.83,-2.950000000000001,-0.01,0.19,-2.01,0.0899999999999999,0.78,0.0,-3,-6,1
5.0800000000000125,-4.0,7.6200000000000045,-1.13,-0.6400000000000001,0.15,-0.01,-2.54,-0.0999999999999999,0.0299999999999999,0.2,5,-1,1
-2.539999999999992,2.0,-10.159999999999997,-0.0099999999999997,0.48,0.13,0.0399999999999999,1.7300000000000002,-0.12,0.27,-0.1,11,-2,1
5.0800000000000125,-12.0,2.539999999999992,0.0099999999999997,-0.6199999999999997,0.1499999999999999,-0.03,1.23,-0.12,0.35,1.8,1,-7,1
7.6200000000000045,11.0,2.539999999999992,-0.1899999999999995,0.71,-0.07,0.14,-0.59,0.0999999999999999,0.1099999999999999,-0.7000000000000001,5,7,0
0.0,10.0,-10.160000000000023,1.7400000000000002,2.9800000000000004,-0.2199999999999999,0.03,-2.54,-0.0399999999999999,0.13,-1.5,3,1,1
0.0,1.0,-7.6200000000000045,-1.6100000000000003,-0.5600000000000005,0.0999999999999999,-0.0799999999999999,0.31,0.08,0.15,0.3,-4,-5,1
2.539999999999992,7.0,10.159999999999997,-1.0999999999999996,1.5499999999999998,-0.16,0.0799999999999999,-1.06,0.0499999999999999,0.0799999999999999,0.2,-2,1,1
-2.539999999999992,-5.0,5.0800000000000125,-0.33,-0.7299999999999995,-0.0099999999999999,0.0599999999999999,-0.6399999999999999,-0.0699999999999999,0.2,-0.7,-10,-10,1
5.079999999999984,-4.0,0.0,4.140000000000001,2.0699999999999994,0.14,0.04,1.13,-0.17,-0.13,0.2999999999999999,-8,-6,0
7.6200000000000045,0.0,0.0,0.06,0.4099999999999997,-0.06,0.0,-1.13,-0.0399999999999999,-0.05,1.8,-1,-3,1
7.6200000000000045,0.0,0.0,-1.1999999999999995,-1.21,-0.0999999999999999,0.06,2.16,0.47,0.2899999999999999,0.3,9,8,1
-2.539999999999992,-2.0,0.0,2.54,0.9699999999999998,0.08,0.12,-0.27,0.1099999999999999,0.0,-0.2,1,1,0
0.0,-6.0,-2.539999999999992,-0.3099999999999996,1.17,-0.1499999999999999,-0.0799999999999999,0.38,0.1,0.03,0.1,1,2,1
0.0,1.0,7.6200000000000045,-0.6299999999999999,0.29,0.0899999999999999,-0.0399999999999999,0.49,0.26,-0.0999999999999999,0.5,23,14,0
-5.0800000000000125,-1.0,-5.079999999999984,1.3200000000000005,0.7599999999999998,-0.02,0.0999999999999999,-2.11,-0.14,0.02,-0.1,-1,-2,1
-15.240000000000007,9.0,-2.539999999999992,-1.2499999999999996,-0.0699999999999998,-0.1,-0.0499999999999999,3.44,-0.53,-0.07,0.4,5,7,1
-12.700000000000015,-1.0,-7.619999999999976,2.5600000000000005,1.3099999999999998,0.0,-0.01,-2.4000000000000004,0.0,0.2199999999999999,-0.0999999999999998,-7,0,0
-10.159999999999997,4.0,-5.0800000000000125,-3.87,1.2800000000000002,-0.09,-0.03,-1.17,-0.16,-0.39,-0.8,10,6,0
0.0,-6.0,2.5400000000000205,-1.8099999999999996,-3.959999999999999,0.0499999999999999,0.0399999999999999,1.54,0.27,0.0,2.6,-4,-9,1
10.159999999999997,4.0,5.079999999999984,0.5599999999999996,-0.5900000000000003,0.1,-0.1299999999999999,-1.1800000000000002,0.1699999999999999,0.46,0.1999999999999999,-5,-2,1
-2.539999999999992,-12.0,0.0,4.01,1.16,0.09,0.12,-0.8699999999999999,0.08,0.16,-0.6,-1,-4,1
7.6200000000000045,-6.0,-2.539999999999992,-1.4400000000000004,-3.39,0.2499999999999999,0.0099999999999999,1.01,0.26,0.0599999999999999,2.1,6,-3,1
10.159999999999997,-5.0,2.539999999999992,1.36,-0.1699999999999999,0.0799999999999999,0.17,-2.0,0.05,0.38,0.0,9,7,0
0.0,7.0,7.6200000000000045,-0.0700000000000002,0.74,0.0,0.0299999999999999,-1.5,-0.0199999999999999,0.05,0.9,1,3,0
15.240000000000007,-9.0,12.699999999999989,-0.1200000000000001,0.8899999999999997,-0.04,-0.21,-0.3199999999999999,0.18,0.01,0.8999999999999999,-17,-8,1
7.6200000000000045,0.0,7.6200000000000045,2.45,0.1899999999999999,-0.1,0.05,-0.7599999999999999,-0.09,-0.1199999999999999,-1.3,-2,5,0
2.539999999999992,-1.0,2.5400000000000205,0.2200000000000002,0.3199999999999998,0.12,0.03,2.33,0.2699999999999999,0.28,1.1,-2,-8,1
2.5400000000000205,7.0,-2.539999999999992,-0.9699999999999998,-1.5,-0.0799999999999999,0.0699999999999999,2.6799999999999997,-0.24,0.03,-0.0999999999999999,25,16,0
-7.6200000000000045,-1.0,-2.539999999999992,0.4699999999999997,1.2599999999999998,0.01,0.0,-1.61,0.0,-0.13,-0.7,-6,-1,0
-7.6200000000000045,2.0,-2.5400000000000205,0.0300000000000002,0.1200000000000001,0.02,0.01,1.48,-0.02,0.05,1.0,11,6,1
12.700000000000015,1.0,10.159999999999997,2.13,4.05,0.1099999999999999,-0.1499999999999999,-2.69,-0.52,-0.73,8.700000000000001,-4,-4,0
0.0,6.0,0.0,2.12,1.87,-0.01,0.0,-0.8699999999999999,-0.2,0.18,-1.5,1,-2,1
5.0800000000000125,1.0,0.0,1.2799999999999994,0.8900000000000006,0.1099999999999999,-0.07,1.09,0.25,0.43,0.5,-8,-3,1
-12.700000000000015,-3.0,0.0,-1.85,-2.51,0.02,-0.0299999999999999,0.88,-0.8,-0.23,0.6000000000000001,-5,-1,0
-5.079999999999984,-5.0,-7.6200000000000045,-0.7000000000000002,0.5699999999999998,-0.1699999999999999,-0.1099999999999999,0.77,0.1599999999999999,-0.13,0.4,2,3,1
-2.539999999999992,-8.0,-2.539999999999992,1.4500000000000002,0.7400000000000002,0.08,0.01,-0.3999999999999999,0.2499999999999999,0.2099999999999999,0.0999999999999998,6,-2,1
15.240000000000007,-5.0,2.539999999999992,1.9800000000000004,1.04,0.01,-0.0799999999999999,-0.3500000000000001,0.0099999999999999,0.29,-0.6,-3,-7,1
7.6200000000000045,-4.0,10.159999999999997,2.3100000000000005,1.7499999999999998,-0.0999999999999999,-0.2099999999999999,-0.77,-0.03,0.25,1.1,2,0,1
-10.159999999999997,-3.0,2.5400000000000205,7.32,0.69,0.21,0.06,-1.16,-0.2,0.5700000000000001,-0.0999999999999999,1,-2,1
-10.159999999999997,1.0,-2.5400000000000205,-0.7399999999999998,0.98,0.0099999999999999,0.01,0.29,-0.1099999999999999,-0.1899999999999999,-0.3999999999999999,-1,-3,0
-7.6200000000000045,4.0,7.619999999999976,4.77,1.66,0.1999999999999999,0.0999999999999999,-11.01,0.3,0.46,-1.6,-3,1,0
-2.539999999999992,2.0,10.159999999999997,2.28,0.73,0.05,0.08,1.89,-0.2199999999999999,0.06,0.0,-2,2,0
-17.78,9.0,-15.240000000000007,0.8000000000000003,1.38,-0.1499999999999999,-0.02,0.1999999999999999,-0.2,0.06,0.0,-3,-1,0
5.079999999999984,-7.0,2.5400000000000205,1.46,-2.3300000000000005,0.21,0.14,0.45,0.14,-0.2299999999999999,0.0,0,-8,1
2.539999999999992,-1.0,0.0,-2.03,2.07,-0.13,-0.05,1.6,0.41,-0.3199999999999999,0.3,1,-2,1
-10.159999999999997,1.0,-7.6200000000000045,-2.4700000000000006,1.0099999999999998,-0.05,-0.3099999999999999,2.37,1.0,0.09,0.6,6,-1,1
2.5400000000000205,0.0,7.6200000000000045,0.7200000000000002,2.6500000000000004,-0.18,-0.0599999999999999,-4.34,-0.2299999999999999,-0.0899999999999999,0.7,5,7,0
2.5400000000000205,6.0,2.539999999999992,1.5100000000000002,-0.2000000000000001,-0.0899999999999999,0.2499999999999999,-2.87,0.04,0.63,-0.0999999999999999,2,6,0
2.539999999999992,-5.0,-2.539999999999992,0.3099999999999996,1.52,-0.0699999999999999,-0.0999999999999999,0.42,-0.5,-0.0199999999999999,-0.1,20,2,0
15.240000000000007,1.0,-5.0800000000000125,0.4900000000000011,1.8400000000000003,-0.18,-0.1099999999999999,-3.46,-1.0,-0.25,-1.7,4,-1,0
-2.5400000000000205,1.0,-7.6200000000000045,3.36,1.2700000000000005,0.0999999999999999,0.03,1.66,0.39,0.4399999999999999,-0.9,12,7,1
-5.079999999999984,5.0,-5.0800000000000125,-1.99,-1.4100000000000006,-0.12,0.1699999999999999,-2.17,0.03,-0.2699999999999999,-0.6,-2,2,0
5.079999999999984,-4.0,7.6200000000000045,0.4500000000000002,3.37,-0.0599999999999999,-0.12,-3.73,-0.42,-0.08,3.4,5,1,1
2.539999999999992,0.0,10.159999999999997,0.8200000000000003,0.0300000000000002,0.0199999999999999,-0.01,1.38,0.1399999999999999,-0.13,0.8,-1,-3,1
0.0,-1.0,-2.539999999999992,0.1000000000000005,1.1000000000000003,-0.12,-0.03,0.0,-0.05,-0.15,-0.9000000000000001,-3,-1,0
-17.78,1.0,-17.78,2.26,-1.1100000000000003,0.09,0.1099999999999999,2.7700000000000005,0.43,0.14,0.7000000000000001,6,-4,1
-10.159999999999997,-4.0,2.539999999999992,1.8299999999999996,-0.5700000000000003,0.0799999999999999,0.0499999999999999,-0.91,-0.26,0.0,0.0,8,4,1
-5.079999999999984,-4.0,-7.6200000000000045,1.44,1.66,0.02,0.01,0.0499999999999998,-0.1999999999999999,0.0299999999999999,-0.6000000000000001,2,-4,1
-7.6200000000000045,-4.0,0.0,3.68,-0.8600000000000003,0.12,0.1099999999999999,1.14,0.42,0.2199999999999999,0.0,1,-1,1
-10.159999999999997,-8.0,-2.5400000000000205,-1.7999999999999998,1.1399999999999997,-0.0499999999999999,-0.1699999999999999,-0.98,-0.1,-0.17,0.0999999999999999,-9,-3,0
0.0,-7.0,0.0,0.1099999999999998,-1.74,0.14,0.0,6.35,0.3299999999999999,0.2199999999999999,2.2,-7,-9,1
-5.0800000000000125,-13.0,5.079999999999984,0.8399999999999999,1.82,-0.0299999999999999,0.0699999999999999,3.64,0.41,0.4,3.7,-8,-3,0
-2.5400000000000205,-1.0,-10.159999999999997,0.7099999999999995,0.92,0.0399999999999999,-0.03,0.4099999999999999,-0.0999999999999999,0.17,0.7,1,-5,1
-7.6200000000000045,-2.0,-10.159999999999997,-1.0,-3.3800000000000003,0.1599999999999999,0.0599999999999999,1.5500000000000005,0.13,-0.43,0.5,-10,-5,1
-2.539999999999992,-6.0,-5.079999999999984,-0.4400000000000004,0.2599999999999998,0.07,0.08,-1.25,-0.8,0.85,-2.2,1,1,1
-2.539999999999992,-4.0,-2.539999999999992,-0.5399999999999996,-1.38,0.04,-0.0499999999999999,3.86,0.68,0.0,0.8,-4,-6,1
2.539999999999992,15.0,2.5400000000000205,0.6300000000000008,1.2800000000000002,0.02,0.12,-0.3999999999999999,0.01,0.28,-0.7000000000000001,8,10,1
12.699999999999989,-1.0,15.23999999999998,4.82,-4.51,0.4,0.43,3.29,0.17,-0.33,0.5,0,-4,1
0.0,-2.0,-2.5400000000000205,-1.01,-1.77,0.14,0.0699999999999999,-2.29,0.5700000000000001,-0.04,0.0,-9,-5,0
-2.539999999999992,-3.0,10.160000000000023,-3.7,-2.17,0.0399999999999999,0.03,1.39,0.2299999999999999,0.2,0.8,-1,-3,1
2.539999999999992,7.0,-5.0800000000000125,-1.3599999999999994,-0.7199999999999998,-0.0599999999999999,0.12,-1.1700000000000004,-0.01,-0.1099999999999999,-2.6,7,4,0
10.159999999999997,-2.0,2.539999999999992,4.99,2.9400000000000004,0.17,-0.14,0.98,-0.1699999999999999,-0.8,1.4,0,-6,1
5.0800000000000125,4.0,2.539999999999992,0.5699999999999998,-0.8200000000000003,0.06,0.0899999999999999,-1.39,-0.1,0.04,1.4,0,-3,1
-10.160000000000023,14.0,0.0,1.86,1.3,-0.0399999999999999,-0.0099999999999998,-2.02,0.06,0.59,0.0,9,13,0
7.619999999999976,0.0,0.0,-2.22,-0.2999999999999998,-0.1,-0.07,-0.76,0.5,-0.09,1.0,3,3,0
-7.6200000000000045,10.0,-12.700000000000015,2.5,2.3100000000000005,-0.06,-0.05,0.2299999999999999,-0.13,0.0199999999999999,-0.4,5,3,0
2.5400000000000205,5.0,-5.079999999999984,-0.7300000000000004,1.67,-0.01,-0.09,0.16,0.12,0.04,-0.4,4,5,1
-2.5400000000000205,1.0,-7.6200000000000045,2.58,-0.3500000000000005,0.0399999999999999,0.15,-0.1999999999999999,0.1499999999999999,0.13,0.5,9,4,0
5.0800000000000125,-13.0,5.079999999999984,0.1699999999999999,-1.7800000000000002,0.09,-0.02,1.4300000000000002,0.0499999999999999,-0.4,-0.3,-3,-10,1
-2.5400000000000205,-5.0,5.0800000000000125,3.1000000000000005,-1.0,0.2199999999999999,-0.1499999999999999,-1.09,-0.27,-0.16,0.0,-11,-10,1
-10.159999999999997,-8.0,-5.0800000000000125,1.54,-0.0099999999999997,0.0399999999999999,-0.0299999999999999,-0.1999999999999999,-0.3,-0.13,0.3,-11,-8,0
-10.159999999999997,-2.0,0.0,0.2399999999999993,-0.4400000000000004,-0.0899999999999999,-0.01,-1.34,-0.13,-0.2,-0.5,9,4,0
0.0,-1.0,2.539999999999992,-1.510000000000001,-1.9700000000000009,0.1099999999999999,0.01,0.44,0.41,-0.31,0.1,3,-1,1
0.0,2.0,-2.539999999999992,-1.5400000000000005,-0.6800000000000002,-0.03,-0.0699999999999999,2.9300000000000006,-0.01,-0.2299999999999999,1.8,-20,-8,0
10.159999999999997,3.0,-2.539999999999992,-1.87,-1.9,0.0199999999999999,0.0599999999999999,0.2299999999999998,0.26,0.19,0.4000000000000001,2,-1,1
-2.539999999999992,6.0,2.5400000000000205,0.0699999999999998,0.3799999999999999,-0.06,0.03,-0.56,-0.2199999999999999,0.2,-0.1999999999999999,11,0,1
5.0800000000000125,6.0,5.0800000000000125,1.0499999999999998,0.1999999999999999,0.02,0.06,0.0499999999999998,-0.26,0.0799999999999999,0.5,0,0,1
7.619999999999976,1.0,2.5400000000000205,1.46,-39.49,-0.48,0.1099999999999999,3.52,0.36,0.85,1.0,7,4,1
-2.539999999999992,1.0,2.539999999999992,0.3699999999999996,0.3499999999999996,-0.11,-0.07,0.87,0.2,0.25,0.9,-1,2,0
2.5400000000000205,0.0,10.159999999999997,1.92,-2.24,0.2499999999999999,0.05,-1.54,-0.1,-0.03,0.1,4,-3,1
15.23999999999998,6.0,12.700000000000015,-3.51,-3.850000000000001,-0.0899999999999999,-0.09,0.8400000000000001,0.13,-0.26,0.6,-5,1,0
2.539999999999992,-7.0,0.0,-3.1699999999999995,-1.4700000000000002,-0.01,-0.1699999999999999,2.4800000000000004,-0.01,-0.3399999999999999,1.2,-11,-13,0
5.0800000000000125,-11.0,10.159999999999997,0.29,-0.4100000000000001,-0.0799999999999999,-0.04,0.6,0.0299999999999999,0.0,0.7,0,-3,1
-10.159999999999997,4.0,2.539999999999992,1.1499999999999997,0.8599999999999999,0.0799999999999999,0.01,-1.17,-0.1399999999999999,-0.15,0.3,6,3,0
0.0,1.0,-10.159999999999997,0.3999999999999999,0.1300000000000007,-0.0299999999999999,0.0,0.1599999999999999,0.0499999999999999,-0.12,-0.3,5,5,1
-2.539999999999992,-3.0,-7.6200000000000045,-1.4800000000000004,0.4900000000000002,-0.11,0.09,0.3099999999999999,-0.15,0.0399999999999999,0.0,-4,0,0
-10.159999999999997,11.0,-10.159999999999997,-0.6200000000000001,-1.0,0.01,0.0799999999999999,-0.55,-0.36,0.0899999999999999,0.2,1,-2,1
2.539999999999992,7.0,10.160000000000023,0.6700000000000002,0.1500000000000003,0.0799999999999999,0.1,-1.67,0.48,0.2299999999999999,-0.1,5,0,1
-7.619999999999976,5.0,2.539999999999992,1.29,2.6599999999999997,-0.13,-0.1,-2.8899999999999997,-0.43,-0.7,-0.1,-2,2,1
-5.0800000000000125,-1.0,-5.079999999999984,2.8699999999999997,3.37,0.14,-0.08,-0.95,0.21,0.1299999999999999,-1.8,13,6,1
2.539999999999992,-2.0,5.0800000000000125,-1.3499999999999996,-1.3200000000000005,-0.1,-0.1599999999999999,1.0,0.06,-0.02,0.8,-1,3,0
2.539999999999992,-2.0,-5.0800000000000125,1.8100000000000005,1.9,0.0,-0.0999999999999999,-4.99,0.05,-0.01,-0.1,-12,1,0
-2.539999999999992,-3.0,7.6200000000000045,-1.46,-1.89,0.1299999999999999,0.01,2.39,0.1499999999999999,-0.2499999999999999,1.3,-2,-4,1
7.6200000000000045,-2.0,7.619999999999976,1.2099999999999995,-1.3000000000000005,0.0199999999999999,0.07,-1.17,0.0999999999999999,-0.0399999999999999,-0.4999999999999999,-1,-9,1
25.40000000000001,2.0,7.619999999999976,1.1599999999999997,-0.8700000000000001,0.02,-0.02,-0.4199999999999999,-0.0699999999999999,0.1399999999999999,-0.3,1,-1,1
7.6200000000000045,0.0,0.0,-2.3499999999999996,-0.5699999999999994,-0.1099999999999999,0.0,2.93,0.5,0.24,0.0999999999999999,1,-1,0
2.539999999999992,11.0,5.0800000000000125,1.7999999999999998,-2.61,0.08,0.1499999999999999,0.91,-0.5800000000000001,-0.01,0.2,17,7,1
2.539999999999992,-1.0,-7.6200000000000045,2.09,-0.0199999999999995,0.01,0.07,4.51,-0.08,-0.73,-0.6000000000000001,-3,-2,0
2.539999999999992,-1.0,-2.539999999999992,-2.6199999999999997,-0.8700000000000001,-0.07,0.02,0.18,-0.15,-0.67,-0.6,-2,-7,1
10.159999999999997,-2.0,-2.539999999999992,-0.6300000000000008,0.9500000000000002,0.03,-0.02,-0.33,0.02,0.3099999999999999,-0.2,9,2,1
0.0,-10.0,-5.0800000000000125,1.12,0.6300000000000003,0.27,0.0399999999999999,-3.0,-0.54,-0.6,0.8,1,1,0
20.32000000000002,4.0,10.159999999999997,-2.5,-1.0799999999999996,-0.04,-0.16,0.64,0.22,-0.1599999999999999,0.3999999999999999,8,9,0
-17.78,-15.0,-2.5400000000000205,-0.93,-7.33,0.0999999999999999,0.05,-0.1200000000000001,-0.1699999999999999,0.0,1.8,-6,-3,1
15.240000000000007,-10.0,7.619999999999976,2.8800000000000003,2.109999999999999,-0.01,0.05,-2.71,-0.0399999999999999,0.4199999999999999,-0.2,-5,-10,1
12.699999999999989,-5.0,5.079999999999984,3.0200000000000005,0.6900000000000004,-0.02,0.01,-1.15,-0.2,0.27,0.1,1,0,0
-5.0800000000000125,-1.0,-2.5400000000000205,1.6499999999999997,0.6999999999999997,0.0,0.0999999999999999,2.81,-0.1399999999999999,0.44,1.1,5,-1,1
-2.539999999999992,2.0,-10.159999999999997,1.73,1.4699999999999998,0.11,0.13,-0.42,0.25,0.56,-1.4,1,-2,1
-7.6200000000000045,-5.0,-5.0800000000000125,0.1600000000000001,-1.2400000000000002,0.08,0.0899999999999999,0.1699999999999999,0.09,-0.05,-0.1,1,-2,1
2.539999999999992,9.0,-2.539999999999992,-6.989999999999999,5.49,-0.15,-0.1999999999999999,0.0,0.0,-1.0,0.0,5,2,0
-10.159999999999997,-3.0,7.6200000000000045,2.63,-3.5999999999999996,0.1,0.33,0.8399999999999999,0.42,0.84,0.0,1,-2,1
10.159999999999997,1.0,7.6200000000000045,-1.98,-1.2200000000000002,0.07,-0.0599999999999999,-0.7999999999999999,-0.5,0.0,-0.1,-4,-3,0
-12.699999999999989,-4.0,-12.699999999999989,-1.1399999999999997,2.05,-0.0799999999999999,-0.11,-0.49,-0.63,-0.16,-0.2,-22,-3,0
-5.0800000000000125,7.0,-5.0800000000000125,0.5899999999999999,-0.5600000000000005,0.2,0.1899999999999999,0.65,0.37,0.61,-0.0999999999999999,11,5,1
-15.23999999999998,-6.0,-15.240000000000007,-0.3900000000000005,2.1699999999999995,0.07,-0.01,0.0,0.0,0.5,0.0,-5,0,1
2.539999999999992,5.0,-2.539999999999992,1.18,-0.0899999999999998,0.0599999999999999,0.07,-5.79,-0.21,0.3399999999999999,0.8,2,2,1
-2.539999999999992,3.0,0.0,3.8,-0.3000000000000002,0.1599999999999999,0.01,-0.95,0.25,-0.02,0.0999999999999999,-5,-4,1
-2.539999999999992,-1.0,0.0,-0.2400000000000002,-0.8800000000000003,0.0799999999999999,0.0699999999999999,-0.6600000000000001,0.3099999999999999,-0.25,-0.6,-3,-3,0
15.240000000000007,-9.0,10.159999999999997,-1.0599999999999996,0.3399999999999998,-0.0299999999999999,-0.14,2.42,0.34,-0.0999999999999999,0.1,-1,-2,1
5.079999999999984,0.0,2.5400000000000205,-0.9899999999999992,-2.45,0.0399999999999999,0.0899999999999999,-0.19,-0.13,-0.2199999999999999,0.0,9,2,1
10.159999999999997,2.0,5.0800000000000125,-0.1699999999999999,-0.8599999999999999,0.03,-0.06,-0.76,-0.16,-0.27,0.0,-6,0,0
2.539999999999992,-4.0,-7.6200000000000045,1.6700000000000004,-1.42,-0.1099999999999999,0.13,-4.17,-0.22,0.64,-2.4,-4,2,0
12.699999999999989,-3.0,7.6200000000000045,0.1300000000000007,-0.92,-0.1099999999999999,0.03,1.51,0.66,1.0,0.8,0,-2,1
7.6200000000000045,4.0,2.539999999999992,1.95,-1.6,0.1099999999999999,0.14,-3.979999999999999,-0.43,-0.1999999999999999,0.0,-4,-2,1
0.0,3.0,5.0800000000000125,2.36,-0.1999999999999997,-0.0199999999999999,0.0599999999999999,-0.0199999999999997,-0.0099999999999999,0.32,-0.5,-2,-5,1
7.619999999999976,-1.0,5.0800000000000125,3.23,0.79,0.14,-0.13,3.12,-0.07,0.1299999999999999,0.1999999999999999,-5,-5,1
-2.539999999999992,3.0,-2.539999999999992,2.1599999999999997,-1.8899999999999997,0.1399999999999999,0.15,0.57,0.33,0.14,0.1,4,4,1
10.159999999999997,-3.0,7.6200000000000045,0.3500000000000001,-2.7299999999999995,0.08,0.35,1.06,0.6,0.81,0.7,1,0,1
2.539999999999992,1.0,0.0,4.41,-4.41,0.32,0.32,0.0,0.0,0.0,0.0,8,5,1
12.699999999999989,4.0,0.0,0.71,-3.2299999999999995,0.1,0.13,-1.63,0.22,0.77,0.4,11,3,1
-10.159999999999997,3.0,-10.159999999999997,0.0300000000000002,-2.8000000000000007,-0.0199999999999999,0.08,2.05,0.42,0.5700000000000001,0.2,-3,-2,1
-7.6200000000000045,6.0,-2.539999999999992,-2.04,-2.16,-0.01,0.0699999999999999,-1.0,-0.33,-0.27,-0.3,-6,-4,1
10.159999999999997,-2.0,7.6200000000000045,-1.010000000000001,-0.31,-0.04,0.0899999999999999,3.11,0.1599999999999999,0.1999999999999999,-0.2,4,-3,1
5.079999999999984,14.0,0.0,-3.850000000000001,4.800000000000001,-0.2599999999999999,-0.3899999999999999,0.0,0.0,-0.4,0.0,0,5,0
-7.6200000000000045,-5.0,10.159999999999997,3.24,0.2300000000000004,0.06,0.0699999999999999,-0.4299999999999999,0.09,0.12,-0.3,8,-1,1
-7.6200000000000045,3.0,-2.5400000000000205,-0.2099999999999999,0.5599999999999996,0.0799999999999999,0.01,-0.8,-0.0899999999999999,0.01,-0.9,16,10,1
2.5400000000000205,0.0,5.079999999999984,-0.08,0.5099999999999998,-0.07,-0.01,-0.33,-0.35,0.0499999999999999,-0.4999999999999999,-6,-11,1
2.539999999999992,-2.0,0.0,1.4899999999999998,-2.41,0.2,0.19,3.4400000000000004,0.4,0.5,1.0,-1,-5,1
-5.0800000000000125,-6.0,-5.079999999999984,2.19,0.6799999999999997,0.04,0.04,0.8599999999999999,-0.4,-0.03,0.0999999999999998,-7,-2,1
0.0,-11.0,7.6200000000000045,-4.74,-4.46,-0.0999999999999999,-0.01,-1.35,-0.26,0.15,-0.5,-9,-7,1
0.0,1.0,0.0,1.0499999999999998,0.5599999999999996,-0.01,-0.0499999999999999,-0.64,-0.5,0.18,-0.6,3,-3,1
-2.5400000000000205,-1.0,2.5400000000000205,-4.0,0.0099999999999997,0.01,-0.1299999999999999,1.51,0.13,0.02,0.0,0,1,0
15.23999999999998,6.0,7.6200000000000045,-1.0199999999999996,-1.0699999999999998,0.0999999999999999,-0.0799999999999999,-0.75,-0.44,0.19,0.3,3,3,0
-7.6200000000000045,7.0,2.539999999999992,-4.339999999999999,-0.4500000000000002,-0.09,-0.02,0.34,0.5,0.61,0.0,6,5,1
2.539999999999992,2.0,-5.079999999999984,5.57,-0.8200000000000003,-0.0399999999999999,0.13,4.04,0.4,0.5,0.0,3,-1,1
0.0,-4.0,0.0,-2.12,-0.0499999999999998,-0.06,-0.3299999999999999,4.39,0.35,-0.66,0.8,6,1,0
2.5400000000000205,2.0,2.539999999999992,0.04,-0.3399999999999998,-0.08,-0.16,0.87,0.54,0.4099999999999999,-0.3,-3,1,1
-2.539999999999992,5.0,-10.159999999999997,-2.8999999999999995,-1.11,-0.0899999999999999,-0.04,1.62,-0.18,-0.1699999999999999,0.5,5,3,0
-5.079999999999984,-2.0,0.0,2.51,-0.77,-0.03,0.09,1.31,-0.21,0.09,-0.2999999999999999,10,0,1
15.23999999999998,10.0,0.0,-2.7999999999999994,-1.0700000000000005,-0.09,-0.01,1.62,-0.35,-0.1499999999999999,0.3,15,12,0
7.6200000000000045,-1.0,2.5400000000000205,-1.41,0.0999999999999996,-0.01,-0.05,0.0899999999999998,-0.07,0.0,-0.1999999999999999,0,4,0
12.700000000000015,-6.0,5.0800000000000125,-1.010000000000001,-0.75,0.06,-0.06,0.02,0.21,-0.12,0.4,3,0,1
10.159999999999997,3.0,2.5400000000000205,-0.3999999999999999,0.1200000000000001,0.0,-0.05,2.8200000000000003,0.1699999999999999,-0.16,0.8,-5,-3,0
-5.0800000000000125,-3.0,5.0800000000000125,1.58,-0.8500000000000005,0.14,0.15,2.46,0.45,0.27,0.5,5,-4,1
-2.539999999999992,5.0,2.539999999999992,0.54,0.7000000000000002,-0.03,-0.08,-0.8400000000000001,-0.16,-0.1699999999999999,0.9,5,1,1
-17.78,-4.0,-10.160000000000023,0.71,0.9000000000000004,0.06,-0.0899999999999999,0.2199999999999999,-0.01,-0.16,-0.2,-5,-7,1
-10.160000000000023,-4.0,-2.539999999999992,0.4299999999999997,-0.3400000000000003,0.06,-0.02,2.3100000000000005,0.16,0.3699999999999999,0.8999999999999999,-26,-14,1
10.159999999999997,8.0,5.079999999999984,0.1600000000000001,1.6599999999999997,0.02,-0.03,1.35,0.2999999999999999,-0.36,0.6,-4,4,0
0.0,-2.0,-5.0800000000000125,-1.0499999999999998,-1.5199999999999996,0.0199999999999999,-0.01,1.7500000000000002,0.36,-0.42,3.4999999999999996,6,-2,1
12.699999999999989,-7.0,7.6200000000000045,1.69,1.9400000000000004,0.05,-0.0799999999999999,-0.91,0.25,0.0699999999999999,0.0999999999999999,-10,-7,1
-7.619999999999976,8.0,0.0,-0.75,0.4699999999999997,0.0,0.0299999999999999,1.09,0.52,-0.04,0.4,16,9,1
0.0,0.0,-5.0800000000000125,-2.21,-0.4599999999999999,-0.1099999999999999,-0.05,0.0,0.0,-0.42,0.1,2,-2,1
2.5400000000000205,9.0,5.079999999999984,-0.3399999999999998,-0.5800000000000001,0.01,-0.14,-1.5100000000000002,-0.33,-0.28,1.5,-2,2,0
-2.5400000000000205,3.0,2.539999999999992,-1.2800000000000002,1.1999999999999993,-0.06,-0.08,0.91,0.18,0.01,0.3,1,-1,1
-10.159999999999997,-5.0,5.079999999999984,0.2800000000000002,-0.9900000000000002,-0.0399999999999999,-0.03,-0.42,-0.15,-0.36,1.2999999999999998,-2,-6,1
-5.079999999999984,-6.0,-7.6200000000000045,-3.55,0.5,-0.12,-0.3099999999999999,0.7100000000000001,-0.08,-0.75,1.4999999999999998,0,5,0
7.619999999999976,-5.0,0.0,-1.29,-4.7700000000000005,0.07,0.02,2.54,0.06,0.1799999999999999,1.0,4,0,1
2.539999999999992,-2.0,5.079999999999984,0.7800000000000002,1.5400000000000005,-0.2499999999999999,0.14,-2.7699999999999996,0.03,0.0,-0.8,1,1,0
5.079999999999984,2.0,0.0,-0.6200000000000001,-0.8200000000000003,-0.04,-0.13,0.72,0.08,-0.54,-0.0999999999999999,2,6,0
17.78,-3.0,7.6200000000000045,2.54,-3.11,0.25,0.25,-0.5699999999999998,-0.6,-0.33,4.6000000000000005,-2,-3,1
2.539999999999992,1.0,-5.079999999999984,1.4800000000000004,2.36,-0.13,-0.07,1.7199999999999998,-0.13,0.3,0.2,-2,-2,1
-2.5400000000000205,4.0,2.5400000000000205,-2.9,1.11,-0.1,-0.32,0.2299999999999999,-0.06,-0.66,1.8,-3,2,0
-2.539999999999992,-5.0,7.6200000000000045,-0.2000000000000001,-0.25,-0.01,0.0199999999999999,0.4700000000000001,-0.0199999999999999,0.18,0.0,-3,-4,1
-10.159999999999997,-1.0,-10.159999999999997,2.4000000000000004,3.98,-0.13,0.03,-3.75,-0.0699999999999999,-0.28,-0.5,14,12,0
-17.78,4.0,-5.0800000000000125,0.4000000000000003,-0.8300000000000001,0.0199999999999999,0.0699999999999999,-0.24,-0.2,-0.2,-0.2,7,3,1
15.240000000000007,-8.0,12.700000000000015,-1.82,0.7300000000000004,0.09,-0.1999999999999999,-3.13,-0.44,-0.11,3.8,10,3,1
2.539999999999992,4.0,2.5400000000000205,-0.0300000000000002,-1.5099999999999998,-0.0499999999999999,0.0399999999999999,-0.46,-0.22,0.13,0.0,15,7,1
7.6200000000000045,-3.0,20.319999999999993,3.01,0.6200000000000001,-0.09,0.0399999999999999,-1.77,-0.47,0.02,0.4,-7,1,0
12.699999999999989,-8.0,2.539999999999992,0.5,-1.41,-0.06,0.0,0.55,0.14,-0.0999999999999999,-0.0999999999999999,-6,-3,1
-5.079999999999984,1.0,-7.6200000000000045,-0.52,-1.13,-0.06,-0.05,1.0300000000000002,0.15,0.25,0.0,-7,-1,0
-2.539999999999992,0.0,-2.539999999999992,4.34,2.1100000000000003,0.16,-0.07,-1.2,-0.11,0.2099999999999999,-0.5,-4,0,1
-7.6200000000000045,5.0,0.0,-0.2599999999999998,-0.31,0.07,-0.0899999999999999,4.52,0.25,0.31,-1.9,6,3,1
20.319999999999993,5.0,12.700000000000015,2.1000000000000005,-0.9299999999999996,0.03,0.1799999999999999,-0.2199999999999999,0.32,0.1099999999999999,0.2,0,-3,1
20.319999999999993,2.0,7.6200000000000045,0.4399999999999999,3.0200000000000005,-0.2099999999999999,-0.09,-5.85,-0.2999999999999999,0.64,-1.1,-7,5,0
5.079999999999984,0.0,-5.0800000000000125,-1.8999999999999997,-3.1399999999999997,-0.0899999999999999,0.0,1.2000000000000002,0.1099999999999999,-0.12,1.4,5,4,0
-2.539999999999992,5.0,-5.079999999999984,-1.59,-0.7399999999999998,-0.12,0.03,0.9000000000000001,-0.5,-0.0199999999999999,-0.1,20,8,0
10.159999999999997,1.0,5.0800000000000125,-1.27,-0.4199999999999999,-0.0699999999999999,-0.1099999999999999,-0.8699999999999999,-0.19,-0.0599999999999999,-0.5,5,2,1
12.699999999999989,3.0,2.539999999999992,-1.1999999999999993,0.6699999999999999,-0.07,-0.0699999999999999,-0.8099999999999999,-0.02,-0.0699999999999999,0.6000000000000001,-5,-5,0
-15.240000000000007,5.0,-5.0800000000000125,-2.37,-1.49,-0.0899999999999999,0.04,2.48,0.12,0.0599999999999999,0.4,-7,-4,0
-5.0800000000000125,-5.0,2.539999999999992,1.6,3.03,-0.15,0.01,3.56,0.2099999999999999,0.29,3.5,-1,-5,1
-5.0800000000000125,5.0,-2.5400000000000205,-0.2000000000000001,-1.4299999999999995,0.1499999999999999,0.03,-0.38,-0.11,-0.26,0.2,-2,-1,1
-5.0800000000000125,1.0,-2.539999999999992,1.0700000000000005,-0.8000000000000007,0.03,0.3,-0.14,0.0,0.2099999999999999,0.0,1,-2,1
5.079999999999984,0.0,5.0800000000000125,0.3599999999999999,-2.6,-0.09,0.1699999999999999,0.96,0.2,0.02,0.6,7,0,1
10.159999999999997,1.0,0.0,-1.86,1.0299999999999998,-0.1699999999999999,-0.0399999999999999,0.62,-0.43,-0.01,0.4,2,5,0
0.0,-9.0,-10.159999999999997,0.04,-4.43,0.0299999999999999,0.1599999999999999,2.3400000000000003,0.13,-0.25,0.4,3,-1,1
0.0,-8.0,5.0800000000000125,4.119999999999999,-0.5800000000000001,0.18,0.1099999999999999,2.03,0.6699999999999999,0.2099999999999999,1.6,-11,-5,1
-10.159999999999997,3.0,-7.6200000000000045,3.3,0.4000000000000003,0.0999999999999999,0.1699999999999999,0.89,0.1099999999999999,-0.11,-1.1,3,-3,0
-12.700000000000015,-3.0,-12.700000000000015,2.06,0.1099999999999994,0.13,0.05,-0.4200000000000001,0.01,0.01,0.2,-3,-5,1
-5.0800000000000125,2.0,5.0800000000000125,0.4499999999999999,0.8699999999999999,-0.0399999999999999,-0.09,-2.4700000000000006,-0.28,0.02,0.4000000000000001,-7,1,1
5.0800000000000125,8.0,0.0,-0.0100000000000002,1.43,-0.07,-0.2,-0.6100000000000001,-0.13,-0.1,-0.2,-3,1,0
0.0,3.0,-2.5400000000000205,0.4499999999999997,-0.8400000000000003,0.08,0.0,1.29,0.46,-0.21,0.6000000000000001,2,-3,1
0.0,7.0,2.539999999999992,-0.9800000000000004,-0.1800000000000001,-0.08,-0.1099999999999999,0.93,-0.09,-0.28,0.2,0,7,0
12.700000000000015,4.0,10.159999999999997,-1.4700000000000002,-1.1599999999999997,-0.0499999999999999,-0.0999999999999999,0.24,0.09,-0.09,0.2,9,5,0
-10.160000000000023,0.0,-12.699999999999989,-1.11,-0.73,-0.06,0.02,3.29,0.43,0.55,-1.3,-3,4,0
5.079999999999984,0.0,2.539999999999992,1.1800000000000002,-0.2299999999999999,0.07,0.0899999999999999,-0.7999999999999998,-0.07,-0.27,0.3,-2,-4,1
7.6200000000000045,0.0,5.0800000000000125,-1.1399999999999997,-2.02,-0.0499999999999999,0.1699999999999999,2.9,0.44,0.27,-0.0999999999999999,8,-4,1
5.0800000000000125,0.0,2.539999999999992,-1.7000000000000002,0.25,-0.08,-0.02,1.05,0.1099999999999999,0.26,0.5,-3,-5,1
7.6200000000000045,2.0,2.5400000000000205,1.7999999999999998,-1.6999999999999995,0.04,-0.0999999999999999,2.93,-0.12,-0.1699999999999999,0.0,4,1,1
0.0,0.0,-2.539999999999992,0.6600000000000001,-0.1899999999999999,-0.25,-0.14,-1.59,-0.62,-0.2,0.0,-4,-3,0
5.0800000000000125,-5.0,2.5400000000000205,-1.44,-3.3200000000000003,-0.12,-0.08,-2.3000000000000003,0.02,-0.36,1.0,0,-3,1
2.539999999999992,-5.0,0.0,4.61,-1.260000000000001,0.28,0.27,-2.79,0.01,0.1999999999999999,0.2,9,-2,1
5.0800000000000125,13.0,-5.0800000000000125,1.1500000000000004,-0.7000000000000002,0.1,-0.04,0.0,0.0,0.75,-0.4,1,0,0
5.0800000000000125,2.0,2.539999999999992,-1.54,-0.29,-0.0999999999999999,0.0599999999999999,0.1399999999999999,-0.21,0.09,-0.5000000000000001,-1,-1,0
-2.539999999999992,0.0,-2.539999999999992,-0.04,-1.1,0.0399999999999999,0.17,0.0799999999999998,0.04,0.3899999999999999,0.0,4,0,1
-10.159999999999997,0.0,0.0,0.4800000000000004,3.21,-0.04,0.0399999999999999,-1.81,0.26,-0.0999999999999999,-0.7,-6,-5,1
5.079999999999984,-3.0,-2.539999999999992,-1.54,0.1899999999999999,-0.1499999999999999,-0.1399999999999999,1.99,0.44,-0.03,0.2,4,2,0
2.5400000000000205,-6.0,2.539999999999992,-1.8799999999999992,-2.3899999999999997,0.07,-0.0999999999999999,2.45,0.41,0.0,0.0,2,-5,1
-2.539999999999992,2.0,0.0,-0.4300000000000001,1.87,-0.09,-0.02,-2.06,0.39,0.33,-0.5,-11,-4,0
0.0,-6.0,2.5400000000000205,0.6699999999999999,-2.16,0.18,0.0899999999999999,-0.8,-0.22,-0.0799999999999999,0.0,-2,-1,1
-5.0800000000000125,11.0,0.0,1.0700000000000005,-0.2600000000000007,0.1,0.0999999999999999,-2.0,-0.22,0.2099999999999999,-0.5,4,13,0
7.6200000000000045,0.0,5.079999999999984,2.17,2.8800000000000003,0.1099999999999999,-0.0599999999999999,3.0,0.4,0.5,0.0,-10,-5,1
2.5400000000000205,7.0,7.6200000000000045,1.0700000000000005,3.41,-0.21,-0.0399999999999999,-3.939999999999999,-0.28,-0.25,0.0,-3,4,0
0.0,4.0,-12.700000000000015,1.5099999999999998,-0.5500000000000003,0.1,0.0599999999999999,1.09,0.0999999999999999,0.12,-0.4999999999999999,10,-1,1
7.6200000000000045,-3.0,5.0800000000000125,-0.4500000000000002,-0.27,-0.0499999999999999,0.0899999999999999,-0.4600000000000002,-0.0199999999999999,-0.04,-0.5,-6,3,0
-7.6200000000000045,3.0,-2.539999999999992,-1.92,-1.3199999999999994,-0.08,0.0399999999999999,-2.19,-0.13,0.4199999999999999,-0.8,5,5,0
5.0800000000000125,-6.0,7.6200000000000045,0.9399999999999996,-0.1299999999999999,0.0,-0.1,0.0899999999999999,0.21,-0.05,0.7999999999999999,-9,-5,0
5.079999999999984,-2.0,12.699999999999989,1.1599999999999997,-4.38,0.27,0.39,9.12,-0.5,-0.5,13.8,-2,-2,1
-5.079999999999984,8.0,-2.539999999999992,-1.61,-0.9299999999999996,0.0499999999999999,0.1099999999999999,-0.0499999999999999,0.44,0.01,-0.7,15,9,1
-2.539999999999992,-4.0,0.0,0.8199999999999998,-2.9499999999999997,0.2299999999999999,0.0399999999999999,2.12,0.41,0.3,0.7,4,-5,1
2.539999999999992,1.0,2.5400000000000205,1.4500000000000002,1.46,-0.0999999999999999,0.06,-1.13,-0.33,0.53,-0.8,3,-2,0
-5.079999999999984,-8.0,5.0800000000000125,-0.2399999999999997,-0.4699999999999997,-0.0299999999999999,-0.0499999999999999,4.17,0.2399999999999999,-0.15,1.7,-3,1,0
7.6200000000000045,-9.0,-2.539999999999992,-2.87,-0.8099999999999996,-0.1,-0.09,3.69,0.48,0.13,0.8,-6,-7,1
-17.78,-11.0,-5.0800000000000125,3.1100000000000003,-4.67,0.12,0.1,-2.78,-0.2199999999999999,0.47,0.7,-5,-2,1
10.159999999999997,6.0,5.079999999999984,4.47,6.279999999999999,-0.1099999999999999,-0.0399999999999999,-1.9,-0.33,0.6,-1.4,3,7,0
15.240000000000007,2.0,0.0,-2.94,2.47,-0.02,-0.12,0.55,-0.4,-0.13,0.7,0,5,0
-5.0800000000000125,0.0,-2.5400000000000205,2.18,-1.0300000000000002,-0.01,0.0799999999999999,0.24,0.14,-0.2299999999999999,0.2,3,0,1
5.0800000000000125,3.0,0.0,0.3899999999999997,0.1699999999999999,-0.09,0.1599999999999999,-2.68,-0.0799999999999999,0.2999999999999999,-1.5,4,1,0
-7.6200000000000045,14.0,-2.539999999999992,-1.3600000000000003,0.2099999999999999,0.0299999999999999,0.0499999999999999,0.2099999999999999,0.0,-0.2299999999999999,0.3,4,10,0
-5.079999999999984,3.0,2.539999999999992,0.2899999999999996,1.1000000000000003,-0.0799999999999999,-0.02,-0.5399999999999999,0.3400000000000001,0.16,0.1,9,6,1
-5.079999999999984,0.0,-7.6200000000000045,-0.79,-2.3200000000000003,0.0299999999999999,0.34,-3.649999999999999,-0.0899999999999999,0.1200000000000001,-1.5,6,2,0
-10.159999999999997,1.0,-17.78,0.3200000000000003,1.83,-0.16,0.0799999999999999,-10.44,-0.84,0.66,0.0,-22,-7,0
7.6200000000000045,-1.0,-7.6200000000000045,-0.1699999999999999,1.44,-0.14,-0.02,-1.0699999999999998,-0.03,-0.25,0.5,-3,7,0
-2.539999999999992,-6.0,-12.699999999999989,1.21,-4.0,0.1699999999999999,0.1899999999999999,3.4,0.75,0.5,-3.4000000000000004,0,-6,1
2.539999999999992,5.0,2.539999999999992,-2.1799999999999997,-1.7500000000000004,0.0,0.01,-0.1099999999999998,0.08,-0.26,0.1,-3,2,0
0.0,6.0,2.539999999999992,-0.0199999999999995,-0.5199999999999996,-0.01,0.01,-0.2400000000000001,-0.02,-0.0999999999999999,0.0,-4,1,0
2.5400000000000205,-1.0,5.0800000000000125,-3.16,-0.8999999999999999,-0.14,0.03,1.62,-0.0899999999999999,-0.0999999999999999,1.4,-4,-3,0
5.0800000000000125,-4.0,7.6200000000000045,0.8099999999999996,-2.0,0.12,-0.03,3.63,0.14,-0.41,0.8,-2,-4,1
2.5400000000000205,12.0,-2.5400000000000205,-0.3600000000000003,1.2600000000000002,-0.1,-0.04,-1.0099999999999998,-0.19,-0.46,-1.2,4,4,0
2.539999999999992,5.0,-5.079999999999984,-0.0700000000000002,0.5,-0.13,0.0699999999999999,0.6299999999999999,0.08,0.3199999999999999,0.6,-2,3,0
10.159999999999997,2.0,5.0800000000000125,0.92,-0.5499999999999998,-0.09,0.07,-3.47,-0.28,-0.21,-0.8999999999999999,1,0,1
2.539999999999992,-6.0,5.0800000000000125,-0.5599999999999996,-1.73,0.03,0.03,0.27,0.1999999999999999,-0.15,1.7,0,-5,1
0.0,3.0,0.0,-0.4699999999999997,-1.9000000000000004,-0.06,-0.02,1.3199999999999998,0.0,-0.0499999999999999,-0.1,19,8,1
15.240000000000007,6.0,7.6200000000000045,1.14,-0.8399999999999999,-0.0499999999999999,0.09,-0.77,0.19,0.32,-0.3,0,-3,1
-7.6200000000000045,-2.0,-10.159999999999997,2.379999999999999,-2.7200000000000006,0.11,0.18,-2.5700000000000003,0.15,0.1099999999999999,1.6,0,-4,1
-5.0800000000000125,1.0,-10.159999999999997,1.8000000000000005,1.7400000000000002,-0.09,0.0299999999999999,0.8600000000000003,-0.02,0.2799999999999999,-0.8,-4,-6,1
2.539999999999992,13.0,-2.539999999999992,-3.84,0.0900000000000007,-0.1,-0.0799999999999999,0.1600000000000001,-0.2299999999999999,-0.03,0.2,4,8,0
2.5400000000000205,-2.0,5.079999999999984,0.4199999999999999,0.4199999999999999,0.03,-0.08,-1.4600000000000002,0.12,-0.49,-0.6,-6,-5,0
15.240000000000007,4.0,7.6200000000000045,0.6699999999999999,0.7200000000000002,-0.13,-0.02,-0.6000000000000001,-0.2899999999999999,0.15,0.2,8,4,0
-17.78,1.0,-5.0800000000000125,-0.0799999999999998,0.5,0.06,-0.13,1.92,0.02,0.3299999999999999,0.7000000000000001,1,4,0
-7.6200000000000045,-10.0,2.539999999999992,-0.1200000000000001,0.1100000000000003,-0.07,-0.0299999999999999,1.22,0.03,0.0599999999999999,0.5,2,1,0
7.6200000000000045,-8.0,-2.539999999999992,0.2400000000000002,-2.5999999999999996,0.07,0.0,2.9499999999999997,-0.24,0.1099999999999999,-0.7,8,-2,1
-20.319999999999993,5.0,2.539999999999992,-0.2699999999999996,-0.92,-0.0999999999999999,0.06,-0.23,0.19,-0.19,0.0,-1,2,1
-2.539999999999992,0.0,-7.6200000000000045,-3.03,-3.78,0.12,0.0399999999999999,3.73,0.42,0.0999999999999999,1.9,4,2,1
7.619999999999976,-2.0,2.5400000000000205,5.0600000000000005,-1.6300000000000003,0.2499999999999999,0.05,3.26,0.66,0.06,1.6,1,-3,1
10.159999999999997,0.0,0.0,0.6700000000000004,0.4900000000000002,-0.08,-0.0999999999999999,-0.1599999999999999,-0.1,-0.13,0.1,4,-1,1
2.539999999999992,5.0,7.6200000000000045,-2.05,1.5900000000000003,0.0399999999999999,-0.16,1.48,0.1,-0.9,5.4,4,3,0
7.619999999999976,9.0,2.539999999999992,-0.8400000000000003,-1.2199999999999998,0.0799999999999999,0.0,0.5,0.1999999999999999,-0.1599999999999999,0.8,1,5,1
-5.079999999999984,-1.0,5.0800000000000125,0.3600000000000003,-0.6200000000000001,-0.0399999999999999,-0.1,-2.88,-0.4299999999999999,0.03,0.3,-5,-2,1
12.700000000000015,-8.0,7.6200000000000045,1.39,-0.8400000000000001,0.06,-0.0099999999999999,1.81,0.27,0.2199999999999999,0.7,-1,-2,1
-5.0800000000000125,6.0,-2.539999999999992,1.1800000000000002,-1.14,0.21,0.0799999999999999,0.38,0.07,0.29,0.0,-8,-3,0
2.539999999999992,-1.0,-2.539999999999992,-0.6900000000000004,-3.71,0.1099999999999999,0.0,2.57,0.04,0.0599999999999999,0.4999999999999999,8,-2,1
5.0800000000000125,0.0,0.0,-0.2399999999999997,0.54,0.05,-0.0599999999999999,0.4199999999999999,0.06,-0.25,1.8000000000000005,12,3,1
-10.160000000000023,-3.0,0.0,-0.4699999999999997,-1.7999999999999998,-0.08,0.04,-0.3900000000000001,0.2699999999999999,-0.3399999999999999,1.0,1,-2,1
-2.539999999999992,-3.0,-5.079999999999984,-2.38,-2.06,-0.01,0.0199999999999999,-0.01,-0.1499999999999999,-0.28,-0.8,1,2,1
-2.539999999999992,-2.0,0.0,2.78,1.5,0.0,0.02,-1.57,-0.01,-0.12,0.0,0,-1,1
-7.6200000000000045,-9.0,-10.159999999999997,-0.1500000000000003,-1.4300000000000002,0.0199999999999999,0.0799999999999999,0.33,0.09,-0.4,0.0,5,2,0
-2.539999999999992,6.0,2.539999999999992,-1.8799999999999992,-2.4200000000000004,-0.07,0.24,-1.25,-0.3,0.21,0.0,-14,-8,1
7.6200000000000045,-1.0,7.6200000000000045,-0.3500000000000001,0.4099999999999992,-0.0399999999999999,-0.01,0.8399999999999999,0.13,0.02,0.0999999999999999,7,3,1
0.0,3.0,-7.6200000000000045,-1.0900000000000003,-0.3500000000000001,-0.0499999999999999,0.0399999999999999,-1.11,0.0,-0.07,-0.6000000000000001,8,5,0
-2.539999999999992,0.0,2.5400000000000205,1.5099999999999998,0.79,0.0399999999999999,0.07,-0.0399999999999999,0.18,0.18,0.0,2,2,1
2.539999999999992,1.0,-2.539999999999992,1.7700000000000005,0.1700000000000003,0.0,0.02,-1.08,0.0,0.48,-0.7,7,10,0
10.159999999999997,-3.0,7.6200000000000045,1.0700000000000005,-0.25,0.01,0.1699999999999999,-1.15,0.43,0.16,-1.0,-7,-1,1
-5.079999999999984,9.0,-5.0800000000000125,0.3500000000000001,-4.65,0.2799999999999999,0.1799999999999999,1.58,0.44,0.48,1.7,25,12,1
-10.160000000000023,4.0,-2.539999999999992,-1.1599999999999997,-1.04,-0.1299999999999999,0.02,0.2999999999999998,0.0799999999999999,-0.04,1.0,9,9,1
10.159999999999997,1.0,5.079999999999984,3.37,1.66,0.35,-0.1999999999999999,2.45,0.6,0.0,4.1,4,0,1
-2.539999999999992,-3.0,0.0,-1.7399999999999998,-0.7200000000000002,0.11,0.08,0.8200000000000001,0.09,0.1999999999999999,-0.4,-7,-3,0
-10.159999999999997,-2.0,-5.079999999999984,1.82,2.46,0.01,-0.05,-0.5,0.25,0.2799999999999999,-1.8,0,-2,1
-10.159999999999997,13.0,-7.6200000000000045,0.1799999999999997,-0.6399999999999997,0.01,0.1099999999999999,-0.41,-0.07,0.16,0.2,24,17,0
7.6200000000000045,5.0,-2.5400000000000205,1.81,2.04,0.09,0.08,-0.48,0.1099999999999999,0.0899999999999999,0.2,3,0,1
10.159999999999997,0.0,7.6200000000000045,1.13,-0.08,0.0,0.13,0.48,0.01,0.19,0.1,6,5,0
-5.079999999999984,-7.0,0.0,-0.31,-1.1700000000000004,0.06,0.0,-0.44,0.24,-0.48,-0.3,-4,-6,1
2.539999999999992,-2.0,7.6200000000000045,-0.2399999999999993,-2.9800000000000004,0.0299999999999999,0.01,1.0799999999999998,0.12,-0.0899999999999999,0.2,2,3,1
0.0,-1.0,-2.539999999999992,0.54,1.3199999999999998,-0.03,-0.1199999999999999,1.44,0.17,0.3399999999999999,0.0,-14,-5,1
-2.539999999999992,-8.0,2.539999999999992,-2.1300000000000003,-0.8500000000000005,-0.0999999999999999,-0.0999999999999999,0.06,-0.19,-0.47,1.2,-3,-8,1
0.0,-4.0,5.0800000000000125,-0.6999999999999997,0.6299999999999999,-0.0699999999999999,0.0,-4.38,-0.1099999999999999,0.0,-2.4,1,2,0
5.0800000000000125,0.0,0.0,2.62,4.220000000000001,-0.01,-0.0599999999999999,-3.14,-0.32,0.06,-1.1,1,5,0
-5.079999999999984,0.0,5.079999999999984,-0.5700000000000003,2.9499999999999997,0.0799999999999999,-0.1199999999999999,-1.26,0.64,0.01,0.0,-1,2,0
2.5400000000000205,2.0,-2.5400000000000205,0.3900000000000005,-0.4100000000000001,-0.02,-0.0099999999999998,0.0899999999999999,-0.1899999999999999,-0.18,0.7,-5,-14,1
5.0800000000000125,-8.0,2.539999999999992,-2.91,0.79,-0.3199999999999999,-0.07,0.0,0.0,0.09,0.0,2,0,0
12.699999999999989,3.0,2.5400000000000205,2.48,0.4900000000000002,0.0,0.1599999999999999,-0.13,0.13,0.44,-0.4999999999999999,6,2,1
-10.159999999999997,2.0,-10.159999999999997,-2.8400000000000003,-0.5900000000000007,-0.0399999999999999,0.0,-1.09,-0.0399999999999999,0.61,-0.8,1,-2,0
-17.78,10.0,-10.159999999999997,-2.26,-1.8299999999999996,-0.0299999999999999,0.13,0.91,0.0199999999999999,0.2299999999999999,-0.3999999999999999,6,8,0
5.0800000000000125,-2.0,7.619999999999976,2.03,-4.34,0.0499999999999999,-0.06,-1.08,-0.23,-0.1599999999999999,2.2,7,1,1
2.539999999999992,-7.0,-2.539999999999992,1.2600000000000002,-2.6,0.0499999999999999,0.19,-1.1,0.01,0.2,0.0,8,-1,1
-10.160000000000023,0.0,-7.619999999999976,-0.0899999999999998,2.06,-0.19,-0.02,-2.63,-0.08,-0.06,0.0,4,3,0
-2.539999999999992,4.0,-2.539999999999992,0.8999999999999999,2.04,-0.15,0.0699999999999999,-6.88,-0.59,0.0,-2.2,-6,2,0
-15.240000000000007,4.0,-5.0800000000000125,-0.6000000000000001,1.6399999999999997,-0.05,0.02,0.0299999999999999,-0.74,-0.0899999999999999,-0.3,16,11,0
0.0,11.0,-5.0800000000000125,1.0300000000000002,1.79,-0.05,0.03,0.0699999999999999,-0.25,-0.0599999999999999,0.1,3,4,0
5.0800000000000125,6.0,2.539999999999992,2.0999999999999996,-1.42,0.0899999999999999,0.01,0.95,0.75,0.18,0.3,-10,-4,1
7.6200000000000045,7.0,7.6200000000000045,0.08,-0.52,0.08,0.02,0.8199999999999998,0.1999999999999999,0.15,-0.0999999999999999,10,6,0
0.0,4.0,2.539999999999992,-0.8700000000000001,-0.7600000000000002,0.18,-0.0499999999999999,-0.2099999999999999,0.21,-0.0599999999999999,0.9,4,7,1
2.539999999999992,0.0,-2.539999999999992,-3.17,-4.95,0.07,0.0799999999999999,4.66,0.0,0.26,0.2,-6,-11,1
-10.159999999999997,-4.0,-2.5400000000000205,0.7299999999999995,-0.3600000000000003,0.0899999999999999,0.04,1.73,-0.07,0.06,-0.2,-8,1,0
2.539999999999992,0.0,0.0,2.8600000000000003,2.17,-0.09,-0.0399999999999999,-0.72,-0.18,-0.25,-0.6,1,5,0
10.160000000000023,-1.0,7.619999999999976,-1.760000000000001,-3.21,0.06,-0.0299999999999999,0.2900000000000001,-0.2199999999999999,-0.06,0.3,0,-3,1
-7.6200000000000045,3.0,-5.0800000000000125,1.6800000000000002,2.11,0.01,0.0399999999999999,-0.3899999999999999,0.0199999999999999,-0.0799999999999999,-0.2,4,7,0
17.78,-3.0,7.6200000000000045,0.9600000000000004,-0.8799999999999999,0.06,-0.02,-0.02,-0.08,-0.3,0.6000000000000001,7,0,1
2.539999999999992,-2.0,2.539999999999992,1.2599999999999998,0.2200000000000002,-0.0499999999999999,0.0299999999999999,-0.2600000000000002,-0.03,0.43,-0.3,1,-4,1
-2.5400000000000205,-2.0,-10.159999999999997,1.12,1.8000000000000005,0.06,-0.0699999999999999,1.5900000000000003,-0.12,0.02,0.4,8,9,0
0.0,1.0,-10.159999999999997,1.9599999999999995,-2.02,-0.05,0.24,4.75,0.46,0.29,-5.1,-5,-6,1
2.5400000000000205,7.0,0.0,-1.8199999999999992,2.5100000000000007,-0.0399999999999999,-0.0399999999999999,0.38,0.15,-0.48,-0.0999999999999999,-10,-5,0
-2.539999999999992,2.0,-2.539999999999992,0.6299999999999999,0.6600000000000006,-0.0199999999999999,-0.0799999999999999,-1.88,-0.22,0.14,-0.8,16,9,0
20.319999999999993,-2.0,12.700000000000015,2.1,1.66,-0.09,0.06,-1.5699999999999998,0.13,0.22,0.1,-2,-4,1
7.6200000000000045,2.0,2.539999999999992,-2.9299999999999997,-1.5,-0.16,-0.1,0.0,0.0,0.8,0.0,0,0,1
2.539999999999992,1.0,7.619999999999976,2.4299999999999997,-0.1399999999999996,0.0799999999999999,0.0,-2.17,0.0299999999999999,-0.0699999999999999,-0.8,-2,0,0
-7.6200000000000045,-4.0,-2.539999999999992,-0.0899999999999998,5.219999999999999,-0.02,-0.19,-1.35,-0.26,0.3399999999999999,-0.5,-9,-7,0
2.5400000000000205,4.0,0.0,-2.91,-3.43,-0.06,0.19,-0.2200000000000002,0.01,0.9,-2.0999999999999996,-3,5,0
7.619999999999976,-3.0,7.6200000000000045,-0.71,-1.8200000000000005,0.02,0.24,0.93,-0.0999999999999999,-0.16,0.8,-3,-1,0
-5.079999999999984,-5.0,5.0800000000000125,1.4800000000000004,0.3500000000000001,0.0,-0.0599999999999999,-4.83,-0.06,-0.04,-0.2,1,3,1
2.539999999999992,2.0,-5.079999999999984,-2.3299999999999996,-2.28,0.0799999999999999,-0.01,1.41,0.19,0.0899999999999999,0.5,-4,-6,1
2.539999999999992,5.0,0.0,1.39,2.09,-0.01,0.06,1.4899999999999998,-0.22,0.27,0.5,0,-3,1
-5.079999999999984,7.0,0.0,-0.3400000000000007,1.04,0.06,-0.06,1.63,0.46,-0.42,0.0,13,7,0
-7.6200000000000045,6.0,-7.6200000000000045,-2.4299999999999997,-1.1199999999999997,0.0999999999999999,-0.01,1.4,0.45,-0.01,0.5,11,9,1
-12.700000000000015,2.0,-12.700000000000015,-2.8600000000000003,2.96,-0.03,-0.12,-0.27,-0.39,-0.17,-0.8,-2,1,0
-2.539999999999992,-3.0,2.539999999999992,-0.6299999999999999,0.6200000000000001,0.08,0.04,-0.4499999999999999,-0.08,0.3299999999999999,-0.3,0,-8,1
-7.6200000000000045,-1.0,-5.079999999999984,-1.29,-0.2599999999999998,-0.04,-0.0799999999999999,4.359999999999999,0.27,0.03,-0.3,2,-1,1
2.539999999999992,2.0,-5.0800000000000125,-1.6399999999999997,-1.0699999999999998,0.03,0.04,1.61,0.2199999999999999,-0.5,-0.3,3,3,0
-5.079999999999984,2.0,-7.6200000000000045,-2.7899999999999996,0.0499999999999998,-0.19,-0.0699999999999999,-0.2799999999999999,-0.17,-0.5700000000000001,-0.5,1,4,0
2.5400000000000205,-1.0,2.539999999999992,-1.0,-0.3599999999999999,-0.2,-0.2299999999999999,1.0,0.08,0.1,0.0,1,2,0
10.160000000000023,-2.0,-2.539999999999992,4.6800000000000015,2.78,-0.02,-0.0399999999999999,-5.72,-0.53,0.44,0.0,0,-2,1
0.0,2.0,2.539999999999992,-1.0499999999999998,-2.18,-0.08,0.12,-0.31,-0.01,0.08,0.0,-3,0,0
-2.5400000000000205,-13.0,-2.539999999999992,1.29,-0.4700000000000002,0.09,0.2,2.33,0.66,0.55,0.4,7,1,1
-2.539999999999992,6.0,-10.159999999999997,-1.3699999999999997,-2.9,0.0,-0.06,2.06,-0.1299999999999999,0.35,0.4,1,-3,1
-2.539999999999992,0.0,5.079999999999984,0.96,1.1499999999999997,0.01,0.0,-2.38,-0.24,0.16,0.0,2,-3,0
-20.319999999999993,8.0,-10.160000000000023,-1.7699999999999998,0.3600000000000001,-0.16,-0.14,-0.56,-0.3899999999999999,-0.4499999999999999,1.6,15,9,0
0.0,-4.0,-5.0800000000000125,2.9299999999999997,2.79,0.07,-0.17,-0.1699999999999999,-0.19,-0.0399999999999999,0.0,7,4,0
10.159999999999997,7.0,-2.539999999999992,1.37,2.3499999999999996,-0.03,0.02,0.89,0.18,-0.81,0.0,6,1,1
-2.539999999999992,-1.0,-7.6200000000000045,1.04,2.58,-0.13,-0.2199999999999999,2.23,-0.0999999999999999,-0.81,0.0,-6,0,0
2.539999999999992,-10.0,2.539999999999992,-2.4499999999999997,-0.56,0.16,0.06,3.5399999999999996,-0.0399999999999999,-0.2,0.3,-4,-3,1
-2.5400000000000205,2.0,7.6200000000000045,3.78,1.84,0.0699999999999999,-0.02,-0.75,0.03,0.0899999999999999,-0.1,6,4,1
12.699999999999989,3.0,2.539999999999992,-3.1800000000000006,-1.2300000000000004,-0.11,0.1399999999999999,-0.76,0.27,0.14,-1.0,6,5,1
12.699999999999989,1.0,12.699999999999989,0.96,0.9500000000000002,-0.0999999999999999,0.0,-0.39,0.09,-0.2299999999999999,0.0,6,8,0
0.0,2.0,2.5400000000000205,0.2599999999999998,-0.6800000000000002,0.09,0.1099999999999999,-4.17,-0.57,-0.13,0.0,4,0,0
-5.0800000000000125,5.0,-7.6200000000000045,0.5200000000000005,3.4400000000000004,-0.1499999999999999,-0.0699999999999999,0.2299999999999999,-0.12,0.13,0.4,0,3,1
0.0,13.0,0.0,-1.5500000000000005,-1.2000000000000002,-0.0899999999999999,0.0,-0.48,-0.08,-0.12,0.3,22,18,0
2.539999999999992,1.0,7.6200000000000045,2.74,1.52,0.08,-0.02,-2.52,-0.1099999999999999,0.2,-1.2,1,-4,1
5.0800000000000125,0.0,7.6200000000000045,0.6699999999999999,0.2799999999999998,-0.17,-0.2,-1.01,0.1499999999999999,-0.53,0.2,-3,3,1
-5.0800000000000125,-4.0,-2.539999999999992,-0.3500000000000001,-0.7999999999999998,-0.13,0.13,-1.34,-0.1899999999999999,0.07,-0.4,-2,-9,1
0.0,-3.0,5.079999999999984,-0.8500000000000001,0.1400000000000001,0.0,-0.0099999999999998,-0.7800000000000002,0.02,-0.23,1.0,4,7,1
-15.240000000000007,8.0,-10.159999999999997,-1.3400000000000007,-0.2999999999999998,0.04,-0.01,0.8700000000000001,0.0399999999999999,-0.25,0.0999999999999999,-3,6,0
5.079999999999984,6.0,10.159999999999997,-1.8699999999999997,0.2599999999999998,0.14,0.02,0.4600000000000002,0.29,0.06,-0.8,1,1,0
5.0800000000000125,3.0,5.079999999999984,-2.37,0.1699999999999999,0.1,-0.06,0.86,0.5,-0.06,0.6,5,1,0
7.6200000000000045,-1.0,0.0,1.0299999999999998,-0.4700000000000002,0.15,-0.01,0.4499999999999999,0.06,-0.02,-0.3999999999999999,-1,-4,1
-2.539999999999992,2.0,0.0,1.0699999999999998,0.54,0.14,-0.06,0.14,0.86,-0.07,0.3,-15,-1,0
-7.6200000000000045,-2.0,-2.539999999999992,-0.7599999999999998,0.3700000000000001,0.01,-0.0999999999999999,0.8600000000000003,-0.2099999999999999,-0.2199999999999999,0.2,-13,-10,1
2.539999999999992,6.0,2.539999999999992,-0.6200000000000001,-2.0800000000000005,0.06,-0.0099999999999998,0.89,0.35,-0.54,0.3,4,3,1
20.32000000000002,-6.0,7.6200000000000045,-0.6600000000000001,-1.48,0.08,-0.1099999999999999,0.37,0.08,-0.0599999999999999,0.6,-5,4,1
-10.159999999999997,-7.0,5.079999999999984,-2.17,-0.7599999999999998,-0.0399999999999999,-0.1099999999999999,2.4299999999999997,-0.21,-0.66,0.7,-3,0,0
10.159999999999997,4.0,2.5400000000000205,2.41,3.35,0.1,-0.0499999999999999,-0.96,-0.3,0.33,-0.1,13,1,0
0.0,7.0,2.5400000000000205,-0.33,-0.1899999999999995,0.05,-0.13,-0.94,-0.08,0.0399999999999999,0.3999999999999999,7,10,0
5.0800000000000125,9.0,-2.5400000000000205,-0.48,-0.2099999999999999,0.0499999999999999,0.02,0.6799999999999999,-0.0299999999999999,-0.1599999999999999,0.7000000000000001,24,14,0
7.6200000000000045,6.0,5.0800000000000125,0.1000000000000005,0.3600000000000003,-0.1099999999999999,0.02,-1.59,-0.02,-0.0899999999999999,-0.3,-3,3,0
7.6200000000000045,-8.0,10.159999999999997,3.59,0.7700000000000005,-0.0099999999999999,-0.01,-1.64,-0.23,-0.15,-0.1999999999999999,-3,-1,1
-15.240000000000007,-2.0,-10.159999999999997,-2.57,0.54,-0.11,0.0399999999999999,1.59,-0.1099999999999999,-0.48,-0.7,24,6,0
10.159999999999997,-3.0,-5.079999999999984,-0.7000000000000002,-2.6599999999999997,0.07,0.0599999999999999,0.52,-0.0699999999999999,-0.57,5.4,0,-5,0
0.0,0.0,-7.6200000000000045,-1.0200000000000005,2.0800000000000005,0.0499999999999999,-0.0799999999999999,-0.8300000000000001,0.06,0.0599999999999999,0.6000000000000001,6,5,0
2.539999999999992,8.0,5.0800000000000125,-0.9500000000000002,-0.2399999999999997,-0.16,0.06,-0.21,-0.23,0.36,0.0,1,-2,1
5.079999999999984,6.0,-2.5400000000000205,2.28,0.7199999999999998,0.09,-0.0199999999999999,0.6400000000000001,-0.25,0.1099999999999999,1.1,8,2,1
10.159999999999997,10.0,2.539999999999992,-0.0099999999999997,0.8599999999999999,-0.07,0.0799999999999999,0.4100000000000001,0.1499999999999999,0.02,0.5,-1,7,0
12.699999999999989,0.0,10.159999999999997,1.0499999999999998,0.1800000000000001,0.1999999999999999,-0.0599999999999999,-1.97,-0.29,0.01,-0.3,6,5,0
-7.6200000000000045,9.0,-2.539999999999992,-0.6500000000000004,-0.0699999999999998,0.0299999999999999,0.02,-0.28,-0.19,-0.2099999999999999,1.5,16,11,1
-7.619999999999976,5.0,-2.539999999999992,-0.4700000000000006,4.11,-0.15,-0.1799999999999999,1.42,0.26,0.07,0.7,11,7,0
7.6200000000000045,3.0,2.539999999999992,-0.56,-0.96,0.0,0.0699999999999999,-3.11,0.07,-0.09,-2.8000000000000003,5,2,1
-5.0800000000000125,5.0,0.0,1.29,-3.6599999999999993,0.1199999999999999,0.18,-2.32,-0.5,0.6,-1.0,1,-1,1
0.0,6.0,2.539999999999992,-0.8900000000000006,-2.3499999999999996,0.1499999999999999,0.05,3.0500000000000003,0.28,-0.2299999999999999,0.0,-2,-2,1
-5.079999999999984,-4.0,5.0800000000000125,-1.6100000000000003,-0.4000000000000003,0.01,0.0,-1.5699999999999998,-0.1099999999999999,-0.19,0.3,2,-1,1
-2.539999999999992,4.0,7.6200000000000045,2.4499999999999993,2.53,0.0899999999999999,0.04,-0.1599999999999999,-0.15,-0.14,0.0,13,1,1
0.0,1.0,-2.539999999999992,-3.51,-1.59,0.13,0.0499999999999999,1.77,0.37,0.16,0.7,1,-7,1
-12.699999999999989,9.0,-5.079999999999984,-4.0600000000000005,-1.7800000000000002,-0.16,-0.01,-1.35,-0.1099999999999999,-0.08,-0.6,12,8,1
-5.079999999999984,-5.0,-5.0800000000000125,1.9399999999999995,0.8800000000000003,0.06,0.05,0.3599999999999999,0.0499999999999999,0.3599999999999999,-0.8,7,4,1
-2.539999999999992,-6.0,-5.0800000000000125,2.51,-0.7799999999999998,0.1399999999999999,0.1099999999999999,-0.54,-0.0299999999999999,0.44,-0.4000000000000001,0,-8,1
-5.079999999999984,-8.0,-2.539999999999992,1.46,0.4699999999999997,0.06,-0.0899999999999999,3.39,-0.62,-0.3,0.0,0,-2,1
25.40000000000001,-1.0,15.240000000000007,-0.54,-1.9399999999999995,-0.0399999999999999,-0.0999999999999999,0.2699999999999999,0.5,-0.1699999999999999,3.6,4,1,0
5.0800000000000125,-7.0,0.0,-0.8299999999999998,-0.6399999999999999,0.07,0.0999999999999999,3.98,0.0799999999999999,-0.55,-1.6,-4,-3,1
7.619999999999976,5.0,0.0,-0.81,-3.63,-0.05,0.12,-3.05,0.0,-0.2,-0.2999999999999999,3,-2,1
12.699999999999989,-1.0,2.5400000000000205,0.4199999999999999,-0.73,0.05,0.0399999999999999,-0.51,0.02,0.0499999999999999,0.0,-2,-3,1
-2.539999999999992,-6.0,0.0,0.92,1.2000000000000002,-0.01,0.1699999999999999,-1.4,-0.0999999999999999,0.0899999999999999,1.2000000000000002,-4,-6,1
-10.159999999999997,8.0,0.0,2.47,1.2599999999999998,0.02,0.02,1.14,0.13,-0.18,-0.3,7,4,1
5.079999999999984,-1.0,7.6200000000000045,0.04,0.6500000000000004,0.0,-0.14,0.5700000000000001,0.03,-0.57,1.4,-4,-1,0
-2.539999999999992,-2.0,2.5400000000000205,0.6399999999999997,1.99,0.12,0.01,-4.699999999999999,0.15,0.0499999999999999,-0.1999999999999999,0,1,0
12.699999999999989,2.0,12.699999999999989,1.04,0.7999999999999998,0.0499999999999999,0.04,-3.83,0.0899999999999999,0.53,-0.7,20,8,1
-5.079999999999984,0.0,-5.0800000000000125,0.96,-1.44,0.15,-0.01,1.0,0.03,0.06,-0.1,9,0,1
0.0,2.0,0.0,-1.09,-1.63,-0.03,-0.01,0.5700000000000001,-0.2499999999999999,-0.0299999999999999,1.2999999999999998,-1,-1,0
2.539999999999992,-14.0,7.6200000000000045,2.2500000000000004,1.1500000000000004,-0.07,0.02,-0.02,-0.11,0.02,0.6,4,-6,1
-2.539999999999992,-1.0,-5.079999999999984,1.0200000000000002,0.0100000000000002,-0.08,-0.0399999999999999,-2.69,0.17,0.5499999999999999,0.8,3,-3,1
2.539999999999992,3.0,-2.539999999999992,-2.21,-1.76,0.04,0.03,4.11,0.0,0.5800000000000001,-0.3999999999999999,2,-3,1
-7.6200000000000045,3.0,-7.6200000000000045,-1.5499999999999994,-1.3199999999999998,0.0,0.1099999999999999,0.3899999999999999,-0.0199999999999999,0.17,0.0,13,3,0
7.6200000000000045,-2.0,-5.079999999999984,-1.0500000000000005,-0.6200000000000001,0.06,0.09,-0.0699999999999999,0.25,0.09,-1.0,-2,-4,0
-2.539999999999992,4.0,5.0800000000000125,4.4399999999999995,1.4800000000000004,0.06,0.0299999999999999,-5.4,-0.41,0.26,0.3,0,-3,1
0.0,-1.0,2.539999999999992,0.2199999999999997,-0.2999999999999998,-0.06,-0.0799999999999999,-0.0699999999999999,0.3,0.13,0.4,4,2,1
7.6200000000000045,6.0,7.6200000000000045,0.8200000000000003,1.88,-0.13,0.06,-2.57,-0.3,0.2299999999999999,-0.3,8,9,0
-2.5400000000000205,6.0,0.0,-2.15,-4.24,0.0,0.05,1.38,-0.71,-0.0999999999999999,0.6000000000000001,-4,-4,1
7.6200000000000045,3.0,0.0,-1.2000000000000002,0.0300000000000002,-0.03,0.01,1.35,0.24,0.4499999999999999,0.0,15,-1,1
0.0,6.0,0.0,-1.39,-1.8400000000000003,0.09,0.04,2.15,0.18,0.12,-0.1999999999999999,7,1,0
-5.0800000000000125,4.0,-5.079999999999984,0.8499999999999996,3.0599999999999996,-0.1099999999999999,0.0599999999999999,-1.03,0.15,-0.13,-1.7,-3,6,0
-17.78,5.0,-12.699999999999989,-2.9299999999999997,-1.56,0.03,0.18,4.4,-0.2,0.15,-1.1,10,-5,1
-10.159999999999997,-7.0,-2.5400000000000205,0.1099999999999998,-3.0700000000000003,0.15,0.25,9.78,0.0999999999999999,-0.67,13.7,-8,-11,1
-12.700000000000015,-1.0,2.539999999999992,0.9300000000000002,-0.3799999999999999,0.03,0.2099999999999999,0.4800000000000001,0.19,0.2,-0.2,1,-5,1
2.5400000000000205,10.0,0.0,-2.9800000000000004,-1.7199999999999998,-0.03,-0.04,0.1400000000000001,-0.18,0.4499999999999999,-0.2,2,7,0
5.0800000000000125,7.0,2.539999999999992,-0.5199999999999996,1.56,0.0699999999999999,-0.0499999999999999,-0.3099999999999998,-0.1099999999999999,-0.0699999999999999,-0.0999999999999999,0,1,0
-5.0800000000000125,-1.0,2.5400000000000205,-1.33,-0.6799999999999997,-0.0299999999999999,-0.01,-0.22,-0.25,-0.14,2.5,-7,-3,0
7.6200000000000045,-8.0,7.6200000000000045,1.9099999999999993,-2.8899999999999997,0.09,0.03,0.21,0.25,0.0799999999999999,0.0,-6,-8,1
7.6200000000000045,5.0,5.0800000000000125,-0.9900000000000002,0.7600000000000007,0.0199999999999999,-0.01,-0.19,0.1399999999999999,-0.2199999999999999,-0.1999999999999999,1,2,0
15.240000000000007,12.0,10.159999999999997,-1.89,-0.1100000000000003,-0.06,-0.1299999999999999,-2.0700000000000003,-0.1999999999999999,-0.35,0.3999999999999999,5,6,0
2.539999999999992,3.0,5.0800000000000125,-0.1899999999999995,1.65,-0.1099999999999999,-0.0899999999999999,-1.62,-0.0399999999999999,-0.1699999999999999,0.2,2,6,0
0.0,-6.0,-2.539999999999992,3.23,-1.3300000000000003,0.1,0.07,-5.78,0.09,0.0499999999999999,0.5,-6,-4,0
7.6200000000000045,6.0,-2.5400000000000205,-1.9,-1.61,-0.04,0.08,2.87,0.03,-0.2299999999999999,-0.5,1,1,0
-10.159999999999997,0.0,-7.6200000000000045,0.9999999999999996,-0.0099999999999997,0.0499999999999999,0.0199999999999999,-0.56,-0.0299999999999999,-0.0399999999999999,0.0,6,-1,1
-5.0800000000000125,4.0,-5.0800000000000125,1.5699999999999994,-1.83,0.27,0.07,4.49,0.3,0.36,0.0999999999999999,-1,-9,1
-7.6200000000000045,1.0,0.0,1.61,-0.0499999999999998,0.05,-0.0599999999999999,2.1,0.3199999999999999,-0.5599999999999999,0.5,1,-1,1
12.699999999999989,3.0,5.0800000000000125,-2.69,3.71,-0.2,-0.0399999999999999,4.24,0.05,-0.01,0.0,5,7,0
5.0800000000000125,5.0,2.5400000000000205,2.3200000000000003,1.33,-0.0199999999999999,0.04,2.16,0.37,0.19,0.4,2,0,1
2.539999999999992,-4.0,2.539999999999992,-6.1000000000000005,-5.61,0.1099999999999999,0.0299999999999999,1.33,-0.25,-0.5,1.1,-2,-2,1
7.619999999999976,-1.0,-5.079999999999984,-0.9900000000000002,1.2900000000000005,-0.17,-0.1499999999999999,0.79,0.04,0.01,-0.3999999999999999,-2,1,1
2.5400000000000205,-4.0,5.079999999999984,0.6799999999999999,-0.32,0.25,-0.0899999999999999,2.65,0.5,0.0,1.5,-4,-3,1
-10.159999999999997,10.0,-5.0800000000000125,-0.6499999999999999,2.84,-0.03,-0.01,-2.77,-0.19,0.44,1.5,11,12,0
-10.159999999999997,8.0,-7.6200000000000045,1.09,2.0400000000000005,-0.02,-0.0799999999999999,-0.4099999999999997,0.18,-0.1099999999999999,-0.7999999999999999,13,11,0
2.5400000000000205,-4.0,0.0,-0.3600000000000003,3.3000000000000003,-0.0599999999999999,-0.2699999999999999,1.71,0.38,0.0,0.4,5,2,0
5.079999999999984,6.0,2.539999999999992,1.19,0.71,0.0399999999999999,-0.09,-1.42,-0.1499999999999999,-0.31,0.2,4,4,0
-2.5400000000000205,0.0,-12.699999999999989,-2.99,0.0,0.01,-0.19,1.61,0.2,-0.0999999999999999,0.4,-6,-2,0
-2.539999999999992,9.0,-2.539999999999992,-1.67,-1.7200000000000002,0.01,0.0199999999999999,0.3800000000000001,0.13,-0.12,1.6,23,10,0
-7.6200000000000045,3.0,0.0,0.1900000000000004,0.7199999999999998,0.0,-0.0899999999999999,0.97,0.4,0.47,-0.1,1,-1,1
-2.539999999999992,10.0,2.5400000000000205,-1.15,-0.9900000000000002,-0.0199999999999999,-0.09,-0.16,-0.1099999999999999,-0.21,-1.5,0,5,0
12.700000000000015,5.0,5.0800000000000125,3.0999999999999996,-0.3399999999999998,0.2199999999999999,0.0099999999999998,1.96,0.4,0.24,0.2,-3,6,1
5.079999999999984,2.0,2.539999999999992,-0.77,-0.27,-0.02,0.0099999999999999,-0.5499999999999998,0.0299999999999999,-0.3299999999999999,0.5,9,12,0
-25.40000000000001,-6.0,-7.619999999999976,1.06,2.9400000000000004,-0.1099999999999999,0.0,-1.85,-0.1,-0.33,0.9,-2,-1,1
5.079999999999984,-2.0,7.619999999999976,2.32,0.6699999999999999,0.21,-0.03,-0.25,0.1699999999999999,0.0,2.5,3,-2,1
-2.539999999999992,-3.0,10.160000000000023,-3.7,-2.17,0.0399999999999999,0.03,1.39,0.2299999999999999,0.2,0.8,-1,-3,1
2.539999999999992,-8.0,12.700000000000015,0.6100000000000003,-0.6200000000000001,0.1,-0.0899999999999999,-0.22,-0.0999999999999999,0.1199999999999999,0.6,-3,1,1
-12.700000000000015,-6.0,-10.159999999999997,2.37,0.9399999999999996,0.07,0.12,-0.5700000000000001,-0.23,-0.04,-0.3,-1,-3,1
-2.539999999999992,-8.0,0.0,-2.46,-1.3000000000000007,0.04,-0.04,-1.35,-0.26,-0.16,-0.5,-7,-5,1
2.539999999999992,2.0,0.0,-0.3799999999999999,-1.48,0.18,0.06,0.76,0.3,-0.2099999999999999,0.8,-5,-1,0
7.619999999999976,-3.0,2.5400000000000205,-2.08,0.1800000000000001,-0.19,-0.0199999999999999,0.0,0.0,-0.0499999999999999,0.3,3,1,1
-2.5400000000000205,6.0,2.539999999999992,0.4799999999999995,4.64,-0.2299999999999999,0.07,-0.85,-0.25,0.37,-0.8,5,6,0
12.700000000000015,8.0,5.079999999999984,-0.1200000000000001,-1.17,0.05,0.02,2.42,0.34,0.51,-0.3,5,5,1
2.539999999999992,-3.0,2.5400000000000205,1.0099999999999998,-2.8000000000000003,0.1099999999999999,0.2799999999999999,1.59,0.4399999999999999,0.55,-1.9,0,-2,1
-5.0800000000000125,-3.0,-5.0800000000000125,1.4399999999999995,-0.5800000000000001,0.0799999999999999,0.01,1.3199999999999998,-0.0999999999999999,0.3,0.1,2,-1,1
10.159999999999997,-3.0,0.0,1.3800000000000003,1.3099999999999996,-0.0799999999999999,-0.01,0.32,0.1099999999999999,-0.0699999999999999,-0.6,5,6,0
-10.159999999999997,7.0,-5.0800000000000125,-1.4699999999999998,-1.98,-0.07,0.0799999999999999,1.1999999999999995,0.19,0.15,0.0,4,3,0
2.539999999999992,10.0,0.0,-1.11,-1.31,0.01,-0.0899999999999999,-4.029999999999999,-0.38,-0.1699999999999999,-0.5,11,8,0
7.6200000000000045,-3.0,10.159999999999997,0.4600000000000004,0.6499999999999999,-0.11,0.07,-0.27,0.18,0.19,0.1,1,-4,0
12.700000000000015,1.0,10.159999999999997,0.3500000000000001,-0.8500000000000001,0.0799999999999999,0.02,0.74,-0.07,0.18,0.0,6,2,1
-15.240000000000007,-12.0,-2.539999999999992,0.3500000000000005,-0.0099999999999997,-0.04,0.03,-3.43,-0.33,0.0,0.0,-3,-1,0
0.0,0.0,-10.159999999999997,-3.7200000000000006,-2.7700000000000005,0.0399999999999999,-0.1099999999999999,1.5500000000000005,0.8200000000000001,0.03,0.1999999999999999,7,2,0
5.079999999999984,1.0,7.6200000000000045,-0.0099999999999997,-0.6300000000000001,0.09,0.0499999999999999,-3.59,0.34,0.17,-0.8999999999999999,-14,-3,1
2.539999999999992,-3.0,0.0,-1.3099999999999996,2.56,0.0,-0.22,-2.21,-0.77,-0.3399999999999999,-1.6,1,4,0
-5.079999999999984,-1.0,-2.5400000000000205,-1.4600000000000004,-0.7400000000000002,-0.02,0.06,-0.52,0.0,-0.26,-2.6,-2,3,0
-10.160000000000023,-2.0,-7.619999999999976,0.0300000000000002,-2.8500000000000005,0.09,0.17,1.83,0.5,-0.16,1.1,7,-3,1
20.32000000000002,-4.0,7.6200000000000045,2.0199999999999996,0.0399999999999998,0.2099999999999999,-0.12,0.2200000000000002,0.0799999999999999,0.3099999999999999,1.0,5,-2,1
-7.6200000000000045,12.0,-5.079999999999984,-3.5799999999999996,1.0799999999999996,-0.05,0.04,2.11,0.33,-0.13,0.9,21,8,0
-5.0800000000000125,6.0,-5.0800000000000125,-0.79,-0.1699999999999999,0.11,-0.0799999999999999,-0.09,-0.02,-0.05,1.1,1,-5,0
-22.859999999999985,1.0,-12.699999999999989,-0.1800000000000001,1.0,0.0199999999999999,0.02,0.0700000000000002,-0.02,-0.04,0.2,-7,-5,1
12.700000000000015,8.0,10.159999999999997,-2.62,-0.1100000000000003,-0.1099999999999999,0.01,-1.4200000000000002,-0.29,-0.03,-0.3,-9,-6,0
-15.240000000000007,5.0,-7.6200000000000045,-1.39,0.0299999999999998,-0.07,0.01,1.3,-0.78,-0.1999999999999999,0.7000000000000001,-4,-1,0
2.539999999999992,15.0,-5.0800000000000125,-1.6200000000000006,-2.22,0.0,0.03,2.01,0.48,-0.0799999999999999,0.7,7,9,0
7.6200000000000045,1.0,12.699999999999989,1.08,1.13,0.05,0.03,1.21,0.29,0.3399999999999999,0.5,4,4,0
-2.539999999999992,2.0,-2.5400000000000205,-1.82,1.2000000000000002,-0.06,-0.0399999999999999,-0.8500000000000003,0.1699999999999999,0.14,0.8,-2,0,1
-10.159999999999997,-10.0,0.0,-2.62,-0.1699999999999999,-0.15,0.0599999999999999,2.95,0.14,0.29,3.8,4,-2,1
-7.6200000000000045,10.0,0.0,-0.1299999999999999,2.28,-0.2,0.15,-5.87,-0.36,-0.3,-2.1,0,5,0
17.78,-3.0,2.5400000000000205,0.1299999999999999,3.4400000000000004,-0.0299999999999999,-0.15,-1.0799999999999998,-0.14,-0.01,0.6,-9,-3,0
-5.079999999999984,-1.0,-5.0800000000000125,0.4500000000000002,0.1500000000000003,0.0499999999999999,0.32,-2.41,-0.0799999999999999,-0.0399999999999999,-1.0,4,-2,1
-5.0800000000000125,-6.0,0.0,-0.7800000000000002,0.7799999999999998,0.0499999999999999,-0.02,0.24,0.2,0.2,0.8,-8,3,0
-12.699999999999989,-10.0,-15.240000000000007,1.4400000000000004,-2.1500000000000004,0.13,0.08,0.0,0.0,-0.02,0.0,4,-4,1
7.6200000000000045,1.0,-7.6200000000000045,-2.93,-0.0899999999999998,-0.09,-0.18,0.8799999999999999,-0.25,-0.54,1.6,3,5,0
2.539999999999992,4.0,-5.0800000000000125,1.38,1.0700000000000005,-0.13,0.01,-0.02,0.33,0.01,-1.3,15,2,1
0.0,-3.0,-10.159999999999997,0.7399999999999998,0.06,0.0499999999999999,0.0699999999999999,-1.38,-0.08,0.1799999999999999,-1.3,-4,1,1
-7.6200000000000045,-1.0,-2.539999999999992,-0.7000000000000002,0.4500000000000002,-0.09,-0.12,0.37,-0.0999999999999999,-0.54,0.0,-3,1,0
2.539999999999992,-3.0,2.539999999999992,-1.0999999999999996,0.6299999999999999,-0.11,-0.0899999999999999,0.61,0.1699999999999999,0.29,-0.0999999999999999,-2,-6,0
5.079999999999984,-8.0,2.539999999999992,-0.4699999999999997,-4.23,0.1799999999999999,0.15,2.6499999999999995,0.24,0.15,0.0,-1,-5,1
-5.0800000000000125,3.0,7.6200000000000045,3.76,-1.1699999999999997,0.13,0.32,-0.8400000000000001,0.13,0.2999999999999999,-0.2,4,-2,1
10.160000000000023,-7.0,7.619999999999976,0.2199999999999997,0.91,0.03,-0.25,-0.3299999999999999,0.12,0.16,-0.2,-1,-1,0
-15.240000000000007,5.0,-7.6200000000000045,2.4799999999999995,-5.92,0.07,0.21,1.66,0.2699999999999999,-0.0499999999999999,1.6,12,-1,1
5.079999999999984,2.0,0.0,-1.7400000000000002,-2.26,0.1499999999999999,0.0399999999999999,0.4399999999999999,0.11,-0.49,0.6000000000000001,11,3,1
-15.240000000000007,2.0,-5.079999999999984,1.62,-0.9900000000000002,0.1399999999999999,0.07,1.38,0.3,0.2699999999999999,1.2999999999999998,2,-1,1
5.0800000000000125,0.0,5.079999999999984,2.75,-2.0500000000000003,0.05,0.1899999999999999,-1.31,-0.03,0.63,-4.800000000000001,-3,-1,1
2.5400000000000205,7.0,-5.079999999999984,-1.2300000000000004,-0.2000000000000001,0.11,-0.03,-0.41,-0.22,-0.14,-0.2,-11,0,1
-5.0800000000000125,-6.0,-7.6200000000000045,0.4900000000000002,-0.53,0.06,-0.0699999999999999,2.4,0.0799999999999999,0.05,0.0,-3,0,1
2.539999999999992,2.0,2.539999999999992,-0.9500000000000002,-0.54,-0.07,0.0699999999999999,1.4,0.17,-0.5,0.7,4,-3,1
-2.5400000000000205,1.0,-7.619999999999976,-1.9799999999999995,-3.36,0.02,0.16,-1.0699999999999998,0.22,0.06,-0.1,-8,2,1
-2.539999999999992,-2.0,-5.0800000000000125,-1.7999999999999998,0.4900000000000002,-0.12,-0.1099999999999999,-0.49,-0.19,-0.1799999999999999,-0.1999999999999999,-4,-2,1
-5.0800000000000125,0.0,0.0,-3.26,-1.75,0.05,-0.18,1.94,0.08,0.25,1.1,-9,-2,0
12.700000000000015,4.0,0.0,1.9299999999999995,-0.6200000000000001,0.0999999999999999,0.16,-1.97,-0.2499999999999999,-0.0499999999999999,-0.2,-1,0,0
-5.0800000000000125,-2.0,-5.079999999999984,-0.48,-1.65,0.02,0.0599999999999999,0.5700000000000001,-0.1699999999999999,0.1699999999999999,0.1999999999999999,8,0,0
2.5400000000000205,3.0,0.0,1.5,1.25,-0.04,-0.01,-5.62,-0.3199999999999999,-0.1699999999999999,-0.5,8,0,1
-2.539999999999992,5.0,-12.699999999999989,1.2800000000000002,-0.6500000000000004,0.1599999999999999,0.12,3.61,0.44,0.34,0.3,7,0,1
7.6200000000000045,-3.0,2.539999999999992,0.4699999999999997,1.58,-0.05,-0.08,-3.13,-0.18,-0.53,0.3,-10,1,0
0.0,1.0,0.0,-1.64,-1.2199999999999998,-0.11,0.0,-0.07,-0.07,-0.07,-0.2,1,0,0
0.0,-1.0,2.539999999999992,0.3699999999999996,0.4000000000000003,0.1099999999999999,-0.03,3.07,0.15,0.25,-0.3,9,0,1
12.699999999999989,-6.0,2.5400000000000205,-0.2599999999999998,0.3000000000000002,-0.0499999999999999,-0.1599999999999999,-0.97,-0.15,-0.0599999999999999,1.6,1,-3,1
2.539999999999992,4.0,2.539999999999992,-0.1199999999999992,0.5,0.0,0.03,0.1399999999999999,0.0799999999999999,0.0999999999999999,-0.3,7,-2,1
-5.079999999999984,1.0,-2.539999999999992,-4.19,-1.4599999999999995,-0.0399999999999999,0.01,-2.45,-0.0499999999999999,0.2899999999999999,-0.8,-3,3,0
2.5400000000000205,2.0,7.6200000000000045,-2.1000000000000005,-1.7200000000000002,0.1199999999999999,-0.07,1.5300000000000002,-0.15,-0.5900000000000001,0.3,1,3,0
0.0,-11.0,5.079999999999984,-2.4299999999999997,-2.38,-0.02,0.02,0.7399999999999998,-0.19,-0.58,1.8,-2,-6,1
5.0800000000000125,2.0,-2.539999999999992,-2.61,-1.86,-0.01,-0.08,0.0,0.0,-0.25,0.0,2,-2,1
-2.539999999999992,-10.0,15.240000000000007,0.5300000000000002,0.1599999999999997,0.07,-0.07,0.1,-0.07,-0.14,0.6,2,-2,1
-2.539999999999992,7.0,0.0,2.09,3.27,0.18,-0.0399999999999999,-1.51,-0.36,0.27,0.0,14,4,1
-5.079999999999984,4.0,2.5400000000000205,2.7300000000000004,0.6699999999999999,0.15,-0.13,0.04,-0.0799999999999999,0.01,1.0,4,-1,1
2.539999999999992,-4.0,0.0,1.3000000000000005,1.32,-0.2599999999999999,0.0899999999999999,-0.3499999999999996,-0.2300000000000001,-0.26,1.3,8,8,1
-5.079999999999984,-4.0,2.539999999999992,4.550000000000001,0.4499999999999997,0.09,0.1099999999999999,-4.37,-0.27,0.47,-0.4000000000000001,3,1,1
-15.240000000000007,10.0,-7.6200000000000045,-0.1299999999999999,-0.1600000000000001,-0.0299999999999999,0.04,-0.59,0.0299999999999999,0.1099999999999999,-0.6,-8,-4,1
5.079999999999984,-5.0,10.159999999999997,1.8699999999999997,1.38,0.01,-0.1599999999999999,-1.82,-0.1299999999999999,-0.05,-0.3,-14,-4,0
-10.160000000000023,-3.0,-5.0800000000000125,-0.5700000000000003,-1.4199999999999997,0.15,0.1099999999999999,0.89,0.01,0.43,-0.0999999999999999,3,-4,1
-22.860000000000017,0.0,-2.539999999999992,-4.250000000000001,0.4399999999999995,0.01,-0.12,0.0,0.0,-0.18,0.0,-3,5,0
2.5400000000000205,0.0,-2.5400000000000205,2.47,0.33,0.0499999999999999,0.05,0.2299999999999999,-0.1,0.47,-0.9,12,5,0
-2.539999999999992,5.0,-5.0800000000000125,0.1899999999999999,1.23,-0.05,0.08,-0.33,0.01,-0.0299999999999999,-1.7999999999999998,5,4,1
-10.159999999999997,1.0,-7.6200000000000045,1.52,1.2799999999999994,-0.1,-0.06,-0.15,-0.2,0.05,0.2999999999999999,5,3,0
2.539999999999992,9.0,2.5400000000000205,-1.489999999999999,-3.04,0.02,0.0499999999999999,0.48,0.2,-0.17,0.1,3,5,1
2.5400000000000205,2.0,-5.079999999999984,-1.6800000000000002,-0.6500000000000004,-0.1399999999999999,0.0599999999999999,1.25,-0.2,0.0,0.3999999999999999,24,15,1
0.0,6.0,0.0,1.7299999999999995,1.19,-0.01,0.0499999999999999,-2.67,-0.02,0.15,0.0,6,12,1
0.0,8.0,-5.079999999999984,-2.1599999999999997,-0.08,-0.18,-0.03,-2.44,-0.18,0.0,0.3,14,6,0
-2.539999999999992,0.0,0.0,-0.3799999999999999,-3.97,0.22,0.0999999999999999,3.49,0.1399999999999999,0.0499999999999999,0.0999999999999999,-2,-1,1
-2.539999999999992,10.0,-2.539999999999992,1.2599999999999998,2.3499999999999996,0.06,0.02,-2.83,0.0,0.66,-0.7,9,8,0
-5.079999999999984,-6.0,-2.539999999999992,1.2400000000000002,0.2800000000000002,-0.07,-0.0499999999999999,0.0,0.0,0.5,0.0,5,-4,1
20.319999999999993,1.0,10.160000000000023,0.6899999999999995,1.4700000000000002,0.02,0.03,-3.57,-0.1199999999999999,0.04,0.2,-5,-5,1
0.0,2.0,0.0,-0.0899999999999998,2.630000000000001,-0.0199999999999999,0.0,0.09,0.5,0.14,0.0,5,11,0
10.159999999999997,-10.0,2.539999999999992,-0.06,3.32,-0.1,-0.1699999999999999,-1.02,0.6,-0.0699999999999999,0.0,-3,3,0
-2.5400000000000205,-9.0,-5.079999999999984,3.56,0.5399999999999996,0.14,0.16,-0.03,0.07,0.13,0.0,-1,-6,1
10.160000000000023,-2.0,12.699999999999989,-0.79,-2.7100000000000004,0.12,0.0699999999999999,-0.8200000000000001,0.04,-0.12,0.3999999999999999,0,-3,1
-7.6200000000000045,3.0,-7.6200000000000045,-0.0700000000000002,-0.3700000000000001,0.0499999999999999,0.04,-0.2799999999999999,0.03,0.1599999999999999,-0.5,10,4,1
10.160000000000023,4.0,5.079999999999984,0.8900000000000001,1.6900000000000004,-0.0999999999999999,-0.15,-1.0099999999999998,0.03,-0.2099999999999999,0.0,-3,5,0
2.539999999999992,0.0,7.6200000000000045,2.4,-0.5899999999999999,0.0299999999999999,0.08,-2.66,-0.25,-0.3799999999999999,0.2,4,-1,1
-25.399999999999977,8.0,-10.159999999999997,-1.5900000000000003,-0.7000000000000002,0.0499999999999999,-0.01,-0.4599999999999999,-0.31,-0.1699999999999999,0.7,-3,-2,1
10.159999999999997,-7.0,2.539999999999992,0.8900000000000001,-0.1400000000000001,0.18,0.05,3.7799999999999994,-0.0399999999999999,-0.08,-0.3,-2,-3,1
-15.240000000000007,5.0,-12.699999999999989,1.5100000000000002,0.24,-0.09,0.19,-1.31,0.01,0.08,-0.7,10,4,1
2.539999999999992,-2.0,0.0,-1.0699999999999998,-0.54,-0.14,0.06,-0.14,-0.86,0.07,-0.3,15,1,0
0.0,2.0,-7.6200000000000045,-3.78,-0.75,-0.1099999999999999,0.02,0.9300000000000002,-0.07,-0.19,-0.1,-4,4,0
2.539999999999992,-2.0,2.539999999999992,0.5600000000000005,-0.2199999999999997,0.0499999999999999,0.07,-0.8399999999999999,-0.02,-0.0799999999999999,0.4999999999999999,7,0,1
2.539999999999992,10.0,-7.6200000000000045,-1.0299999999999998,0.0299999999999998,-0.1799999999999999,0.02,2.01,0.01,-0.0399999999999999,0.1999999999999999,3,5,0
7.6200000000000045,7.0,5.079999999999984,3.52,1.98,-0.01,0.0499999999999999,-2.38,-0.0199999999999999,0.2,-0.7999999999999999,10,8,1
-2.539999999999992,-2.0,-10.159999999999997,0.2999999999999998,-0.27,0.06,-0.0699999999999999,-0.03,-0.1099999999999999,-0.0899999999999999,-0.6,-8,-1,0
-5.079999999999984,2.0,-2.5400000000000205,1.33,-0.1400000000000001,0.0999999999999999,0.0299999999999999,-0.93,-0.0699999999999999,0.33,-1.1,-9,-5,0
10.159999999999997,-9.0,0.0,-0.2099999999999999,-1.6200000000000006,0.03,-0.01,1.0399999999999998,-0.02,0.3999999999999999,0.6,-2,-5,1
2.539999999999992,5.0,0.0,0.3799999999999999,-1.14,0.0,0.06,2.9300000000000006,0.34,0.29,1.7,-8,-5,1
0.0,-1.0,2.539999999999992,-2.0200000000000005,-1.39,-0.09,0.1099999999999999,2.59,0.4,-0.5800000000000001,0.9,-2,2,1
-2.539999999999992,-1.0,0.0,1.66,1.5099999999999998,0.1099999999999999,-0.02,0.36,0.26,0.44,0.2,5,2,1
-7.6200000000000045,1.0,-2.539999999999992,0.1499999999999999,1.3800000000000003,0.15,0.03,-0.51,0.12,0.03,0.5,0,-3,1
-12.699999999999989,3.0,-7.6200000000000045,1.02,1.6900000000000002,-0.17,0.04,-2.9299999999999997,-0.41,0.26,0.1,5,4,0
-2.539999999999992,4.0,10.159999999999997,3.71,-1.97,0.18,0.13,-0.07,0.47,0.13,0.3,-3,-1,1
0.0,0.0,5.079999999999984,1.3399999999999994,-1.3199999999999998,-0.06,0.12,-0.73,-0.21,0.09,-0.4999999999999999,3,0,0
15.23999999999998,-1.0,5.0800000000000125,-3.83,-2.8600000000000003,-0.0399999999999999,-0.04,1.5499999999999998,-0.0999999999999999,-0.0899999999999999,0.1999999999999999,12,8,1
0.0,4.0,-2.539999999999992,0.3500000000000001,-0.6600000000000001,0.2,-0.15,-0.5,0.3899999999999999,0.26,2.7,-13,3,0
-5.079999999999984,0.0,-7.6200000000000045,0.8900000000000001,-0.9900000000000002,-0.0299999999999999,0.1099999999999999,2.84,-0.29,-0.17,1.8,0,-1,1
0.0,-9.0,5.0800000000000125,-0.5899999999999999,-1.7000000000000002,0.02,-0.07,0.8200000000000003,-0.3,-0.2199999999999999,1.5,8,0,1
0.0,-7.0,-10.159999999999997,0.6199999999999997,-2.28,0.0,0.1599999999999999,2.49,0.46,-0.13,-0.1999999999999999,6,-1,1
-10.159999999999997,1.0,-2.5400000000000205,1.3000000000000007,-1.1899999999999995,0.0299999999999999,-0.03,2.25,0.44,-0.0699999999999999,0.7,4,0,1
5.0800000000000125,-7.0,5.079999999999984,0.02,-1.5800000000000003,-0.0299999999999999,0.01,-0.2,-0.0299999999999999,-0.52,1.6,2,-3,1
0.0,3.0,2.5400000000000205,0.06,3.01,-0.06,0.0,-2.4,-0.25,0.21,-1.8,-3,0,0
-5.0800000000000125,5.0,2.539999999999992,0.5500000000000003,1.97,0.02,-0.1599999999999999,1.9599999999999995,0.1099999999999999,0.18,-1.9,-2,1,0
5.0800000000000125,-10.0,-2.5400000000000205,0.3799999999999999,-3.899999999999999,-0.0199999999999999,0.1199999999999999,-1.81,-0.19,-0.6,0.8,1,-3,1
5.079999999999984,6.0,7.6200000000000045,1.73,4.1899999999999995,-0.01,-0.0699999999999999,-0.6000000000000001,-0.21,0.16,-0.3,4,4,0
-2.539999999999992,2.0,7.6200000000000045,1.1799999999999995,-0.1600000000000001,0.0,0.03,-0.29,0.01,-0.03,-0.0999999999999999,13,5,0
-5.079999999999984,1.0,0.0,1.17,-1.6500000000000004,0.0299999999999999,0.07,-0.18,-0.5,0.3999999999999999,0.0,-1,-9,1
2.539999999999992,1.0,10.159999999999997,-0.1099999999999998,-3.5,-0.1,0.0,-2.2,-0.4599999999999999,-0.5,0.1999999999999999,6,3,0
0.0,1.0,5.0800000000000125,1.6900000000000004,-0.1099999999999994,0.0799999999999999,0.0699999999999999,0.36,0.25,0.02,-0.1,5,3,0
2.5400000000000205,0.0,-5.0800000000000125,2.71,0.3600000000000003,0.1999999999999999,0.04,0.8099999999999998,-0.06,0.5700000000000001,-1.1,0,3,0
5.0800000000000125,7.0,5.0800000000000125,0.0799999999999996,0.3000000000000002,-0.1199999999999999,0.0599999999999999,-1.02,-0.09,0.17,-0.3,12,13,0
17.78,-5.0,15.23999999999998,-1.6500000000000004,-0.2199999999999997,0.03,0.01,-0.3400000000000001,-0.0999999999999999,-0.0699999999999999,-0.3,-9,-2,0
-2.539999999999992,-7.0,2.539999999999992,0.0100000000000006,1.19,-0.05,-0.1,0.1099999999999998,-0.22,-0.3299999999999999,1.5000000000000002,-2,-2,0
-5.079999999999984,4.0,7.6200000000000045,2.3600000000000003,1.7600000000000002,0.1,-0.03,4.84,0.5,0.16,-0.7,8,3,1
5.0800000000000125,-3.0,-2.539999999999992,-1.7999999999999998,-1.06,-0.16,-0.04,-3.63,0.14,-0.3399999999999999,1.1,0,-2,1
10.159999999999997,2.0,0.0,1.08,1.92,-0.0699999999999999,-0.0999999999999999,-0.8500000000000001,-0.1999999999999999,-0.35,1.7000000000000002,9,8,0
10.159999999999997,-4.0,2.5400000000000205,-0.3599999999999994,-1.06,0.11,-0.04,0.4099999999999999,-0.06,-0.32,0.0,5,-1,1
-12.699999999999989,2.0,-10.159999999999997,-2.49,0.8400000000000003,-0.0799999999999999,-0.04,1.38,0.09,0.2299999999999999,-0.1999999999999999,-1,4,0
5.079999999999984,1.0,0.0,0.69,-0.4199999999999999,-0.03,-0.02,-3.3800000000000003,-0.0099999999999999,-0.0999999999999999,0.8,-2,4,1
7.6200000000000045,1.0,5.079999999999984,-1.4699999999999998,1.1700000000000004,-0.0499999999999999,-0.0699999999999999,-1.05,-0.31,-0.41,0.3,7,5,0
0.0,4.0,2.539999999999992,0.7799999999999998,0.0900000000000003,-0.1,-0.04,-1.31,-0.2199999999999999,0.06,-1.0,7,2,1
0.0,3.0,10.159999999999997,1.48,0.5899999999999999,-0.1499999999999999,0.01,0.8699999999999997,0.03,0.2,-0.3,11,7,0
-5.0800000000000125,2.0,-2.539999999999992,0.2099999999999999,1.4499999999999995,-0.08,0.11,-1.7200000000000002,-0.0499999999999999,0.27,-1.2999999999999998,-11,-2,0
2.539999999999992,3.0,-5.079999999999984,0.9799999999999998,0.4099999999999997,0.14,0.26,-0.1,-0.0799999999999999,0.28,-0.5,4,2,1
-12.699999999999989,1.0,5.0800000000000125,1.4000000000000004,-2.4099999999999997,0.06,0.1,-1.45,-0.42,-0.34,-0.3,2,0,1
-2.539999999999992,-10.0,0.0,-0.97,-0.6399999999999999,0.0299999999999999,0.1399999999999999,4.03,0.06,-0.26,0.0,-2,-8,1
5.0800000000000125,-13.0,-5.0800000000000125,3.65,0.91,0.01,0.0499999999999999,0.7,0.18,0.21,-0.1,7,-2,1
-5.0800000000000125,-7.0,2.539999999999992,0.5599999999999996,-1.0099999999999998,-0.0399999999999999,0.0199999999999999,-1.35,0.0499999999999999,-0.19,0.0,4,-3,1
0.0,11.0,0.0,0.0600000000000005,0.08,0.0,0.01,0.6500000000000001,0.11,-0.0799999999999999,0.3,10,9,0
7.6200000000000045,3.0,2.5400000000000205,-1.4400000000000004,1.4800000000000004,-0.0099999999999998,-0.15,1.13,0.33,0.55,0.4,0,1,0
-5.0800000000000125,5.0,-5.0800000000000125,-5.039999999999999,-3.45,-0.12,0.19,1.65,0.39,0.0,-0.3999999999999999,5,4,1
2.5400000000000205,1.0,7.6200000000000045,-0.06,-0.4499999999999997,-0.0599999999999999,0.0799999999999999,3.4800000000000004,0.06,0.01,1.4,0,6,0
-5.079999999999984,-5.0,0.0,-0.3499999999999996,0.3200000000000003,0.13,-0.0799999999999999,-0.02,0.0,-0.3199999999999999,0.4,-4,-6,1
7.6200000000000045,-2.0,7.6200000000000045,-1.96,0.1499999999999999,-0.11,-0.0399999999999999,-3.04,0.01,0.35,-0.3,1,-1,0
-2.539999999999992,1.0,-7.6200000000000045,-1.9100000000000008,0.79,-0.04,-0.24,3.4,0.75,-0.0699999999999999,0.8,8,-1,1
-2.539999999999992,0.0,-5.079999999999984,-0.5700000000000003,-1.5299999999999998,0.01,0.0099999999999998,2.35,0.1099999999999999,0.09,0.0,1,-5,1
5.0800000000000125,-8.0,2.5400000000000205,-1.7300000000000004,-3.47,0.14,-0.05,2.12,0.41,0.1099999999999999,2.1999999999999997,3,-5,1
7.6200000000000045,12.0,12.700000000000015,-4.789999999999999,-9.1,0.1399999999999999,0.2,0.71,0.33,-0.12,0.0,-4,0,0
0.0,-3.0,-2.539999999999992,-2.24,0.5299999999999998,-0.0399999999999999,-0.0999999999999999,-0.0699999999999999,-0.51,-0.4199999999999999,1.3,-4,2,0
20.319999999999993,-12.0,15.240000000000007,1.2400000000000002,0.6600000000000001,0.01,-0.0599999999999999,-0.1999999999999999,-0.0299999999999999,0.14,0.0,-10,-4,1
-7.6200000000000045,3.0,0.0,3.09,0.5,0.14,0.2199999999999999,1.2400000000000002,0.17,0.25,0.3999999999999999,5,-5,1
10.159999999999997,-3.0,7.6200000000000045,2.3,-1.54,-0.01,0.23,-0.69,-0.0499999999999999,0.42,-1.5,1,-2,1
7.6200000000000045,-1.0,2.539999999999992,-0.4700000000000006,1.6899999999999995,-0.0599999999999999,-0.01,2.77,0.53,0.28,0.4,4,-1,1
10.159999999999997,3.0,-2.5400000000000205,0.5300000000000002,-0.1299999999999999,0.13,0.06,0.02,-0.13,-0.02,0.2,9,4,0
-17.78,-5.0,-10.159999999999997,-1.2400000000000002,-0.8699999999999997,-0.0299999999999999,0.12,0.2899999999999998,-0.11,0.63,-1.6,-43,-8,1
-2.5400000000000205,-3.0,-5.0800000000000125,0.0699999999999998,1.1199999999999997,-0.06,-0.0299999999999999,-0.01,0.3199999999999999,0.07,0.1999999999999999,-8,-7,1
5.0800000000000125,6.0,-2.5400000000000205,-0.8900000000000001,-1.37,-0.12,0.1099999999999999,-0.03,-0.0799999999999999,0.24,-1.6,1,1,0
-5.0800000000000125,-3.0,-2.539999999999992,-0.96,1.4500000000000002,-0.06,-0.0299999999999999,-0.38,-0.3299999999999999,0.21,1.7,5,7,0
-12.699999999999989,15.0,-7.6200000000000045,-3.0900000000000003,-4.74,0.09,-0.0699999999999999,2.27,0.55,0.14,0.4,4,4,1
7.6200000000000045,5.0,7.6200000000000045,0.8399999999999999,-0.56,0.01,0.0299999999999999,0.7000000000000001,-0.07,-0.0799999999999999,0.0999999999999999,-4,-4,1
12.699999999999989,3.0,0.0,-2.04,-2.11,0.0499999999999999,0.02,-2.46,-0.45,-0.3299999999999999,-0.2,7,5,0
2.5400000000000205,-1.0,-2.539999999999992,-2.26,-0.2999999999999998,-0.15,0.04,1.27,0.0099999999999999,0.1299999999999999,0.1999999999999999,5,4,1
2.539999999999992,-8.0,10.159999999999997,2.67,-0.27,0.1,0.0499999999999999,1.49,0.41,0.5,0.9,4,-1,1
-12.699999999999989,1.0,0.0,0.3900000000000005,-2.01,0.04,0.1499999999999999,-1.2,-0.33,-0.14,-0.7,10,9,0
2.539999999999992,-4.0,-2.539999999999992,-1.8900000000000008,-2.21,0.12,-0.07,6.4,0.24,-0.04,2.9,-4,-5,1
2.539999999999992,2.0,7.6200000000000045,1.0,1.92,-0.1899999999999999,0.01,-1.29,-0.0799999999999999,-0.0999999999999999,-0.2999999999999998,4,1,1
7.6200000000000045,3.0,7.6200000000000045,-1.0399999999999996,-3.129999999999999,0.1,0.1099999999999999,0.1499999999999999,0.3,0.2099999999999999,-0.2,9,4,1
5.0800000000000125,-4.0,2.539999999999992,0.71,1.1800000000000002,-0.0899999999999999,-0.04,-0.77,-0.1699999999999999,-0.25,0.7000000000000001,-1,0,0
-12.700000000000015,10.0,-5.079999999999984,-2.4800000000000004,-1.4699999999999998,0.06,0.0199999999999999,1.42,-0.1,0.06,0.3999999999999999,2,5,1
12.699999999999989,-2.0,2.539999999999992,2.06,0.6999999999999997,0.09,-0.04,-1.94,0.23,0.0399999999999999,-0.0999999999999999,-3,-4,0
0.0,4.0,-10.159999999999997,-1.6,1.4999999999999996,-0.05,-0.18,3.7,0.0099999999999999,-0.3299999999999999,0.0999999999999999,9,8,0
-10.159999999999997,1.0,-12.700000000000015,-2.2299999999999995,-1.63,-0.1399999999999999,0.1099999999999999,0.0,0.0,0.82,0.0,-1,-2,1
0.0,-2.0,2.539999999999992,-0.3700000000000001,-0.6400000000000001,0.0,-0.03,0.66,-0.0499999999999999,-0.26,0.4,-4,3,1
-15.240000000000007,-2.0,-2.539999999999992,1.4799999999999995,0.27,0.0899999999999999,-0.08,3.14,0.08,0.4599999999999999,2.1,-12,-11,1
-7.6200000000000045,-1.0,-2.539999999999992,-2.84,-1.4400000000000004,-0.08,0.0099999999999998,0.63,-0.09,-0.03,-0.1,2,4,0
-10.159999999999997,4.0,-5.0800000000000125,1.7100000000000004,3.8,-0.0399999999999999,0.1099999999999999,-2.22,0.13,0.14,-0.3,5,4,1
17.78,1.0,12.700000000000015,-0.6300000000000003,-0.6000000000000001,0.1,-0.0299999999999999,-3.71,0.43,-0.19,0.9,4,-2,1
-2.5400000000000205,-2.0,-12.699999999999989,-0.6899999999999995,-2.92,0.02,0.09,-1.63,-0.46,0.07,-0.8,-16,-8,0
2.539999999999992,5.0,-2.539999999999992,0.8200000000000001,-1.74,0.1099999999999999,-0.0899999999999999,0.33,0.0799999999999999,0.59,2.2,12,0,1
-7.619999999999976,0.0,-2.5400000000000205,1.85,2.53,-0.06,-0.14,-1.26,-0.4,0.0599999999999999,-0.1,-3,-2,1
7.6200000000000045,-2.0,15.240000000000007,1.3899999999999997,-0.79,-0.0399999999999999,0.0999999999999999,0.71,0.33,0.34,0.6,-10,2,0
-7.6200000000000045,-7.0,-10.159999999999997,1.04,-2.58,0.24,0.19,1.39,0.64,-0.05,-0.5,9,1,1
-5.079999999999984,5.0,2.539999999999992,0.7200000000000002,-1.9200000000000004,0.12,-0.0499999999999999,-1.0,-0.1,-0.3,0.6,-3,-2,0
7.619999999999976,-5.0,-2.5400000000000205,0.3399999999999998,-0.5300000000000002,0.0799999999999999,-0.07,0.42,-0.0999999999999999,-0.42,0.0,0,-3,0
-10.159999999999997,-1.0,-5.079999999999984,2.27,1.1799999999999995,0.1,-0.0699999999999999,1.06,0.0199999999999999,0.28,-0.5,-4,0,0
15.240000000000007,2.0,5.079999999999984,1.5300000000000002,-2.86,0.1099999999999999,0.2,0.58,0.21,-0.0699999999999999,0.5,-3,-5,1
-2.5400000000000205,3.0,0.0,0.0100000000000006,-0.79,-0.03,0.0299999999999999,-0.8499999999999999,-0.07,0.13,-0.5,7,0,1
-2.539999999999992,0.0,12.699999999999989,0.6600000000000001,-0.0500000000000002,0.21,0.04,-0.64,-0.0499999999999999,0.1099999999999999,1.5,-4,-2,1
-2.539999999999992,2.0,0.0,-1.3400000000000003,-0.6599999999999997,-0.15,0.01,1.04,-0.1099999999999999,-0.04,0.0,1,4,0
0.0,-3.0,2.539999999999992,-0.8199999999999998,-1.87,0.0,0.12,1.06,0.6,0.53,0.3999999999999999,-1,-3,1
0.0,-2.0,7.6200000000000045,-0.3500000000000005,0.0899999999999998,-0.02,0.0099999999999998,-1.65,-0.38,-0.2199999999999999,0.0999999999999999,-5,1,0
7.6200000000000045,1.0,5.0800000000000125,0.2399999999999997,2.0700000000000003,-0.02,0.06,-1.79,0.0999999999999999,0.54,-0.7,10,1,1
-10.159999999999997,10.0,-5.0800000000000125,-0.2600000000000007,-1.0999999999999996,0.0499999999999999,0.04,-0.31,-0.2,0.0799999999999999,0.0,2,4,0
12.699999999999989,0.0,7.619999999999976,0.8300000000000001,-2.28,0.19,0.21,-0.1899999999999999,0.03,0.1,0.2,7,3,1
5.079999999999984,-6.0,0.0,2.18,-1.8999999999999997,0.03,0.0299999999999999,-0.04,-0.03,0.69,-0.8999999999999999,-4,-4,1
-2.5400000000000205,5.0,-7.6200000000000045,-1.5500000000000005,-0.4299999999999997,-0.08,-0.09,-1.37,-0.37,-0.2299999999999999,0.2,-5,0,0
5.0800000000000125,6.0,2.539999999999992,-0.7599999999999998,1.3,-0.09,-0.0499999999999999,-2.4099999999999997,-0.08,-0.25,0.6,-1,3,1
5.079999999999984,4.0,-5.0800000000000125,1.6100000000000003,0.4000000000000003,-0.01,0.0,1.5699999999999998,0.1099999999999999,0.19,-0.3,-2,1,0
-12.700000000000015,-7.0,-5.0800000000000125,2.1000000000000005,3.7,0.0899999999999999,-0.06,-0.2499999999999999,0.46,0.15,-1.0,-2,-3,1
5.0800000000000125,4.0,2.5400000000000205,-0.9300000000000002,1.37,0.05,0.03,-5.9399999999999995,0.18,0.1099999999999999,-0.1999999999999999,14,4,0
-2.5400000000000205,-2.0,0.0,0.5500000000000003,1.12,0.0399999999999999,-0.02,0.0699999999999999,0.0299999999999999,-0.03,-0.4999999999999999,-1,-3,0
10.159999999999997,-3.0,2.539999999999992,-0.6400000000000001,-4.140000000000001,0.0699999999999999,0.14,0.76,0.3,0.5,-1.2,3,-1,1
7.6200000000000045,5.0,2.539999999999992,-0.4599999999999995,1.15,-0.04,0.05,-2.890000000000001,-0.21,0.5900000000000001,-0.8,8,6,1
17.78,9.0,7.6200000000000045,-2.57,0.0,-0.1099999999999999,-0.0299999999999999,-1.0699999999999998,-0.15,0.24,0.2,-2,1,0
-17.78,-4.0,0.0,-2.73,-2.0599999999999996,0.0299999999999999,-0.06,-0.5099999999999998,-0.07,-0.5700000000000001,0.7,0,0,0
0.0,-4.0,-2.539999999999992,0.7599999999999998,0.48,-0.2199999999999999,0.02,-0.7999999999999998,-0.42,-0.36,0.2999999999999999,4,-4,1
5.079999999999984,0.0,0.0,1.5999999999999996,2.1300000000000003,0.0399999999999999,0.0299999999999999,-1.38,-0.06,0.0,0.0,15,3,1
0.0,-6.0,-5.0800000000000125,-0.5999999999999996,4.579999999999999,-0.1199999999999999,-0.2,-1.1100000000000003,0.1099999999999999,-0.63,1.2,-1,2,0
5.0800000000000125,-8.0,0.0,0.3999999999999994,2.870000000000001,0.1599999999999999,-0.1999999999999999,-2.29,-0.0299999999999999,-0.13,0.8,-1,5,1
-5.0800000000000125,6.0,-5.0800000000000125,0.7599999999999998,0.0999999999999996,0.0,0.04,0.2,0.2299999999999999,0.41,0.8,6,3,1
-5.079999999999984,3.0,0.0,2.9299999999999997,1.89,-0.01,-0.12,-2.33,-0.66,0.3399999999999999,-0.4,-4,-4,1
10.159999999999997,-1.0,5.079999999999984,-1.5400000000000005,0.1200000000000001,-0.0299999999999999,-0.1299999999999999,1.42,0.16,-0.25,0.1,1,9,0
-5.0800000000000125,5.0,2.5400000000000205,-0.5099999999999998,2.8,0.0399999999999999,-0.09,-0.49,-0.22,-0.14,-0.4,-5,-2,1
-7.6200000000000045,-2.0,-2.539999999999992,1.2499999999999996,1.96,0.06,-0.1,-1.0799999999999998,-0.1099999999999999,0.3899999999999999,-1.6,-13,-7,0
7.6200000000000045,9.0,2.5400000000000205,1.1300000000000008,1.1800000000000006,0.01,-0.01,-2.66,-0.12,-0.1099999999999999,-1.0,4,10,1
-2.539999999999992,1.0,0.0,0.0899999999999998,2.24,0.04,-0.0299999999999999,-0.38,-0.25,0.5800000000000001,-0.3,5,-2,1
0.0,-2.0,-2.539999999999992,0.0200000000000004,0.6499999999999999,-0.07,0.0899999999999999,1.56,0.1099999999999999,0.04,0.3,-2,-1,0
-7.6200000000000045,3.0,-15.240000000000007,3.03,-1.6000000000000003,0.0,0.31,0.24,0.5,0.25,1.0,12,3,1
12.699999999999989,-8.0,0.0,-0.4100000000000001,-0.5299999999999994,0.0499999999999999,-0.21,1.27,0.27,-0.2299999999999999,0.2,-9,-7,0
-5.079999999999984,6.0,-5.079999999999984,-1.44,-4.37,0.02,0.03,6.390000000000001,0.37,0.4,0.9,13,7,0
-7.6200000000000045,8.0,-5.079999999999984,-3.5899999999999994,-0.7800000000000002,-0.06,0.06,0.88,0.33,-0.0799999999999999,0.1,10,10,0
0.0,-1.0,0.0,0.2000000000000001,-0.3199999999999994,0.02,-0.0499999999999999,0.5800000000000001,0.1599999999999999,-0.25,0.6,7,3,0
7.6200000000000045,-2.0,0.0,-1.2799999999999998,1.48,-0.25,-0.0599999999999999,0.51,0.1099999999999999,-1.0,0.0,4,0,1
2.5400000000000205,8.0,-7.6200000000000045,-1.27,-1.0499999999999998,-0.15,0.1499999999999999,-1.84,-0.44,0.11,-1.8,4,1,0
-2.539999999999992,3.0,0.0,1.0599999999999996,0.04,0.0,-0.01,-4.329999999999999,-0.24,-0.1399999999999999,-0.5,0,1,0
-5.0800000000000125,-3.0,-2.539999999999992,2.06,-5.57,0.16,0.0399999999999999,-2.48,-0.19,0.35,1.0,1,-2,1
2.539999999999992,8.0,5.0800000000000125,-1.7799999999999998,-0.6299999999999999,-0.06,-0.0899999999999999,-0.69,-0.3,0.3399999999999999,0.1,14,11,0
10.160000000000023,-4.0,7.619999999999976,2.3099999999999996,0.0100000000000002,0.1,0.0,0.3600000000000001,-0.0899999999999999,-0.13,0.6,-5,-5,1
-25.40000000000001,-7.0,-10.159999999999997,0.2099999999999999,0.6200000000000001,-0.0699999999999999,-0.0899999999999999,2.22,0.58,0.3799999999999999,0.4,1,0,1
-5.0800000000000125,-3.0,0.0,1.6399999999999997,2.3800000000000003,0.1099999999999999,0.01,-1.7999999999999998,-0.0399999999999999,0.18,1.0,2,-2,1
0.0,-1.0,-5.0800000000000125,-1.3899999999999997,-0.3200000000000003,-0.04,-0.0699999999999999,-0.79,0.01,-0.59,0.1,-11,0,0
2.5400000000000205,-1.0,7.6200000000000045,-0.7000000000000002,0.3899999999999997,0.0499999999999999,-0.06,1.11,0.13,-0.25,0.5,-3,-3,1
-12.700000000000015,8.0,0.0,-5.780000000000001,-2.1300000000000003,0.02,-0.15,0.53,0.26,-0.2199999999999999,0.0,9,10,0
5.0800000000000125,1.0,-2.539999999999992,0.2000000000000001,0.7599999999999998,0.0299999999999999,-0.0899999999999999,-0.0599999999999996,0.0399999999999999,-0.1499999999999999,0.0,3,-3,1
-2.539999999999992,-4.0,-2.539999999999992,0.4300000000000001,-2.22,0.05,0.1299999999999999,0.53,0.0499999999999999,0.38,-0.6,-18,-18,1
-7.6200000000000045,2.0,-5.079999999999984,1.2399999999999998,-0.04,-0.02,0.0399999999999999,-0.6799999999999999,-0.35,0.0499999999999999,-0.1,12,2,1
5.0800000000000125,2.0,0.0,2.49,0.9300000000000006,-0.0799999999999999,-0.0699999999999999,0.42,-0.07,0.12,-1.4,7,1,1
0.0,7.0,5.079999999999984,0.1399999999999996,-0.81,0.13,-0.0899999999999999,-1.83,-0.14,-0.1099999999999999,-0.3,-2,-1,1
5.079999999999984,-11.0,-2.539999999999992,0.9800000000000004,-1.5299999999999998,-0.08,0.04,-2.1900000000000004,0.0799999999999999,0.41,0.0,7,-4,1
-5.079999999999984,-6.0,2.539999999999992,-0.6600000000000001,-2.0500000000000003,0.16,-0.06,1.0,0.33,0.14,0.1999999999999999,4,-2,1
7.6200000000000045,2.0,-7.6200000000000045,-1.6100000000000003,0.5499999999999998,-0.09,-0.12,1.02,0.28,0.05,0.0,-7,-3,1
-12.699999999999989,-6.0,0.0,-0.3500000000000001,1.8499999999999996,-0.02,-0.0399999999999999,1.92,0.4,-0.12,0.0,5,-1,1
5.079999999999984,3.0,-2.5400000000000205,-4.1899999999999995,-0.94,-0.16,-0.07,2.26,-0.47,-0.69,-1.7,4,1,1
5.0800000000000125,-1.0,7.619999999999976,-0.8700000000000001,-2.89,-0.07,0.03,1.53,0.3,-0.12,0.4,-7,-2,1
5.079999999999984,1.0,2.5400000000000205,2.58,1.86,-0.0899999999999999,-0.1599999999999999,-1.21,0.0,0.26,0.5,10,0,1
-5.079999999999984,-5.0,-5.0800000000000125,0.3499999999999996,-1.0599999999999996,0.15,-0.07,0.76,-0.01,-0.2999999999999999,1.0,12,1,1
2.539999999999992,2.0,0.0,0.5999999999999996,0.2700000000000004,0.02,0.13,1.16,0.26,-0.11,0.3999999999999999,8,2,1
2.539999999999992,2.0,2.539999999999992,-2.17,-1.06,-0.0099999999999999,-0.1,1.19,-0.11,-0.43,1.5,-2,0,0
5.0800000000000125,-1.0,7.6200000000000045,1.6500000000000004,1.2000000000000002,-0.11,-0.07,1.39,-0.0199999999999999,-0.0299999999999999,0.0,-10,-2,0
7.619999999999976,-6.0,2.5400000000000205,-0.8199999999999998,-0.6199999999999997,-0.0799999999999999,-0.0999999999999999,2.51,-0.12,0.32,-0.2,3,0,1
0.0,-7.0,-7.6200000000000045,2.83,0.3599999999999999,0.14,0.09,0.07,0.13,0.3199999999999999,-0.5,6,-2,1
2.539999999999992,4.0,-5.079999999999984,-4.27,-0.3700000000000001,-0.12,-0.09,-1.33,-0.1,-0.21,0.3,3,4,0
0.0,-10.0,-5.079999999999984,-2.92,-1.7899999999999998,-0.07,-0.02,5.27,0.1799999999999999,-0.63,0.4,-2,-6,1
15.240000000000007,3.0,5.079999999999984,-0.77,-1.4099999999999997,-0.03,-0.07,-0.95,-0.1,-0.16,-0.7,-3,0,1
17.78,0.0,5.0800000000000125,-0.7600000000000002,-1.46,0.06,0.1399999999999999,-0.8800000000000001,-0.09,0.04,0.7,-1,-4,0
-7.6200000000000045,2.0,0.0,-1.5500000000000005,-0.4300000000000001,-0.01,-0.06,1.74,-0.0399999999999999,-0.1599999999999999,1.0,-9,0,0
-5.0800000000000125,2.0,-7.6200000000000045,-0.5800000000000001,2.55,-0.08,-0.03,0.48,0.0,-0.01,0.5,0,-2,0
-7.6200000000000045,2.0,-2.539999999999992,0.1299999999999999,-0.0199999999999995,-0.08,0.0499999999999999,0.4399999999999999,-0.31,0.13,0.0,4,9,0
2.539999999999992,-3.0,2.539999999999992,1.1,0.8999999999999999,-0.09,-0.05,-0.02,0.0099999999999999,-0.13,0.0,0,3,1
-5.079999999999984,6.0,0.0,-0.4099999999999992,1.8299999999999996,-0.16,-0.0599999999999999,0.3,-0.56,-0.16,0.4,0,2,1
15.240000000000007,5.0,5.0800000000000125,1.8400000000000007,2.4700000000000006,0.04,-0.0099999999999998,0.3399999999999999,0.3399999999999999,0.43,-0.1999999999999999,0,-4,1
5.0800000000000125,3.0,-2.539999999999992,1.4299999999999995,2.27,-0.06,0.04,-0.99,-0.06,0.1399999999999999,-1.2,-4,-3,1
-10.159999999999997,-5.0,7.6200000000000045,0.8900000000000001,0.6199999999999997,0.0,-0.04,-1.35,-0.0499999999999999,-0.44,0.0,-2,-2,1
-5.0800000000000125,2.0,-5.0800000000000125,-0.8300000000000001,1.4099999999999997,-0.1499999999999999,0.04,2.0700000000000003,0.06,-0.03,-0.2999999999999999,3,4,1
0.0,-2.0,7.6200000000000045,4.5,-0.33,0.01,0.1699999999999999,-3.03,-0.29,-0.0399999999999999,-3.1999999999999997,7,3,1
-5.0800000000000125,5.0,-2.539999999999992,2.04,0.1800000000000001,0.0399999999999999,0.0599999999999999,-1.54,-0.25,-0.17,-0.2,4,3,1
2.539999999999992,7.0,2.539999999999992,-0.2000000000000001,-0.6299999999999999,-0.08,0.12,-1.79,0.6,0.2,-0.7,-4,1,0
10.159999999999997,11.0,7.6200000000000045,-4.41,-3.2300000000000004,-0.1699999999999999,-0.1,1.07,0.0699999999999999,-0.56,0.6,1,0,0
-2.539999999999992,8.0,0.0,-1.4200000000000004,-1.7599999999999998,-0.04,0.1099999999999999,1.66,-0.05,-0.3399999999999999,0.6,20,13,0
10.159999999999997,-2.0,-12.699999999999989,-2.9600000000000004,-0.92,0.0599999999999999,0.0399999999999999,1.94,0.3,0.2599999999999999,0.5,6,-2,1
-5.0800000000000125,7.0,-2.539999999999992,0.1100000000000003,1.8600000000000003,-0.0899999999999999,0.01,-0.4,0.3,0.0399999999999999,-1.2,11,2,0
5.079999999999984,-3.0,0.0,-1.08,-0.9800000000000004,-0.01,-0.07,0.09,0.0,-0.54,0.0,-4,-2,0
-7.6200000000000045,6.0,-2.539999999999992,-1.65,-0.0900000000000003,0.06,0.1599999999999999,-0.8,-0.09,0.34,-0.2,-2,-1,1
-2.5400000000000205,8.0,-5.079999999999984,-0.1900000000000004,-0.6600000000000001,-0.07,0.0299999999999999,-1.7999999999999998,0.0699999999999999,0.05,-0.1,6,12,0
-7.6200000000000045,0.0,0.0,-1.24,-3.62,0.02,-0.0399999999999999,-0.3500000000000001,-0.1899999999999999,-0.08,-0.0999999999999998,5,3,1
0.0,3.0,2.539999999999992,-0.4300000000000001,-1.0699999999999998,0.16,-0.03,0.0399999999999999,0.1099999999999999,0.14,-0.0999999999999999,0,-6,1
10.159999999999997,2.0,12.700000000000015,-0.8399999999999999,1.5500000000000005,-0.07,-0.0699999999999999,0.87,0.18,-0.19,0.3,1,-1,1
22.859999999999985,-2.0,10.160000000000023,2.56,2.4800000000000004,-0.06,-0.0699999999999999,-0.12,0.0499999999999999,0.38,-0.3,3,-1,1
-2.539999999999992,3.0,0.0,0.73,0.87,0.05,-0.0599999999999999,0.1200000000000001,0.29,-0.3799999999999999,-1.7,-2,-1,0
7.619999999999976,-6.0,12.699999999999989,-0.7499999999999996,-1.02,-0.04,-0.0299999999999999,-0.39,-0.2799999999999999,0.14,0.1,7,-3,1
5.0800000000000125,3.0,-12.700000000000015,-1.0099999999999998,-1.31,0.09,-0.01,1.51,-0.16,-0.14,-0.0999999999999999,1,-3,1
-7.6200000000000045,-3.0,-7.6200000000000045,0.91,0.6800000000000002,-0.21,0.12,0.6599999999999999,-0.36,0.07,-0.2,19,4,0
5.0800000000000125,8.0,-2.539999999999992,-1.4999999999999996,0.08,-0.01,0.1499999999999999,0.52,0.42,0.15,-0.3,12,4,0
-15.240000000000007,4.0,-20.319999999999993,-1.3099999999999996,-1.1,0.05,0.12,0.89,-0.19,-0.12,-1.2,-4,-3,0
-5.079999999999984,0.0,-12.699999999999989,-1.4500000000000002,-1.3000000000000005,-0.04,0.0499999999999999,0.4200000000000001,0.1099999999999999,-0.25,0.5,1,0,1
2.5400000000000205,-4.0,12.699999999999989,-0.0100000000000006,-3.46,0.1,0.06,-0.2799999999999999,0.25,0.1599999999999999,-0.3,3,-5,1
-5.079999999999984,6.0,0.0,-3.1100000000000003,-1.6199999999999997,-0.07,0.0,-2.22,-0.25,0.41,-0.8,-1,8,0
2.539999999999992,5.0,-2.539999999999992,1.26,1.86,-0.02,0.0,-3.69,-0.12,0.29,-1.1,-6,5,0
2.539999999999992,12.0,2.539999999999992,-0.8400000000000003,1.2900000000000005,-0.16,0.01,-0.86,-0.0299999999999999,0.0399999999999999,0.4,1,9,0
-5.079999999999984,6.0,-5.0800000000000125,1.2399999999999998,-1.0300000000000002,0.12,0.1199999999999999,0.7299999999999999,0.1499999999999999,0.0799999999999999,-1.4,0,0,0
5.079999999999984,-6.0,-7.6200000000000045,0.7600000000000002,-1.16,-0.03,-0.0499999999999999,-1.8800000000000003,0.01,-0.15,-0.1,-3,1,0
7.619999999999976,7.0,5.0800000000000125,-0.6499999999999999,0.0099999999999997,-0.1499999999999999,0.01,0.6799999999999999,0.11,-0.4599999999999999,-1.5,11,12,0
0.0,-2.0,2.539999999999992,-0.8100000000000005,0.0599999999999996,-0.0999999999999999,-0.05,0.98,0.33,-0.1599999999999999,0.2,7,5,1
-2.539999999999992,-5.0,-2.5400000000000205,-0.5099999999999998,1.2400000000000002,-0.0199999999999999,0.04,-1.2900000000000005,0.07,0.04,0.9,-2,-4,1
7.6200000000000045,4.0,5.0800000000000125,-2.42,3.73,-0.2099999999999999,-0.36,-3.64,0.1899999999999999,-0.2199999999999999,-0.3,-2,3,0
5.0800000000000125,2.0,-5.079999999999984,2.77,1.9800000000000004,-0.03,0.04,-4.18,-0.3,-0.0799999999999999,-1.6,21,8,1
0.0,4.0,10.159999999999997,1.7199999999999998,-0.5200000000000005,0.0699999999999999,-0.02,0.1899999999999999,0.18,0.1099999999999999,0.3,4,-3,1
-7.6200000000000045,-4.0,-2.539999999999992,-1.0900000000000003,0.0499999999999998,0.01,0.01,-0.5100000000000002,-0.2399999999999999,0.04,-1.3,22,0,1
5.079999999999984,-6.0,5.0800000000000125,1.13,2.0399999999999996,-0.01,-0.13,-2.98,-0.0799999999999999,0.0899999999999999,0.2,2,0,0
0.0,-5.0,-5.0800000000000125,-1.2800000000000002,0.1299999999999999,-0.12,-0.1099999999999999,-3.29,-0.25,-0.41,2.0,-7,1,0
-7.6200000000000045,7.0,-7.6200000000000045,-2.3000000000000003,0.6499999999999995,-0.07,0.01,-0.51,-0.03,-0.06,-0.3,10,13,0
-15.23999999999998,-3.0,-2.5400000000000205,0.4699999999999997,0.8299999999999992,0.0,-0.09,-0.53,-0.2299999999999999,-0.6000000000000001,0.3999999999999999,-1,-5,1
5.079999999999984,-3.0,12.700000000000015,1.08,2.4899999999999993,0.03,-0.0699999999999999,-0.49,-0.08,0.45,0.0,4,3,0
-15.240000000000007,9.0,-2.539999999999992,0.8599999999999994,0.4599999999999999,0.0,0.0999999999999999,0.3099999999999999,0.0399999999999999,0.1099999999999999,-0.3999999999999999,8,4,0
2.539999999999992,-6.0,-2.539999999999992,0.8799999999999999,0.3000000000000002,-0.07,-0.02,-0.4599999999999999,0.07,-0.01,-0.6,1,1,1
5.0800000000000125,1.0,-2.539999999999992,-1.2600000000000002,-2.0900000000000003,-0.03,0.0499999999999999,0.31,0.1,-0.05,0.0,12,-1,1
-7.6200000000000045,1.0,-2.539999999999992,-1.2199999999999998,-0.3099999999999996,-0.11,0.0,-2.46,-0.45,-0.47,2.1,-6,-1,0
0.0,-7.0,-5.079999999999984,0.6000000000000005,0.8800000000000008,-0.0799999999999999,0.1199999999999999,0.0,0.0,0.48,-1.4,8,2,1
7.6200000000000045,8.0,7.6200000000000045,-0.5800000000000001,1.93,0.01,-0.14,1.66,0.0899999999999999,-0.1099999999999999,0.4,-7,-2,0
2.539999999999992,2.0,5.0800000000000125,2.22,2.37,-0.06,0.12,-1.1900000000000002,-0.19,-0.1100000000000001,-0.4,10,8,0
12.699999999999989,-9.0,2.539999999999992,0.3500000000000001,-0.0899999999999998,-0.01,0.0699999999999999,1.07,0.0,-0.15,0.7,5,1,1
5.079999999999984,-1.0,2.539999999999992,0.1400000000000005,1.99,-0.15,-0.22,0.2099999999999999,0.07,-0.18,-0.5,7,2,1
12.699999999999989,5.0,2.5400000000000205,-0.9899999999999998,0.1299999999999999,-0.18,0.06,-2.0,-0.06,0.0999999999999999,0.1,3,10,0
17.78,1.0,15.240000000000007,0.7800000000000002,-2.49,0.1499999999999999,0.09,-2.1700000000000004,-0.18,0.5,0.2,5,3,1
0.0,4.0,-2.539999999999992,-0.6000000000000001,0.4199999999999999,-0.13,0.09,-0.8200000000000001,0.15,-0.4899999999999999,-0.5999999999999999,1,-1,1
-10.159999999999997,13.0,-2.539999999999992,-1.5799999999999996,-0.7400000000000002,-0.06,0.1099999999999999,1.5,-0.1699999999999999,-0.08,0.6000000000000001,4,5,0
-5.0800000000000125,6.0,-2.539999999999992,-0.1100000000000003,-0.5300000000000002,0.04,0.04,0.56,-0.13,-0.15,-0.7000000000000001,4,1,1
-5.079999999999984,-2.0,-5.079999999999984,-0.3399999999999998,0.1899999999999999,0.03,-0.0899999999999999,2.02,-0.2,-0.14,0.3,8,-2,1
2.5400000000000205,0.0,2.539999999999992,0.0,3.7,-0.04,-0.1499999999999999,-1.34,0.6,0.04,-0.6,-3,1,0
-7.6200000000000045,-9.0,2.539999999999992,4.210000000000001,2.129999999999999,0.08,0.01,-2.16,-0.1299999999999999,0.0399999999999999,-0.4999999999999999,-3,-4,1
2.5400000000000205,2.0,5.079999999999984,0.2799999999999998,-0.2200000000000002,-0.0399999999999999,-0.09,0.87,0.54,0.0199999999999999,-0.3,0,3,0
-10.159999999999997,-7.0,0.0,-1.9399999999999995,2.4600000000000004,-0.3,0.0299999999999999,-1.31,-0.44,-0.43,-0.7,-6,-2,1
5.0800000000000125,0.0,12.700000000000015,-0.02,1.11,-0.02,-0.0399999999999999,-5.84,0.0299999999999999,0.58,1.2,16,2,1
7.619999999999976,2.0,5.079999999999984,-2.03,-0.8799999999999999,0.12,0.08,1.35,0.0699999999999999,0.06,0.8,7,5,1
5.0800000000000125,-12.0,5.079999999999984,-2.33,0.4400000000000004,0.08,-0.3399999999999999,5.1,0.6,-0.3,0.8,8,2,0
-10.160000000000023,7.0,-2.539999999999992,-0.8399999999999999,5.07,0.0499999999999999,-0.0399999999999999,0.81,-0.14,0.36,-0.3,-7,0,0
5.079999999999984,-1.0,12.699999999999989,1.6599999999999997,0.2200000000000002,0.0799999999999999,0.07,0.49,0.63,-0.02,0.2,23,5,1
-2.539999999999992,2.0,0.0,-0.6699999999999999,0.6299999999999999,-0.0299999999999999,-0.04,-3.69,-0.2,-0.13,0.0999999999999999,0,7,0
0.0,-1.0,0.0,-1.42,-0.92,0.06,0.0499999999999999,0.36,0.66,0.3199999999999999,0.5,-3,0,0
0.0,-5.0,-7.6200000000000045,0.4700000000000002,0.5700000000000003,-0.2299999999999999,-0.04,1.6,0.03,-0.76,4.1,9,-1,1
20.319999999999993,1.0,5.0800000000000125,-0.1899999999999999,1.4000000000000004,-0.02,-0.2,1.27,0.27,-0.36,-0.3,8,3,1
5.079999999999984,7.0,-7.6200000000000045,3.49,-0.5600000000000005,0.3899999999999999,0.36,0.67,0.33,0.42,0.3,-4,-10,1
2.539999999999992,1.0,2.539999999999992,-2.08,-0.3599999999999994,-0.06,-0.1099999999999999,0.7200000000000001,0.02,0.01,0.6000000000000001,-2,3,0
-7.619999999999976,2.0,2.539999999999992,0.0699999999999998,-0.99,0.1,-0.04,0.6799999999999999,0.07,-0.26,1.2,-8,0,1
7.6200000000000045,5.0,10.159999999999997,0.6699999999999999,1.56,-0.0699999999999999,-0.02,-0.1,-0.1599999999999999,-0.1999999999999999,-0.2999999999999998,13,5,1
2.5400000000000205,3.0,5.079999999999984,-3.58,-2.7300000000000004,-0.06,0.07,-4.1,0.63,-0.1399999999999999,-0.8,-1,4,0
5.0800000000000125,-1.0,10.159999999999997,-1.38,-1.8099999999999996,-0.12,0.11,-3.0000000000000004,-0.1599999999999999,-0.07,1.5,-11,-5,0
7.6200000000000045,-9.0,5.079999999999984,2.01,-0.8200000000000003,0.0499999999999999,0.03,-1.3,-0.19,-0.0899999999999999,-0.2,-3,-7,1
-5.079999999999984,-3.0,0.0,1.15,-1.4099999999999997,0.05,0.08,3.13,0.19,0.5,0.3,8,-5,1
-2.5400000000000205,-7.0,-2.539999999999992,1.5300000000000002,-1.2100000000000004,0.06,0.02,2.15,0.1099999999999999,0.1699999999999999,1.2,-1,-5,1
2.539999999999992,10.0,0.0,0.1699999999999999,-1.13,-0.0099999999999999,0.05,-0.61,-0.14,-0.14,-0.5,1,3,0
0.0,7.0,-2.539999999999992,-0.25,0.96,-0.13,0.03,-1.07,-0.25,-0.3399999999999999,-0.7,0,-4,0
15.23999999999998,6.0,5.0800000000000125,-1.5,-1.36,0.03,0.07,-0.96,-0.12,0.22,0.3,10,6,1
15.240000000000007,2.0,10.159999999999997,-1.42,-2.2100000000000004,0.03,-0.0599999999999999,-2.5700000000000003,-0.0799999999999999,-0.3299999999999999,1.7,4,5,0
5.0800000000000125,3.0,7.619999999999976,-1.12,0.8700000000000001,-0.03,-0.03,-0.04,-0.24,0.22,-1.0,-1,2,0
15.23999999999998,-7.0,15.23999999999998,1.89,-0.77,0.23,0.08,1.49,0.4,0.5,0.8,0,0,1
10.159999999999997,-6.0,7.6200000000000045,-4.01,-5.58,0.14,-0.1099999999999999,5.529999999999999,0.3299999999999999,0.0899999999999999,1.7000000000000002,6,-6,1
5.079999999999984,8.0,-5.079999999999984,-2.22,0.0,-0.1999999999999999,0.0,0.06,0.0,0.1699999999999999,0.0,2,2,0
0.0,-4.0,-2.539999999999992,0.4699999999999997,-0.4800000000000004,0.13,0.0499999999999999,0.3,0.1599999999999999,0.0499999999999999,0.1,8,-3,1
12.700000000000015,-5.0,12.699999999999989,2.6900000000000004,-1.0600000000000005,0.06,0.0,-0.4599999999999999,-0.0199999999999999,0.12,1.7000000000000002,3,-1,1
-2.539999999999992,0.0,-5.079999999999984,-1.37,-1.4499999999999995,0.0399999999999999,-0.04,-0.38,0.3,-0.1499999999999999,0.0,-1,-2,0
0.0,9.0,-5.079999999999984,-0.5999999999999996,0.6100000000000003,0.0,0.0,0.2700000000000001,0.25,-0.2199999999999999,0.0999999999999999,15,7,1
10.159999999999997,2.0,10.160000000000023,-1.0200000000000005,0.48,-0.0299999999999999,-0.0199999999999999,-2.88,-0.2199999999999999,-0.29,1.5,4,-1,1
2.539999999999992,6.0,-2.539999999999992,0.0999999999999996,-0.2900000000000005,-0.0499999999999999,0.02,-0.4299999999999999,0.06,0.29,-1.6,-2,-2,1
5.0800000000000125,5.0,15.23999999999998,-0.0499999999999998,1.0800000000000003,-0.06,0.01,-1.7599999999999998,-0.36,-0.35,-0.3999999999999999,6,1,1
0.0,5.0,0.0,-1.580000000000001,4.290000000000001,-0.1199999999999999,-0.05,-2.1499999999999995,-0.35,-0.15,-1.6,7,8,0
2.5400000000000205,-5.0,-2.539999999999992,0.2099999999999999,0.9200000000000004,-0.1699999999999999,0.0999999999999999,-1.23,-0.01,0.1899999999999999,1.3000000000000005,-10,-4,0
-2.539999999999992,2.0,-5.079999999999984,-0.5800000000000001,1.2000000000000002,0.0099999999999999,-0.0599999999999999,-0.09,-0.1799999999999999,0.2299999999999999,0.0,-1,-3,1
-2.5400000000000205,-3.0,-2.539999999999992,2.4499999999999993,0.8799999999999999,-0.01,0.1399999999999999,-2.3899999999999997,0.0799999999999999,0.38,-0.3,8,15,1
0.0,-4.0,0.0,-3.1000000000000005,-1.9100000000000008,-0.0999999999999999,-0.0499999999999999,1.69,0.0499999999999999,-0.02,0.9,3,-10,1
5.0800000000000125,-8.0,-2.539999999999992,-0.4600000000000004,-4.02,0.2499999999999999,0.0299999999999999,-0.1599999999999997,0.0499999999999999,0.1799999999999999,2.1,7,-3,1
7.6200000000000045,-6.0,0.0,-1.68,-0.3899999999999997,-0.06,-0.0499999999999999,-0.3200000000000003,-0.09,-0.36,-2.3,-2,-1,0
10.159999999999997,-1.0,-2.539999999999992,-3.81,-4.3100000000000005,-0.0699999999999999,-0.02,2.19,0.15,-0.1999999999999999,2.7,9,5,1
5.079999999999984,-5.0,10.159999999999997,1.5299999999999998,0.8199999999999998,0.0099999999999999,0.0799999999999999,-1.8400000000000003,0.12,0.12,0.2,-7,-1,0
-12.699999999999989,-3.0,-7.6200000000000045,-0.0500000000000007,0.1699999999999999,0.01,-0.09,1.7799999999999998,0.03,0.0399999999999999,0.0,-3,-2,1
-10.159999999999997,2.0,-5.0800000000000125,0.54,-0.5299999999999998,0.03,0.07,0.9099999999999996,0.12,-0.18,0.1999999999999999,0,-3,0
2.539999999999992,4.0,7.6200000000000045,-1.3999999999999997,-2.0,0.07,0.12,0.78,0.39,-0.06,0.5,4,2,1
-10.159999999999997,9.0,-10.159999999999997,-0.0500000000000002,-1.06,0.06,0.0999999999999999,0.74,0.3299999999999999,0.03,0.3,10,1,1
12.699999999999989,-1.0,10.159999999999997,0.1199999999999996,0.5399999999999998,-0.0499999999999999,-0.2,0.99,-0.27,-0.0999999999999999,0.5,0,1,1
-5.0800000000000125,-3.0,2.539999999999992,0.0999999999999996,-1.1399999999999997,-0.02,-0.09,-0.12,0.1599999999999999,-0.0999999999999999,0.1,0,-1,1
-5.0800000000000125,-1.0,-5.079999999999984,-0.4500000000000002,1.3000000000000005,-0.1699999999999999,0.02,-0.71,-0.0499999999999999,0.02,-0.4,-3,-4,1
0.0,-1.0,-5.0800000000000125,-2.01,-0.1500000000000003,-0.06,0.0499999999999999,0.25,1.0,0.66,0.0,1,1,1
-10.159999999999997,3.0,0.0,0.1300000000000003,-0.3399999999999998,0.05,0.0599999999999999,1.15,0.25,0.12,0.0,3,-1,1
-2.539999999999992,-4.0,-2.539999999999992,0.2400000000000002,-1.87,0.05,-0.04,0.85,0.25,0.03,0.6000000000000001,-4,-2,0
0.0,1.0,0.0,-1.2699999999999996,0.96,-0.0899999999999999,-0.19,-1.77,0.09,-0.78,-0.8,2,0,0
0.0,4.0,-5.0800000000000125,0.6000000000000001,-1.2200000000000002,-0.02,0.16,0.28,-0.3399999999999999,-0.07,-0.3,0,0,1
2.539999999999992,5.0,0.0,1.2200000000000006,-1.8300000000000003,-0.0399999999999999,0.06,0.36,-0.04,-0.2399999999999999,-0.6000000000000001,-3,-1,0
-2.539999999999992,10.0,0.0,-2.02,-1.88,0.01,0.0699999999999999,-0.3299999999999999,0.0299999999999999,0.0899999999999999,-0.3999999999999999,21,13,1
5.0800000000000125,4.0,7.6200000000000045,0.5300000000000002,1.4900000000000002,-0.14,0.04,-1.2399999999999998,-0.28,0.1899999999999999,-0.5,7,8,0
-10.159999999999997,5.0,-2.5400000000000205,2.4199999999999995,1.13,0.0599999999999999,0.1199999999999999,-1.7300000000000002,0.04,0.2199999999999999,-1.5,0,4,0
7.6200000000000045,1.0,0.0,0.1299999999999999,0.31,-0.13,0.02,2.52,0.2099999999999999,-0.0399999999999999,0.8,14,3,1
0.0,-2.0,0.0,-0.2000000000000001,-1.14,-0.03,0.0399999999999999,-0.8399999999999999,0.01,0.4799999999999999,-1.5,-12,-11,1
-7.6200000000000045,-1.0,-5.079999999999984,-1.9800000000000004,-4.45,0.07,-0.02,4.23,0.04,-0.54,0.9,1,-10,1
5.0800000000000125,-7.0,0.0,1.91,5.6899999999999995,-0.1599999999999999,-0.2699999999999999,-0.1899999999999999,-0.25,-0.76,0.7999999999999999,-2,1,0
-7.6200000000000045,-1.0,-7.619999999999976,4.0600000000000005,3.5700000000000003,0.04,-0.1099999999999999,-0.1099999999999999,0.2199999999999999,-0.1899999999999999,-0.2,2,2,1
2.539999999999992,-2.0,-2.5400000000000205,-2.05,-4.09,0.07,0.1599999999999999,4.050000000000001,0.2799999999999999,-0.26,0.5,-3,-4,1
7.6200000000000045,2.0,-2.5400000000000205,0.5499999999999998,-1.36,0.03,0.07,4.34,0.52,-0.2,-0.3999999999999999,-2,0,0
7.6200000000000045,4.0,7.6200000000000045,-3.24,-1.1500000000000004,0.04,-0.1,-1.4700000000000002,0.0899999999999999,-0.15,0.2999999999999999,-11,-9,0
-5.079999999999984,15.0,-7.6200000000000045,1.08,0.2299999999999999,-0.1599999999999999,0.1499999999999999,-0.04,0.0,0.07,-0.6,25,17,0
-7.6200000000000045,-4.0,-5.0800000000000125,2.0,-0.31,0.17,0.1,-0.27,0.12,-0.1099999999999999,-0.7000000000000001,2,-7,1
5.0800000000000125,4.0,0.0,-1.04,0.4500000000000002,-0.0299999999999999,-0.0199999999999999,1.0,0.27,0.2099999999999999,-0.3,-3,0,0
7.6200000000000045,-2.0,2.5400000000000205,-2.0900000000000007,0.3600000000000003,0.09,-0.21,1.87,0.2,0.3299999999999999,0.3,-4,-2,0
5.079999999999984,8.0,0.0,-0.1200000000000001,0.29,-0.0499999999999999,0.0,-0.15,0.72,0.05,0.0,-17,0,0
15.240000000000007,-7.0,5.0800000000000125,-0.7600000000000002,-4.85,0.2099999999999999,0.2,0.16,-0.2,-0.5,0.8,-8,-9,1
-5.0800000000000125,-6.0,-5.079999999999984,3.3199999999999994,-2.0599999999999996,0.0999999999999999,-0.04,1.45,0.46,0.58,0.0,15,4,1
-2.539999999999992,2.0,2.539999999999992,-0.92,-1.82,0.07,-0.0599999999999999,3.5599999999999996,0.21,0.52,2.7,3,2,1
-10.159999999999997,-3.0,2.539999999999992,1.8100000000000005,-0.29,0.06,0.08,-1.48,-0.13,-0.42,0.0,-1,2,0
-5.0800000000000125,-8.0,-10.159999999999997,4.82,0.9300000000000002,-0.1699999999999999,-0.1099999999999999,-0.71,-0.33,0.12,0.0,3,0,0
7.6200000000000045,-3.0,0.0,0.6200000000000001,1.5100000000000002,0.09,-0.0499999999999999,-0.94,0.25,-0.31,0.4999999999999999,-1,6,0
10.159999999999997,0.0,-7.619999999999976,0.93,-0.2200000000000002,0.1899999999999999,0.2099999999999999,0.81,0.33,-0.03,0.0,2,-1,1
0.0,2.0,5.0800000000000125,1.58,-1.16,0.08,0.08,0.19,-0.72,0.3399999999999999,1.8,-6,-5,0
0.0,5.0,-5.0800000000000125,-0.3900000000000005,-0.0899999999999998,0.1599999999999999,0.04,0.06,0.08,0.05,1.4,-3,-3,1
10.160000000000023,7.0,5.0800000000000125,0.53,-1.1,0.0899999999999999,0.1099999999999999,2.29,0.0899999999999999,0.0999999999999999,1.9,6,0,1
5.079999999999984,5.0,7.619999999999976,1.4000000000000004,-1.25,0.09,0.01,-0.2499999999999997,0.1499999999999999,-0.19,-0.2,1,0,1
5.0800000000000125,-2.0,5.079999999999984,0.4099999999999997,-0.0599999999999996,-0.02,0.09,0.3899999999999999,-0.08,0.0999999999999999,-0.3,3,4,1
-2.539999999999992,10.0,0.0,-2.0500000000000003,0.2000000000000001,0.06,-0.09,0.06,-0.06,-0.19,0.0,-7,0,0
-2.539999999999992,4.0,-7.6200000000000045,1.4,-4.65,0.14,0.19,1.78,0.3,0.41,0.0,-1,-7,1
0.0,-9.0,-7.6200000000000045,0.6500000000000004,0.8199999999999998,-0.0499999999999999,0.04,3.15,0.1599999999999999,0.22,-0.2,-5,-9,1
-5.0800000000000125,5.0,-17.78,-0.7599999999999998,0.1699999999999999,-0.04,-0.14,-0.26,-0.25,-0.6699999999999999,-0.3,10,6,0
-2.539999999999992,-6.0,-5.0800000000000125,-0.8300000000000001,-1.7499999999999998,0.14,-0.01,0.55,0.0199999999999999,-0.7,0.5000000000000001,-6,-3,1
5.079999999999984,0.0,-2.539999999999992,0.9899999999999992,0.33,0.0,0.0399999999999999,-0.96,-0.3,-0.0699999999999999,0.0,-2,-1,0
-17.78,-4.0,-15.240000000000007,0.2299999999999999,1.93,-0.01,0.1699999999999999,1.34,0.35,0.42,-0.5,-5,-6,1
-2.539999999999992,-2.0,-2.5400000000000205,2.23,-1.0799999999999996,0.15,0.0599999999999999,1.08,-0.07,-0.02,-0.3999999999999999,9,-4,1
10.159999999999997,3.0,0.0,-0.4099999999999992,-1.95,-0.01,0.0,0.24,-0.27,-0.3999999999999999,0.7000000000000001,6,-1,1
-10.159999999999997,8.0,-10.159999999999997,-2.4299999999999997,-0.04,-0.0999999999999999,0.12,-1.75,-0.08,-0.5,-2.2,9,7,0
7.6200000000000045,-3.0,7.6200000000000045,-1.4300000000000002,0.5,-0.0799999999999999,-0.0999999999999999,0.13,0.0099999999999999,-0.3299999999999999,1.2,0,-1,1
0.0,2.0,5.0800000000000125,0.0,-1.4700000000000002,-0.02,0.0599999999999999,0.1400000000000001,-0.12,-0.39,0.2,2,1,0
5.0800000000000125,-4.0,10.159999999999997,1.7799999999999994,-1.0699999999999994,0.04,0.02,-1.45,0.45,-0.31,0.0,9,-3,1
-2.539999999999992,0.0,-10.159999999999997,1.3699999999999997,0.8300000000000001,0.1599999999999999,-0.0199999999999999,5.78,0.24,0.32,1.6,1,-3,1
-2.5400000000000205,-6.0,-2.5400000000000205,-0.3599999999999999,1.3600000000000003,-0.05,-0.13,0.66,0.1999999999999999,-0.01,-0.0999999999999999,-7,-6,0
2.5400000000000205,0.0,2.5400000000000205,-0.8900000000000001,0.92,0.0,-0.03,-1.83,-0.3,0.1999999999999999,0.8999999999999999,-3,3,0
0.0,15.0,-5.079999999999984,-1.67,-1.87,0.0399999999999999,-0.01,1.64,-0.0399999999999999,0.1699999999999999,1.9,48,7,1
0.0,7.0,2.5400000000000205,0.4500000000000002,-0.2099999999999999,-0.0399999999999999,0.0599999999999999,1.48,0.1899999999999999,0.29,-0.8,2,-5,1
7.6200000000000045,5.0,0.0,0.1200000000000001,-2.02,-0.01,0.18,-1.41,-0.2,0.2199999999999999,0.4,6,4,1
10.159999999999997,-1.0,2.539999999999992,-2.52,-2.8099999999999996,0.0,0.0399999999999999,5.72,0.53,-0.69,0.0,6,-3,1
-2.539999999999992,8.0,2.539999999999992,2.4299999999999997,0.9399999999999996,0.08,-0.0699999999999999,1.11,0.1,-0.01,-0.3,1,5,0
7.6200000000000045,9.0,0.0,-1.59,-1.67,0.07,0.11,1.5499999999999998,0.24,0.13,1.0,8,7,0
-5.079999999999984,0.0,5.079999999999984,-1.5200000000000005,-0.4400000000000004,0.15,-0.08,1.97,-0.09,-0.2199999999999999,0.4,-10,-10,0
10.159999999999997,-2.0,10.159999999999997,-0.4499999999999997,-1.39,-0.0299999999999999,-0.0499999999999999,0.72,-0.0099999999999999,-0.14,0.0,9,2,1
10.159999999999997,-1.0,-2.539999999999992,-3.28,-1.4300000000000002,-0.1799999999999999,-0.04,3.29,0.43,0.3,0.0,10,4,1
-2.5400000000000205,14.0,2.539999999999992,-4.08,-2.8600000000000003,-0.1,-0.02,3.16,0.2,-0.18,0.5,-4,0,1
-7.6200000000000045,-2.0,5.079999999999984,-0.5800000000000001,-1.42,0.2199999999999999,0.16,-0.24,-0.2,0.0699999999999999,0.1,8,1,1
-7.6200000000000045,-2.0,-10.159999999999997,1.5099999999999998,-1.7700000000000005,0.23,0.25,5.64,0.6,0.27,3.8,4,-9,1
-2.539999999999992,1.0,-7.6200000000000045,-1.7000000000000002,1.2099999999999995,-0.01,-0.1399999999999999,-0.9400000000000002,-0.19,-0.33,0.1,10,9,0
-5.0800000000000125,0.0,2.539999999999992,0.1800000000000001,-0.1499999999999999,0.1,0.07,0.9,0.15,0.2300000000000001,0.7,-1,-2,1
7.619999999999976,5.0,2.539999999999992,1.4300000000000002,-1.65,0.1099999999999999,0.1499999999999999,0.14,0.01,-0.1599999999999999,0.2,6,4,1
5.079999999999984,5.0,5.079999999999984,-2.62,0.2299999999999999,-0.09,-0.12,-2.97,-0.37,-0.27,-1.5,23,7,0
-12.699999999999989,-4.0,-10.159999999999997,-1.69,-1.8499999999999996,-0.0799999999999999,0.0999999999999999,0.2299999999999999,0.1599999999999999,-0.05,0.0,-4,-9,1
5.079999999999984,-9.0,5.0800000000000125,1.48,1.93,-0.01,-0.1599999999999999,0.58,0.0,0.26,1.2000000000000002,9,-2,1
-2.539999999999992,2.0,2.539999999999992,-0.3699999999999999,-0.73,0.2,0.0499999999999999,1.14,0.2199999999999999,0.06,1.0,3,-2,1
-17.78,3.0,-5.079999999999984,1.16,1.3100000000000005,0.0,0.14,1.44,-0.0399999999999999,-0.33,0.0,4,2,1
20.32000000000002,8.0,15.23999999999998,-1.7100000000000004,-0.2000000000000001,-0.05,-0.2,-1.72,-0.4600000000000001,-0.3500000000000001,-1.3,-3,5,0
0.0,2.0,-7.6200000000000045,0.7599999999999998,1.4700000000000002,0.01,0.1,0.0999999999999996,-0.1499999999999999,0.15,-0.7000000000000001,-5,-5,0
-20.32000000000002,11.0,0.0,-5.800000000000001,-1.5900000000000003,-0.0399999999999999,0.0,1.01,0.23,-0.3,0.1,2,6,0
2.5400000000000205,-4.0,0.0,1.96,-0.3899999999999997,0.09,-0.01,0.53,0.16,0.16,-0.2000000000000001,13,2,0
10.159999999999997,-5.0,5.0800000000000125,-1.3500000000000003,-1.13,0.0499999999999999,0.1199999999999999,1.69,0.0,0.24,0.3999999999999999,-1,-2,1
-12.700000000000015,-7.0,0.0,0.3399999999999998,0.1299999999999999,-0.0899999999999999,-0.04,1.64,-0.02,0.29,0.4,1,-1,0
7.6200000000000045,-9.0,0.0,-1.63,-1.53,-0.03,0.0599999999999999,0.91,-0.09,-0.66,0.7,-4,-5,1
2.539999999999992,9.0,-2.539999999999992,0.08,0.3199999999999998,-0.05,-0.0599999999999999,-0.14,0.02,-0.2099999999999999,0.1,3,10,0
0.0,9.0,-5.0800000000000125,-1.12,0.5700000000000003,-0.0299999999999999,-0.01,0.2099999999999999,0.0099999999999999,-0.2599999999999999,0.0999999999999999,2,2,0
-5.079999999999984,-5.0,-2.5400000000000205,1.5599999999999996,1.4,-0.01,-0.0899999999999999,-0.28,-0.48,-0.02,-0.2999999999999999,-8,-11,1
5.079999999999984,1.0,0.0,1.27,1.7599999999999998,-0.12,-0.0699999999999999,-0.72,-0.4,0.1599999999999999,-0.4,5,-1,1
-7.619999999999976,6.0,-5.0800000000000125,-0.1200000000000001,1.7200000000000006,-0.12,0.07,-2.81,-0.18,-0.2899999999999999,-0.9,12,7,1
12.699999999999989,2.0,10.159999999999997,0.5700000000000003,-1.6800000000000002,0.1099999999999999,0.07,-0.9000000000000001,0.73,-0.03,0.4,-14,-8,1
20.319999999999993,4.0,7.619999999999976,0.4199999999999999,-0.4000000000000003,-0.06,0.08,-0.52,0.2199999999999999,0.12,-0.5,1,4,1
10.159999999999997,3.0,0.0,1.44,1.41,0.0,0.0399999999999999,-1.82,-0.18,0.23,-1.0,0,-2,1
2.5400000000000205,5.0,-5.079999999999984,-3.29,1.3199999999999998,-0.16,-0.2299999999999999,-1.08,-0.25,-0.25,0.0,-1,9,0
-10.159999999999997,6.0,2.539999999999992,-0.2000000000000001,-2.41,-0.0999999999999999,0.0999999999999999,0.94,0.08,-0.0699999999999999,0.4000000000000001,10,0,1
12.700000000000015,1.0,10.159999999999997,2.3,1.7499999999999996,-0.0399999999999999,-0.02,-1.8400000000000003,0.34,0.1899999999999999,-0.2,-6,-1,0
10.159999999999997,7.0,-10.159999999999997,1.2699999999999998,1.4200000000000004,-0.1,0.09,-0.5499999999999998,-0.07,0.04,-1.1,1,1,0
0.0,-13.0,2.5400000000000205,1.4200000000000004,12.64,-0.23,-0.2299999999999999,-2.27,-0.55,-0.64,-0.4,-1,-2,0
15.240000000000007,-5.0,5.079999999999984,1.0,0.9900000000000002,-0.0499999999999999,-0.0299999999999999,0.01,0.4099999999999999,-0.1899999999999999,0.0,-7,4,0
-5.0800000000000125,-3.0,0.0,-0.1699999999999999,-0.0699999999999998,-0.0899999999999999,-0.0899999999999999,2.41,-0.1499999999999999,-0.0499999999999999,-0.0999999999999999,-18,-13,1
-5.079999999999984,5.0,-7.6200000000000045,-0.9300000000000002,-0.5899999999999999,0.0,0.0,0.1499999999999999,-0.12,-0.1699999999999999,0.0,14,11,1
12.699999999999989,9.0,2.539999999999992,1.88,2.71,-0.1299999999999999,-0.01,-2.97,0.09,0.42,-1.5,8,8,0
12.700000000000015,-5.0,10.159999999999997,1.25,0.6400000000000001,-0.02,0.0399999999999999,-1.5,0.0,-0.0899999999999999,0.0,3,-1,1
-5.079999999999984,-6.0,-5.0800000000000125,-1.25,0.48,-0.01,-0.06,4.359999999999999,0.31,0.0599999999999999,0.5,9,-1,1
7.6200000000000045,-1.0,7.6200000000000045,1.5599999999999996,0.1399999999999996,0.0199999999999999,-0.13,-1.54,0.21,-0.01,1.1,-3,0,1
5.079999999999984,2.0,2.539999999999992,-0.7800000000000002,-0.6699999999999999,0.0399999999999999,-0.0499999999999999,-0.61,-0.24,-0.0399999999999999,0.2,0,0,1
-12.699999999999989,-2.0,-12.700000000000015,-1.5499999999999998,0.6599999999999993,-0.04,-0.1099999999999999,0.42,-0.1699999999999999,-0.18,-0.2,1,-3,1
-2.539999999999992,6.0,2.5400000000000205,-0.25,1.0699999999999998,-0.22,-0.01,0.1099999999999999,-0.42,-0.0499999999999999,-0.3,1,2,1
-7.6200000000000045,9.0,-5.0800000000000125,-1.36,4.08,-0.2799999999999999,-0.2199999999999999,-2.7699999999999996,-0.15,-0.4,0.0999999999999999,7,15,0
-10.160000000000023,5.0,0.0,0.1699999999999999,-0.6399999999999997,-0.01,0.05,0.02,0.0099999999999999,-0.02,-1.1,6,11,1
10.159999999999997,1.0,5.079999999999984,0.5899999999999999,0.1699999999999999,-0.02,-0.04,-1.42,-0.2199999999999999,0.02,0.3,-10,0,0
5.079999999999984,6.0,7.6200000000000045,0.4700000000000006,-0.1899999999999995,-0.03,-0.04,-0.39,-0.19,0.12,0.0,0,1,1
-2.539999999999992,-5.0,0.0,-3.68,-2.47,0.0799999999999999,-0.01,1.97,0.2299999999999999,0.16,0.7,-6,-14,1
12.700000000000015,10.0,7.6200000000000045,0.6299999999999999,-1.11,0.0,0.1199999999999999,2.6000000000000005,0.19,0.34,0.8999999999999999,-3,1,0
17.78,-1.0,0.0,1.6100000000000003,-1.62,-0.08,0.13,-0.15,-0.33,-0.15,0.1,-3,1,0
-12.700000000000015,-4.0,-20.319999999999993,0.2000000000000001,-1.4600000000000002,0.0199999999999999,0.04,3.4,0.36,0.64,-1.3,1,0,1
-10.159999999999997,1.0,0.0,-0.3899999999999997,-2.4,-0.03,0.05,-2.24,-0.12,-0.69,-0.5,-6,-2,1
-7.6200000000000045,-2.0,-15.240000000000007,-1.5,1.239999999999999,0.0399999999999999,-0.1199999999999999,2.09,0.62,0.0,-0.2,11,0,0
2.5400000000000205,-5.0,-12.700000000000015,2.12,-3.1799999999999997,-0.1299999999999999,0.07,-1.81,-0.19,-0.42,0.0,4,-3,1
-5.0800000000000125,2.0,-7.619999999999976,1.7599999999999998,0.7899999999999998,0.04,-0.21,2.71,0.1299999999999999,0.1799999999999999,0.8,0,2,1
-7.6200000000000045,5.0,-5.0800000000000125,-1.1899999999999995,-0.5799999999999996,-0.15,0.03,0.1,-0.1899999999999999,0.01,0.1999999999999999,4,5,0
0.0,-6.0,-2.539999999999992,0.4300000000000001,1.06,-0.1599999999999999,0.07,1.9,0.66,0.0799999999999999,2.4,4,-1,1
7.6200000000000045,3.0,0.0,-0.4000000000000003,-0.8399999999999999,0.1099999999999999,0.08,2.3200000000000003,0.24,-0.02,-0.3,3,1,0
7.6200000000000045,-1.0,5.0800000000000125,-3.4999999999999996,-0.52,-0.01,-0.0299999999999999,0.46,1.0,-0.16,0.9,9,7,0
-10.159999999999997,-4.0,2.539999999999992,0.5700000000000003,-0.6800000000000002,0.05,-0.08,0.8600000000000001,-0.15,0.1499999999999999,1.7999999999999998,-2,-7,1
-10.159999999999997,2.0,-7.6200000000000045,1.1899999999999995,1.5,-0.0799999999999999,0.0499999999999999,1.35,0.26,0.04,0.5,6,6,1
2.539999999999992,9.0,-2.539999999999992,-0.1200000000000001,-1.6,0.0899999999999999,0.0699999999999999,1.58,0.44,-0.3399999999999999,1.7,23,12,1
7.6200000000000045,-9.0,0.0,0.5,-0.6800000000000002,-0.1499999999999999,0.0199999999999999,0.62,-0.02,0.15,-0.2,5,0,1
-7.6200000000000045,6.0,-7.6200000000000045,-0.4599999999999999,-1.2200000000000006,-0.05,0.1099999999999999,-0.63,0.32,0.1,0.7,12,10,0
-10.159999999999997,1.0,-2.539999999999992,1.5299999999999998,1.0299999999999998,0.0499999999999999,0.0599999999999999,-0.8200000000000001,0.0,0.12,-0.3,3,4,0
5.079999999999984,3.0,7.6200000000000045,0.6099999999999999,-0.8600000000000003,-0.0499999999999999,0.0899999999999999,1.74,0.34,-0.27,2.3,1,-1,1
2.539999999999992,-1.0,5.0800000000000125,1.6500000000000004,2.78,-0.11,-0.15,0.17,0.25,0.0,-0.5,9,4,0
-15.240000000000007,5.0,-2.5400000000000205,-1.4300000000000002,-2.1700000000000004,-0.06,0.06,-3.0500000000000003,-0.2699999999999999,-0.5800000000000001,0.6,8,4,1
0.0,5.0,12.699999999999989,2.1499999999999995,1.0700000000000005,0.08,-0.0199999999999999,4.15,-0.01,-0.0999999999999999,-0.3,3,4,1
5.079999999999984,0.0,5.079999999999984,1.9800000000000004,0.0900000000000003,0.0199999999999999,0.09,-0.5800000000000001,-0.08,0.08,1.0,4,-5,1
17.78,1.0,10.159999999999997,-0.6400000000000001,-0.3400000000000003,0.06,-0.0299999999999999,-0.76,-0.24,-0.0499999999999999,0.1,-2,-4,1
10.159999999999997,8.0,2.539999999999992,-1.5299999999999998,-2.57,0.01,-0.0299999999999999,0.53,0.26,-0.0399999999999999,0.0,12,5,0
0.0,0.0,-5.079999999999984,1.17,1.08,0.05,0.0799999999999999,-2.7,0.0899999999999999,-0.2199999999999999,-0.6,-6,-3,1
0.0,-3.0,-5.0800000000000125,0.2199999999999997,1.1000000000000003,-0.06,-0.0399999999999999,-0.6000000000000001,-0.1599999999999999,-0.12,-0.5,-4,2,0
-2.539999999999992,9.0,0.0,0.3599999999999994,-1.5099999999999998,0.08,-0.02,0.8899999999999999,0.1699999999999999,-0.04,0.3,15,10,1
-7.619999999999976,14.0,-2.539999999999992,-1.1800000000000002,-2.47,0.01,0.1199999999999999,0.2,-0.14,0.56,0.2,22,13,1
0.0,15.0,2.5400000000000205,-5.0600000000000005,-0.5999999999999996,-0.24,-0.05,-0.4199999999999999,-0.15,-0.36,-0.6,16,19,0
2.539999999999992,-7.0,0.0,0.7999999999999998,-3.04,0.06,0.0599999999999999,1.95,-0.0399999999999999,0.0899999999999999,0.5,-4,-8,1
7.6200000000000045,4.0,7.6200000000000045,5.9399999999999995,-1.2999999999999998,0.1899999999999999,0.14,0.95,0.75,0.75,0.3,3,-3,1
5.0800000000000125,-3.0,5.0800000000000125,1.5500000000000005,3.1900000000000004,-0.08,-0.02,-6.03,-0.35,-0.2,0.3,2,2,0
7.6200000000000045,4.0,10.159999999999997,0.3999999999999999,2.8199999999999994,-0.1,-0.0399999999999999,-5.53,0.31,0.65,-0.2,0,0,0
2.539999999999992,4.0,2.5400000000000205,0.6500000000000004,1.02,-0.0499999999999999,-0.03,-3.02,0.15,0.0199999999999999,0.2,10,0,1
-5.079999999999984,2.0,-5.0800000000000125,-0.71,-0.8599999999999999,-0.12,0.0,3.08,0.44,0.07,0.8,9,1,1
-12.700000000000015,-4.0,-12.699999999999989,-0.6399999999999997,1.0299999999999998,0.04,-0.2299999999999999,1.57,0.24,-0.18,0.4,-21,-5,0
2.5400000000000205,2.0,0.0,-0.8200000000000003,-0.6400000000000001,0.03,-0.0599999999999999,0.68,-0.34,0.03,0.2,-4,2,0
-10.159999999999997,5.0,-2.539999999999992,2.03,1.9099999999999997,0.0,0.0199999999999999,-3.37,-0.0499999999999999,-0.0199999999999999,-0.2,1,2,0
2.5400000000000205,-7.0,2.539999999999992,1.19,-0.0299999999999998,0.12,-0.02,-0.5599999999999998,0.0,0.4499999999999999,1.0,-1,-5,1
0.0,9.0,0.0,-0.5900000000000003,0.0299999999999998,-0.1,0.06,-1.3,-0.3299999999999999,0.24,-1.6,10,13,0
-5.0800000000000125,0.0,-2.539999999999992,-1.4799999999999995,2.3899999999999997,0.02,0.0299999999999999,1.92,0.4299999999999999,0.3400000000000001,0.6,-6,0,0
10.159999999999997,1.0,7.619999999999976,1.38,0.3499999999999996,0.0799999999999999,-0.06,0.2099999999999999,0.2,-0.06,0.1,10,1,1
-12.700000000000015,-3.0,2.5400000000000205,-1.5100000000000002,-2.4400000000000004,-0.03,0.12,-0.77,-0.15,0.14,-0.2,-7,-4,0
5.079999999999984,0.0,-7.6200000000000045,1.8200000000000005,-1.0300000000000002,-0.03,0.06,-0.36,-0.66,-0.0699999999999999,-0.5,2,1,1
15.23999999999998,1.0,5.0800000000000125,-2.1500000000000004,-2.48,0.13,0.01,-0.22,-0.25,0.0,0.1999999999999999,6,3,1
5.0800000000000125,9.0,-2.5400000000000205,2.1399999999999997,-0.0899999999999998,0.0999999999999999,0.08,0.0199999999999999,0.1699999999999999,-0.2,-1.0,10,2,1
5.079999999999984,-6.0,-7.6200000000000045,1.1,-1.78,-0.15,-0.12,2.9499999999999997,0.3099999999999999,0.75,1.4,9,-1,1
-25.399999999999977,4.0,-12.699999999999989,-1.79,-1.7800000000000002,-0.08,-0.02,6.050000000000001,0.0799999999999999,0.41,0.5,9,5,0
5.0800000000000125,2.0,2.5400000000000205,-2.09,-3.16,-0.0499999999999999,-0.13,-2.2700000000000005,-0.2299999999999999,-0.36,1.0,0,3,1
5.079999999999984,4.0,0.0,-3.16,-0.0299999999999998,-0.19,-0.22,0.18,0.41,0.2099999999999999,-0.2,5,1,1
5.0800000000000125,-6.0,5.0800000000000125,0.79,0.1699999999999999,-0.11,0.0799999999999999,0.09,0.02,0.05,-1.1,-1,5,0
-2.5400000000000205,1.0,2.539999999999992,1.8500000000000003,-2.55,0.13,0.1299999999999999,1.3,-0.4499999999999999,0.2799999999999999,0.7,14,3,1
-15.240000000000007,3.0,-5.0800000000000125,0.8399999999999999,1.5,0.0,0.05,1.3299999999999998,0.23,0.0999999999999999,-1.4,3,3,0
12.699999999999989,-7.0,0.0,2.01,1.38,-0.09,-0.0599999999999999,0.05,-0.09,0.2,-0.3,0,-6,1
-2.539999999999992,0.0,0.0,-3.04,-1.16,-0.03,0.14,1.86,0.32,0.0699999999999999,0.0,-5,-1,0
5.079999999999984,0.0,5.0800000000000125,-2.539999999999999,-8.56,0.1,0.24,0.21,0.16,-0.3,0.2,12,0,1
-7.6200000000000045,0.0,2.539999999999992,1.0,0.5599999999999996,0.07,-0.0399999999999999,4.19,0.1599999999999999,0.17,-1.3,5,4,1
-2.539999999999992,1.0,0.0,-0.3700000000000001,-3.5900000000000003,0.12,0.1099999999999999,1.0499999999999998,-0.0399999999999999,0.06,0.5,1,1,1
15.23999999999998,4.0,2.5400000000000205,0.8199999999999998,-1.0199999999999996,-0.1099999999999999,0.18,-0.49,-0.13,0.0,-0.7,1,0,0
-12.699999999999989,-11.0,-12.700000000000015,-0.9400000000000004,-0.8400000000000003,0.0499999999999999,0.0,-0.33,-0.15,-0.43,0.4,-3,3,0
-5.0800000000000125,1.0,-2.539999999999992,1.04,3.66,-0.0399999999999999,-0.0799999999999999,0.1899999999999999,-0.04,0.22,-0.1,8,4,1
0.0,1.0,-2.539999999999992,-0.2400000000000002,-1.5700000000000005,-0.01,-0.02,0.62,-0.1699999999999999,-0.0699999999999999,0.6,-3,-2,1
2.539999999999992,0.0,10.159999999999997,1.7000000000000002,0.1499999999999999,-0.16,-0.0399999999999999,-2.4299999999999997,0.0,-0.1099999999999999,0.1,0,3,1
10.159999999999997,0.0,12.699999999999989,0.2300000000000004,-0.0399999999999991,-0.0399999999999999,0.0699999999999999,-0.1099999999999999,-0.12,-0.0799999999999999,0.1999999999999999,-3,-4,1
10.159999999999997,-3.0,-2.539999999999992,-3.0500000000000003,0.3499999999999996,-0.1999999999999999,-0.15,2.4,0.33,-0.36,0.0,1,1,0
2.539999999999992,5.0,10.159999999999997,2.7900000000000005,1.79,0.01,0.0,-2.51,-0.29,0.06,-0.7000000000000001,2,4,1
0.0,7.0,-5.079999999999984,-0.2299999999999999,0.54,-0.06,-0.04,-0.2299999999999999,0.0,0.17,-0.7000000000000001,5,7,1
7.6200000000000045,8.0,2.539999999999992,2.1599999999999997,-0.3999999999999999,-0.0399999999999999,0.0999999999999999,-0.01,-0.41,0.1099999999999999,-2.0,12,8,1
-17.78,1.0,-12.700000000000015,0.7400000000000002,1.5399999999999996,0.0699999999999999,0.13,1.26,0.36,0.3,0.1999999999999999,3,0,1
7.6200000000000045,-4.0,0.0,0.29,-0.9699999999999998,0.08,0.02,1.7400000000000002,0.2199999999999999,-0.02,0.3,3,3,1
7.6200000000000045,5.0,0.0,-3.62,-2.1599999999999997,0.0,-0.15,0.53,0.26,-0.47,0.0,15,5,1
7.6200000000000045,6.0,2.539999999999992,-0.4399999999999995,-0.6100000000000003,0.03,-0.0299999999999999,-1.72,0.06,-0.28,-0.2,-6,4,0
2.539999999999992,-3.0,2.539999999999992,-2.01,-0.7300000000000004,0.04,-0.1699999999999999,0.25,0.29,-0.18,0.6,-2,-10,1
-7.6200000000000045,10.0,-2.539999999999992,0.2100000000000004,-1.11,-0.01,0.05,-3.84,-0.07,0.02,-0.2,8,5,0
10.159999999999997,6.0,-2.5400000000000205,1.5700000000000005,0.3500000000000001,-0.14,-0.0299999999999999,-4.57,-0.1299999999999999,-0.27,0.6,-6,3,0
-2.539999999999992,1.0,-5.0800000000000125,1.2600000000000002,0.5699999999999998,0.12,0.0699999999999999,-1.76,0.17,0.0499999999999999,-0.7000000000000001,1,2,1
-5.0800000000000125,-4.0,-2.539999999999992,0.31,-0.08,-0.01,-0.05,0.2299999999999999,0.02,0.12,-0.9000000000000001,-21,-12,0
-2.539999999999992,-5.0,-5.0800000000000125,0.5499999999999998,-1.510000000000001,0.02,0.0499999999999999,0.0,0.0,0.5,-2.0,0,-2,1
-5.079999999999984,11.0,-2.539999999999992,0.3199999999999998,0.3000000000000002,-0.0499999999999999,0.0299999999999999,0.72,0.23,0.03,0.0,0,5,0
-15.240000000000007,-8.0,2.539999999999992,1.2799999999999994,-0.5600000000000005,0.0799999999999999,0.0599999999999999,-0.27,-0.65,-0.24,0.5,-2,-2,1
-12.699999999999989,3.0,-10.159999999999997,0.6099999999999999,0.7600000000000002,0.08,0.1399999999999999,-1.48,-0.0999999999999999,0.01,0.1999999999999999,6,6,1
5.0800000000000125,-2.0,5.0800000000000125,-0.9499999999999996,-1.04,-0.0399999999999999,0.05,-0.1899999999999999,0.0999999999999999,0.1399999999999999,-0.2,-5,-2,1
7.6200000000000045,-2.0,5.079999999999984,-2.28,-0.97,0.2,-0.04,1.83,0.09,-0.51,0.4000000000000001,3,-1,1
5.0800000000000125,-1.0,2.5400000000000205,-1.91,-1.1700000000000004,0.02,-0.02,0.9899999999999998,0.04,-0.0799999999999999,1.3000000000000005,4,1,1
0.0,1.0,5.0800000000000125,1.3899999999999997,0.3200000000000003,0.04,0.0699999999999999,0.79,-0.01,0.59,-0.1,11,0,0
5.0800000000000125,-4.0,-2.539999999999992,0.0699999999999994,0.7999999999999998,0.09,-0.04,-0.0199999999999999,0.14,0.27,0.1,-15,-1,1
10.159999999999997,-1.0,-10.159999999999997,1.5100000000000002,-0.6699999999999999,-0.01,0.05,-0.4700000000000001,-0.01,0.0799999999999999,0.0,10,6,1
-7.6200000000000045,-1.0,-7.6200000000000045,-3.49,1.4899999999999998,-0.19,-0.14,0.3,-0.1899999999999999,0.15,-0.0999999999999999,3,4,0
-2.539999999999992,7.0,-2.5400000000000205,0.2800000000000002,1.0900000000000003,-0.09,0.04,-0.15,0.1099999999999999,-0.1199999999999999,-0.1999999999999999,1,-3,1
-7.6200000000000045,-2.0,-5.0800000000000125,1.41,3.620000000000001,0.0999999999999999,-0.1399999999999999,-2.3099999999999996,-0.24,-0.01,0.4,-4,5,0
5.0800000000000125,1.0,2.539999999999992,0.6399999999999997,-1.2199999999999998,0.0,0.0499999999999999,0.23,0.4,-0.0099999999999998,0.0,1,-2,0
7.6200000000000045,-2.0,5.0800000000000125,-0.33,0.7000000000000002,0.05,-0.12,0.9999999999999998,0.18,0.27,0.4,-11,-5,0
7.6200000000000045,-2.0,0.0,-1.4400000000000002,-2.1799999999999997,0.03,0.04,2.4400000000000004,0.24,-0.44,1.1,8,-2,1
-2.539999999999992,2.0,-2.539999999999992,-1.7800000000000002,-0.7199999999999998,-0.05,-0.03,-0.3699999999999996,0.1,-0.4299999999999999,-0.7999999999999999,3,4,0
2.5400000000000205,6.0,7.6200000000000045,-0.25,-0.9499999999999996,-0.15,0.3,-2.1799999999999997,-0.63,-0.66,-0.5,-17,-12,1
7.619999999999976,-8.0,0.0,0.9800000000000004,2.7300000000000004,-0.0099999999999999,0.1299999999999999,0.0,0.0,-0.02,-1.4,-2,1,0
-5.079999999999984,-7.0,-5.0800000000000125,-1.15,-3.91,0.02,0.13,2.38,0.0999999999999999,-0.22,1.0,1,2,1
2.539999999999992,-1.0,2.539999999999992,1.9600000000000004,-0.0900000000000003,-0.01,-0.0399999999999999,0.4,-0.19,-0.45,0.1999999999999999,-11,0,0
0.0,1.0,-2.539999999999992,-0.1900000000000004,-1.44,0.02,0.04,1.48,-0.04,-0.26,0.0,-2,1,0
-12.699999999999989,-4.0,-5.079999999999984,-3.629999999999999,-0.31,0.0,-0.0299999999999999,4.84,0.57,-0.13,2.0,0,3,0
-12.699999999999989,-2.0,-12.699999999999989,-0.1799999999999997,-0.3900000000000001,-0.13,0.0699999999999999,2.25,0.1099999999999999,-0.1899999999999999,0.3999999999999999,20,14,1
0.0,-8.0,10.159999999999997,-2.09,-2.98,0.03,-0.07,1.36,0.47,-0.3400000000000001,1.7,-8,-5,0
-5.0800000000000125,1.0,-7.6200000000000045,2.0799999999999996,-0.08,-0.05,0.0899999999999999,-0.8699999999999999,-0.0799999999999999,0.14,-1.6,16,4,1
2.539999999999992,4.0,-7.619999999999976,-1.4400000000000004,-0.6199999999999997,-0.1299999999999999,0.09,1.2800000000000002,0.4,0.0499999999999999,0.8,1,5,0
5.0800000000000125,-5.0,2.539999999999992,-0.1200000000000001,-1.3500000000000003,0.11,0.0699999999999999,-0.65,0.18,0.02,0.2,5,-3,1
0.0,4.0,2.539999999999992,0.8599999999999994,0.0300000000000002,-0.03,-0.07,-1.87,-0.0799999999999999,-0.5,0.3,13,9,1
0.0,-2.0,-2.539999999999992,0.5099999999999998,-4.07,0.02,0.0899999999999999,-2.03,-0.0999999999999999,0.41,-0.0999999999999999,0,-2,1
7.6200000000000045,1.0,5.079999999999984,1.2999999999999998,0.2099999999999999,0.0099999999999998,0.14,-1.11,-0.07,0.27,-0.1,4,-2,0
10.159999999999997,-10.0,5.0800000000000125,-4.619999999999999,-2.18,-0.0799999999999999,-0.06,2.96,-0.14,-0.05,1.2,-2,-1,1
-5.0800000000000125,-1.0,0.0,0.5,-0.1299999999999999,0.0999999999999999,0.0,1.5499999999999998,0.0999999999999999,-0.32,1.8,6,2,0
7.6200000000000045,-5.0,5.0800000000000125,0.4199999999999999,0.94,-0.04,0.0,-0.51,0.13,0.37,-0.7000000000000001,-6,-6,1
7.6200000000000045,5.0,7.619999999999976,-1.9,-1.85,-0.13,-0.0699999999999999,0.04,-0.0699999999999999,-0.27,-0.1999999999999999,2,6,0
-7.6200000000000045,8.0,0.0,3.709999999999999,2.2499999999999996,0.03,-0.0699999999999999,-0.48,-0.2099999999999999,-0.28,-0.8,-2,5,0
-15.23999999999998,3.0,-7.6200000000000045,-1.76,-1.56,-0.1099999999999999,-0.05,0.9899999999999998,-0.2499999999999999,-0.44,1.1,9,1,1
-2.5400000000000205,8.0,2.539999999999992,-1.3800000000000008,-1.9100000000000008,0.0299999999999999,-0.0199999999999999,1.26,0.41,-0.39,0.2,-1,2,0
-5.079999999999984,4.0,0.0,-1.7200000000000002,-1.71,0.1299999999999999,0.0499999999999999,1.74,-0.02,-0.1899999999999999,1.7,6,1,1
-2.539999999999992,-3.0,-5.079999999999984,0.4900000000000002,1.02,-0.1,0.03,-1.4200000000000004,-0.1399999999999999,0.38,-0.2,8,1,1
0.0,-2.0,-2.539999999999992,-0.2099999999999999,-1.2799999999999998,0.0799999999999999,-0.0899999999999999,-1.4900000000000002,0.0399999999999999,-0.14,-1.0,-3,0,0
-5.079999999999984,2.0,0.0,-2.1499999999999995,-3.14,0.01,0.04,3.3899999999999997,0.0399999999999999,0.08,0.3,-9,-5,1
-2.5400000000000205,-5.0,-2.539999999999992,-0.9000000000000004,0.7999999999999998,-0.1599999999999999,-0.06,1.5699999999999998,-0.22,-0.12,0.0,25,3,1
-5.0800000000000125,0.0,-7.6200000000000045,-0.1400000000000001,-0.1299999999999999,-0.04,0.0599999999999999,1.4,0.1,0.09,0.3,3,-4,1
-5.0800000000000125,1.0,0.0,2.5199999999999996,0.7599999999999998,0.0099999999999999,0.0699999999999999,-0.4199999999999999,0.26,0.26,-0.3999999999999999,9,2,1
7.6200000000000045,4.0,7.6200000000000045,0.0099999999999997,1.73,-0.1499999999999999,-0.04,-0.7199999999999999,-0.1099999999999999,0.1099999999999999,-0.0999999999999999,17,4,0
-7.6200000000000045,2.0,-2.5400000000000205,0.1499999999999999,0.7000000000000002,0.07,-0.07,0.6699999999999999,-0.32,-0.49,0.2,4,0,1
-7.6200000000000045,2.0,5.0800000000000125,-0.8899999999999997,-0.2300000000000004,0.0999999999999999,0.11,0.44,0.28,0.1999999999999999,1.8,-4,0,0
-7.6200000000000045,-8.0,2.539999999999992,0.1100000000000003,0.8599999999999999,0.07,-0.13,0.17,0.1,-0.2299999999999999,-0.2,3,2,1
-17.78,-2.0,-15.240000000000007,-1.1799999999999995,0.8200000000000003,-0.06,0.05,1.64,0.44,0.45,0.0,-2,4,0
-12.699999999999989,1.0,-5.079999999999984,-0.2800000000000002,0.3600000000000003,-0.08,0.02,-0.05,-0.1399999999999999,0.2199999999999999,0.2,-4,-3,0
17.78,0.0,12.700000000000015,0.8100000000000005,-1.54,-0.0199999999999999,0.0699999999999999,-1.5199999999999998,-0.04,-0.16,0.5,3,-2,1
12.700000000000015,7.0,7.6200000000000045,1.87,-1.3200000000000005,0.09,0.01,-1.3199999999999998,-0.35,-0.1099999999999999,-0.8,2,5,1
12.699999999999989,-2.0,5.0800000000000125,0.69,-0.6599999999999997,-0.0799999999999999,-0.0599999999999999,3.0,0.18,0.22,-1.5,-3,-5,0
12.699999999999989,1.0,2.5400000000000205,1.6399999999999997,1.0100000000000002,0.02,-0.01,-1.2999999999999998,-0.0499999999999999,0.03,0.0,-3,0,0
10.159999999999997,0.0,2.539999999999992,0.4800000000000004,-0.2399999999999997,0.14,-0.01,-0.9700000000000002,0.01,0.2199999999999999,-0.1,3,0,1
5.079999999999984,-3.0,2.539999999999992,-2.2500000000000004,0.0699999999999998,-0.1,0.0999999999999999,-0.91,0.0499999999999999,-0.07,0.0999999999999999,-11,3,1
-5.0800000000000125,11.0,-5.0800000000000125,-0.5399999999999996,-2.6600000000000006,-0.0899999999999999,0.15,1.76,-0.08,-0.0499999999999999,-0.6000000000000001,0,2,0
12.699999999999989,-2.0,2.539999999999992,0.04,1.21,-0.04,0.13,-0.81,0.21,0.3,-0.7000000000000001,-3,-3,1
-2.539999999999992,-2.0,7.6200000000000045,2.46,2.92,0.1399999999999999,0.07,-2.04,-0.13,0.04,-0.9,2,-4,1
7.6200000000000045,1.0,10.159999999999997,2.1,0.08,0.1099999999999999,0.06,-0.9300000000000002,0.73,0.1999999999999999,0.4,-4,-4,1
-2.539999999999992,-1.0,0.0,-2.08,0.79,-0.12,-0.01,-0.57,-0.19,0.0,-0.0999999999999999,-17,-8,0
5.0800000000000125,-1.0,5.079999999999984,-0.6299999999999999,-2.86,0.0799999999999999,0.02,2.11,0.34,-0.02,0.2,-19,-4,0
0.0,-3.0,-2.539999999999992,-0.9300000000000002,0.8300000000000001,-0.02,-0.1599999999999999,1.37,0.07,-0.13,-0.9,0,0,0
-2.539999999999992,-7.0,5.0800000000000125,0.4399999999999995,-1.97,0.05,0.18,-0.56,0.25,-0.16,0.0,5,-6,1
2.539999999999992,1.0,15.240000000000007,-0.0300000000000002,-0.4000000000000003,-0.0399999999999999,0.15,0.45,0.23,0.4999999999999999,0.0,-6,6,0
2.539999999999992,4.0,5.0800000000000125,1.97,-1.67,0.0499999999999999,0.0499999999999999,-1.04,-0.4599999999999999,0.0999999999999999,-0.8,6,1,1
0.0,4.0,-2.5400000000000205,1.5500000000000005,-2.24,0.2199999999999999,0.1299999999999999,-0.5,-0.16,0.12,0.0,-2,-1,1
-12.699999999999989,0.0,-2.5400000000000205,1.7800000000000002,0.1799999999999997,0.1899999999999999,0.08,-1.27,-0.27,-0.04,0.0,0,-2,0
5.0800000000000125,-3.0,0.0,-0.3199999999999998,-1.5199999999999996,0.01,0.02,-1.0199999999999998,0.1699999999999999,0.08,-0.6000000000000001,-4,1,0
-7.6200000000000045,0.0,-10.159999999999997,-0.1900000000000004,0.9600000000000004,0.09,0.0,0.3699999999999999,0.18,0.2099999999999999,-0.1999999999999999,0,1,1
-12.699999999999989,-2.0,-5.079999999999984,-2.62,-3.49,0.12,0.0999999999999999,2.38,0.2599999999999999,0.0999999999999999,0.6,2,-11,1
5.079999999999984,-3.0,10.159999999999997,1.4999999999999996,-0.3500000000000001,0.0899999999999999,-0.01,-0.94,0.3,-0.06,0.1,12,2,1
-10.159999999999997,7.0,-5.0800000000000125,-1.2599999999999998,0.3799999999999999,-0.1599999999999999,0.1499999999999999,-2.74,-0.05,-0.4,-2.7,6,8,0
0.0,-3.0,2.539999999999992,-0.9499999999999996,-1.67,0.06,0.0399999999999999,0.45,-0.02,0.0599999999999999,-0.1,0,-6,1
5.079999999999984,-5.0,0.0,2.29,0.3700000000000001,0.0,0.0499999999999999,-0.3500000000000001,0.12,0.12,-0.3,-7,2,1
10.159999999999997,-5.0,2.539999999999992,0.04,0.6700000000000004,-0.02,-0.06,0.8900000000000001,0.2099999999999999,-0.28,0.7,-4,0,0
0.0,3.0,-2.539999999999992,-1.67,-1.09,-0.14,-0.01,1.55,-0.21,-0.2099999999999999,0.6,4,2,1
0.0,9.0,0.0,-1.1800000000000006,-1.6500000000000004,-0.12,0.1499999999999999,-4.33,-0.24,-0.0099999999999998,-1.1,11,5,1
5.079999999999984,4.0,5.0800000000000125,0.29,-0.7999999999999998,-0.02,-0.0999999999999999,-0.75,-0.44,0.02,0.0,-5,-6,0
-2.539999999999992,3.0,2.5400000000000205,-2.32,0.5800000000000001,-0.06,-0.1,2.67,-0.03,-0.11,0.2,4,9,0
-2.539999999999992,-4.0,7.6200000000000045,-0.2599999999999998,2.06,-0.03,-0.16,-4.48,-0.54,-0.3799999999999999,-2.1,-7,0,0
2.5400000000000205,0.0,-2.539999999999992,0.0100000000000002,1.02,-0.1599999999999999,0.01,2.16,0.2,0.4499999999999999,1.2000000000000002,-5,-4,1
-5.0800000000000125,2.0,2.539999999999992,1.6400000000000006,2.1399999999999997,0.1299999999999999,-0.09,-1.21,0.3,0.1100000000000001,-0.5,-5,-4,0
-15.240000000000007,8.0,-7.6200000000000045,-0.98,0.1499999999999999,-0.01,0.0799999999999999,0.6599999999999999,0.0899999999999999,-0.02,0.0,-2,4,1
-2.5400000000000205,4.0,-5.079999999999984,0.6800000000000002,-0.0899999999999998,0.12,0.16,-0.3099999999999999,0.14,-0.0499999999999999,0.7,10,8,1
-15.23999999999998,6.0,-10.159999999999997,-0.1600000000000001,0.0099999999999997,0.09,0.0,0.37,-0.5800000000000001,-0.06,0.5,17,3,1
12.700000000000015,-10.0,-2.539999999999992,-0.08,-1.6800000000000006,0.0299999999999999,0.03,0.42,-0.2199999999999999,-0.38,0.0,-5,-12,1
-5.0800000000000125,1.0,-12.699999999999989,-1.5499999999999998,-2.0,-0.05,0.02,-0.6299999999999999,0.0499999999999999,-0.43,0.6000000000000001,2,1,0
0.0,-1.0,-2.539999999999992,0.2300000000000004,-0.54,-0.02,-0.0499999999999999,2.29,0.27,0.35,-0.3,0,0,1
-20.319999999999993,2.0,-12.699999999999989,-0.6200000000000001,-0.8999999999999995,-0.01,0.1499999999999999,2.4400000000000004,-0.03,0.24,0.2,-4,-5,1
22.859999999999985,4.0,2.5400000000000205,-0.6600000000000001,-0.1099999999999998,0.1299999999999999,-0.04,0.43,0.14,0.19,0.1,4,6,1
-7.6200000000000045,2.0,-5.079999999999984,1.4899999999999998,1.3000000000000005,0.07,0.01,-0.2,-0.1,0.0,0.7,4,4,0
-2.5400000000000205,-1.0,0.0,3.3,-3.2399999999999993,0.0299999999999999,0.21,-2.32,-0.5,0.66,-1.2,0,-4,1
0.0,-5.0,-2.539999999999992,-1.2200000000000002,0.5,0.02,-0.0199999999999999,1.42,0.1699999999999999,-0.12,1.2,3,-8,0
2.5400000000000205,-3.0,5.0800000000000125,0.4399999999999995,-2.37,0.1099999999999999,0.0699999999999999,0.44,0.41,0.69,0.1,6,3,1
-2.5400000000000205,-4.0,-2.5400000000000205,0.3699999999999996,2.66,-0.02,-0.19,0.1700000000000001,-0.17,-0.0999999999999999,0.6,-1,1,0
5.0800000000000125,16.0,7.6200000000000045,-1.1,-2.3999999999999995,0.0,0.0699999999999999,0.38,0.36,0.04,0.2,23,21,1
-10.159999999999997,8.0,-7.6200000000000045,0.56,-4.9,0.06,0.1799999999999999,-4.42,-0.11,-0.02,1.7,23,9,1
-2.539999999999992,2.0,2.5400000000000205,2.21,-1.5500000000000005,-0.1799999999999999,0.1599999999999999,0.68,0.08,0.2299999999999999,-1.6,1,-2,1
0.0,6.0,5.079999999999984,2.1799999999999997,1.84,-0.09,0.02,-0.7,-0.06,0.03,1.1,-4,1,1
0.0,1.0,2.539999999999992,-0.1299999999999999,-0.2300000000000004,-0.08,0.07,1.4599999999999995,0.0899999999999999,0.27,0.0,-10,-3,0
-5.079999999999984,0.0,7.619999999999976,0.6500000000000004,1.59,-0.06,-0.15,-2.13,-0.1999999999999999,-0.09,-0.4999999999999999,-2,2,1
-20.319999999999993,0.0,-10.159999999999997,-0.3200000000000003,0.1299999999999999,0.0,0.13,3.01,0.04,0.0999999999999999,0.5000000000000001,2,-1,0
-5.079999999999984,1.0,-7.6200000000000045,0.7000000000000002,-0.4100000000000001,0.01,-0.1099999999999999,-0.2199999999999999,0.08,0.05,-0.1,-2,-5,1
12.699999999999989,0.0,5.0800000000000125,1.9799999999999995,0.1200000000000001,0.0499999999999999,0.1699999999999999,-1.62,-0.55,0.42,-0.3,-8,2,0
-5.079999999999984,-5.0,-5.079999999999984,-1.4599999999999995,1.1999999999999995,-0.0799999999999999,-0.05,0.54,-0.27,-0.38,1.1,-4,2,0
2.539999999999992,3.0,7.6200000000000045,-0.71,-3.3499999999999996,-0.0299999999999999,0.06,0.1099999999999999,-0.61,0.0899999999999999,0.3,-5,-4,1
0.0,6.0,2.5400000000000205,-0.27,-0.48,-0.09,-0.0999999999999999,2.25,0.0199999999999999,-0.3400000000000001,0.0999999999999999,2,9,0
5.0800000000000125,1.0,2.5400000000000205,1.4299999999999995,0.5299999999999998,-0.12,0.0499999999999999,0.06,0.14,0.12,-0.7,-1,0,0
-5.079999999999984,3.0,2.539999999999992,2.63,-1.8600000000000003,0.1299999999999999,0.27,-1.6,0.06,0.2599999999999999,-0.4,10,2,1
-12.699999999999989,2.0,-5.079999999999984,-0.9000000000000004,-3.47,0.08,0.0499999999999999,4.140000000000001,0.04,0.0,0.9,5,-8,1
-5.0800000000000125,2.0,-5.0800000000000125,0.06,0.3999999999999999,-0.04,-0.03,-0.77,0.0099999999999999,-0.02,-0.6000000000000001,-8,2,0
-10.159999999999997,-9.0,-2.5400000000000205,0.0499999999999998,-0.2800000000000002,0.1699999999999999,0.01,3.39,0.46,0.56,1.1,1,-2,1
2.539999999999992,-1.0,-5.0800000000000125,2.96,-3.4600000000000004,0.15,0.15,1.31,0.44,0.5800000000000001,0.7,4,-4,1
-15.240000000000007,9.0,-10.159999999999997,-0.0899999999999998,-0.2600000000000002,-0.05,0.09,0.42,-0.6699999999999999,0.08,-0.8,1,3,1
0.0,2.0,-2.539999999999992,-2.47,-3.05,0.09,-0.0199999999999999,1.65,0.18,-0.01,-0.0999999999999999,7,5,0
0.0,3.0,5.0800000000000125,0.8799999999999999,0.8300000000000001,0.09,0.0,2.8200000000000003,0.0,-0.0599999999999999,1.6,-9,3,0
5.079999999999984,-3.0,-2.5400000000000205,-1.12,-2.38,-0.04,0.14,0.2199999999999999,0.01,-0.07,0.1,3,1,1
5.0800000000000125,-5.0,0.0,-3.1799999999999997,-1.87,-0.0099999999999998,-0.0499999999999999,0.7,0.0999999999999999,-0.12,1.5,-7,-2,0
-5.079999999999984,13.0,5.0800000000000125,-4.550000000000001,-3.3699999999999997,0.01,-0.04,-1.34,0.0399999999999999,-0.13,-0.2999999999999999,1,2,0
-7.6200000000000045,11.0,0.0,-1.97,0.1499999999999994,-0.13,0.07,-0.83,-0.27,0.1699999999999999,0.0,-6,0,0
5.079999999999984,1.0,-7.6200000000000045,0.0899999999999998,-0.5800000000000001,0.07,-0.05,-2.07,-0.09,0.0899999999999999,0.1999999999999999,-6,-3,0
7.6200000000000045,7.0,0.0,2.67,1.5500000000000005,-0.17,0.1599999999999999,0.61,0.46,0.3999999999999999,0.2,14,-2,1
7.6200000000000045,2.0,-2.5400000000000205,-0.98,-2.4,-0.0099999999999999,0.09,2.48,0.42,-0.03,0.0,-1,-1,1
-10.159999999999997,-11.0,-2.5400000000000205,0.5,-0.04,-0.04,-0.02,0.32,0.0199999999999999,0.12,-0.1,-5,-4,1
5.0800000000000125,2.0,-5.0800000000000125,2.09,-3.1,0.18,0.0899999999999999,0.6100000000000001,0.0999999999999999,0.13,-1.0,10,1,1
-2.5400000000000205,-4.0,0.0,-0.77,-3.14,0.13,0.0699999999999999,1.53,0.38,0.02,0.3,7,-2,1
5.079999999999984,-2.0,5.079999999999984,1.86,-0.8300000000000001,-0.0499999999999999,0.0,0.63,-0.32,-0.05,1.0,-4,-6,0
5.079999999999984,-3.0,5.079999999999984,0.0899999999999998,-0.9499999999999996,0.01,0.12,5.72,0.53,-0.44,0.0,4,-1,1
-5.0800000000000125,-4.0,-7.6200000000000045,2.26,1.2400000000000002,0.12,-0.0999999999999999,0.6500000000000001,0.1,-0.05,-0.4,16,6,1
-2.539999999999992,2.0,0.0,-1.13,2.16,-0.0099999999999999,-0.0299999999999999,-5.56,0.0499999999999999,-0.34,0.0,6,6,0
7.6200000000000045,6.0,5.079999999999984,-0.7000000000000002,-0.4900000000000002,0.0399999999999999,-0.13,0.48,0.14,0.02,0.4,7,7,1
0.0,8.0,0.0,-3.64,-1.6199999999999997,-0.06,0.0,1.01,0.23,-0.55,0.1,8,1,0
2.539999999999992,11.0,2.5400000000000205,-0.04,3.06,-0.18,-0.0699999999999999,-0.6499999999999999,-0.53,-0.56,-1.0,6,18,0
-15.240000000000007,2.0,-5.0800000000000125,-0.3799999999999999,-1.4499999999999995,0.12,0.1699999999999999,-0.48,0.4499999999999999,-0.29,-1.2,-5,-5,0
-10.159999999999997,3.0,0.0,-0.1299999999999999,-0.1300000000000003,0.1,-0.03,-1.4700000000000002,0.07,0.38,0.9000000000000001,2,3,0
0.0,-1.0,5.079999999999984,-0.2200000000000002,-7.79,0.0999999999999999,0.14,1.02,0.57,0.45,0.4,7,4,1
-5.079999999999984,-7.0,2.539999999999992,2.1799999999999997,0.1699999999999999,0.16,-0.0299999999999999,4.83,-0.47,-0.0699999999999999,0.8,3,1,1
-7.6200000000000045,3.0,-2.5400000000000205,-0.2099999999999999,0.5599999999999996,0.0799999999999999,0.01,-0.8,-0.0899999999999999,0.01,-0.9,16,10,1
0.0,-3.0,2.539999999999992,1.4100000000000006,0.1899999999999999,-0.11,0.0299999999999999,2.0,0.2499999999999999,0.18,-0.1,3,1,1
-10.159999999999997,-4.0,-2.5400000000000205,1.7599999999999998,0.9900000000000002,-0.0499999999999999,-0.0799999999999999,-0.0799999999999999,0.37,0.04,-0.2999999999999999,9,6,1
2.539999999999992,-7.0,-7.6200000000000045,0.8700000000000001,-1.0400000000000005,0.06,0.03,0.4699999999999997,-0.01,0.2299999999999999,-0.4,1,-8,1
7.6200000000000045,0.0,12.700000000000015,-1.4899999999999998,-0.1799999999999997,0.0,-0.0399999999999999,-4.53,0.34,0.26,0.0,-8,-6,1
7.6200000000000045,-5.0,-12.699999999999989,1.0500000000000005,1.29,-0.33,0.0699999999999999,0.3700000000000001,-0.0499999999999999,0.24,-0.2,8,1,1
12.699999999999989,6.0,10.159999999999997,-1.2200000000000006,0.1299999999999999,0.01,-0.13,-0.76,-0.57,-0.27,0.0,5,3,0
-2.5400000000000205,-3.0,0.0,0.6000000000000005,0.3799999999999999,-0.03,-0.0699999999999999,-0.44,0.06,0.03,-0.6,1,-1,0
2.539999999999992,-8.0,-7.6200000000000045,2.5399999999999996,-2.450000000000001,0.09,0.12,2.09,0.62,0.58,0.2,10,-4,1
20.319999999999993,4.0,12.700000000000015,1.48,-1.61,0.14,0.24,1.87,0.4599999999999999,0.4399999999999999,-2.0,4,-4,1
7.619999999999976,-8.0,0.0,3.22,-2.74,0.08,0.24,1.2499999999999998,0.0999999999999999,0.6299999999999999,0.7999999999999999,3,-5,1
-2.539999999999992,-6.0,-2.539999999999992,2.03,1.2200000000000002,-0.01,0.0499999999999999,-0.2999999999999998,0.29,0.1099999999999999,-0.6000000000000001,-10,-3,0
5.0800000000000125,1.0,2.539999999999992,-2.6900000000000004,-1.69,-0.1599999999999999,0.04,1.2399999999999998,0.54,0.1599999999999999,0.3,-2,1,0
7.6200000000000045,9.0,2.539999999999992,1.21,-0.2600000000000002,0.0099999999999999,-0.05,2.59,-0.13,0.16,0.6,5,4,1
0.0,1.0,5.0800000000000125,4.18,-1.02,0.17,0.17,-1.0999999999999996,0.36,0.3,1.2,-2,-1,1
-7.6200000000000045,0.0,-2.539999999999992,1.1799999999999995,-0.3700000000000001,0.0,0.0299999999999999,-0.6299999999999999,-0.11,-0.0699999999999999,-1.4,6,2,1
5.0800000000000125,-4.0,5.0800000000000125,-0.56,-0.3099999999999996,0.0199999999999999,0.0,0.0,0.0,0.13,-0.1,1,1,0
0.0,1.0,5.0800000000000125,2.31,-0.1199999999999996,0.12,-0.1599999999999999,-0.1300000000000001,0.1,-0.4399999999999999,1.0,12,0,1
-25.40000000000001,-1.0,-7.6200000000000045,0.4199999999999999,-0.4699999999999997,0.13,0.0699999999999999,1.82,0.38,-0.07,0.5,5,-1,1
0.0,-5.0,-5.0800000000000125,1.34,-3.47,0.2799999999999999,0.0199999999999999,3.42,0.4,0.13,0.7,8,-3,1
12.700000000000015,6.0,10.159999999999997,0.5800000000000001,1.9800000000000004,0.0,-0.0999999999999999,1.5399999999999998,0.36,0.0999999999999999,0.2,14,5,1
5.079999999999984,2.0,-12.699999999999989,-3.120000000000001,-1.7399999999999998,-0.0199999999999999,0.0,1.92,0.2,0.0999999999999999,-0.1,-5,-1,0
2.539999999999992,3.0,-2.539999999999992,0.0999999999999996,0.8999999999999999,0.02,-0.05,0.2499999999999999,0.1699999999999999,0.06,-0.1,9,8,0
5.0800000000000125,2.0,-5.0800000000000125,-1.0900000000000007,-0.8700000000000001,-0.0599999999999999,0.0,-1.8899999999999997,-0.1599999999999999,0.47,-0.2,4,-2,1
0.0,6.0,2.539999999999992,2.15,0.0500000000000002,-0.15,0.02,-3.0599999999999996,-0.21,0.03,-0.0999999999999999,5,1,1
7.6200000000000045,-6.0,-10.159999999999997,-3.42,-1.6800000000000002,-0.08,-0.06,2.56,-0.07,0.12,0.7000000000000001,1,4,0
2.539999999999992,-5.0,2.539999999999992,1.5699999999999998,0.0099999999999997,-0.0599999999999999,0.08,4.48,0.54,0.2099999999999999,2.5,4,-2,1
-5.0800000000000125,-2.0,2.5400000000000205,1.0299999999999998,-0.8000000000000003,-0.02,0.0799999999999999,0.8599999999999999,0.28,0.43,-1.4,-10,-9,0
2.5400000000000205,-4.0,5.079999999999984,-0.0500000000000002,-0.5500000000000003,-0.0899999999999999,0.0599999999999999,0.57,0.01,0.3299999999999999,-0.2,1,1,0
7.6200000000000045,10.0,5.0800000000000125,0.0499999999999998,-0.54,-0.07,0.07,-1.49,-0.06,0.3999999999999999,-0.7000000000000001,15,10,0
5.079999999999984,2.0,7.6200000000000045,2.4800000000000004,0.7800000000000002,0.0199999999999999,0.0899999999999999,-1.39,-0.2,-0.07,-0.1,7,0,1
20.319999999999993,-4.0,7.6200000000000045,0.6099999999999999,-0.5299999999999994,0.03,0.1699999999999999,0.2199999999999999,0.12,0.36,-0.7,3,1,1
10.159999999999997,1.0,5.0800000000000125,3.0799999999999996,2.25,-0.1099999999999999,0.0799999999999999,-1.77,-0.0199999999999999,0.4,-1.7,2,2,0
5.0800000000000125,-16.0,10.160000000000023,0.8900000000000001,2.1000000000000005,-0.07,-0.01,-1.55,-0.13,-0.39,0.0999999999999999,0,-4,1
15.240000000000007,8.0,5.0800000000000125,1.13,0.8999999999999999,0.11,0.01,-0.52,0.12,0.04,-0.1,-1,-3,1
-5.079999999999984,3.0,-2.539999999999992,-0.92,-0.9600000000000004,-0.1599999999999999,0.0899999999999999,0.27,-0.3,0.05,0.6,26,19,0
-7.6200000000000045,4.0,-10.159999999999997,0.5099999999999998,-0.33,0.0499999999999999,-0.01,1.26,-0.24,-0.0799999999999999,0.5,-2,-3,1
2.5400000000000205,5.0,-2.539999999999992,0.08,3.41,-0.14,-0.1899999999999999,-6.01,-0.3299999999999999,-0.2299999999999999,-1.7,3,7,0
2.539999999999992,9.0,0.0,-0.27,-0.8700000000000001,0.0099999999999999,0.0199999999999999,1.45,0.02,-0.4,0.2,-2,-4,1
-2.539999999999992,2.0,-10.159999999999997,-0.0099999999999997,0.48,0.13,0.0399999999999999,1.7300000000000002,-0.12,0.27,-0.1,11,-2,1
-7.619999999999976,-4.0,-2.539999999999992,-1.3000000000000005,1.2100000000000004,-0.13,-0.03,-0.21,0.49,0.31,-0.2,-7,-4,1
-17.78,3.0,-15.240000000000007,2.08,1.6799999999999995,-0.06,0.14,0.54,-0.01,0.0599999999999999,-0.1,16,12,1
17.78,2.0,17.78,0.8499999999999996,1.71,0.02,0.0899999999999999,0.0,0.0,0.2,1.1,-6,-1,0
-2.5400000000000205,6.0,-7.619999999999976,1.27,-1.59,0.16,-0.03,1.78,0.4,0.48,0.4,4,1,1
-5.0800000000000125,4.0,-2.539999999999992,-3.92,-1.2400000000000002,-0.02,-0.0499999999999999,1.39,0.29,-0.3299999999999999,0.5,-2,0,0
0.0,4.0,7.619999999999976,4.220000000000001,1.3600000000000003,0.12,0.02,-1.18,0.3399999999999999,0.12,-2.4,-4,0,0
-5.0800000000000125,6.0,-2.539999999999992,-3.06,0.29,-0.0999999999999999,-0.2299999999999999,-0.0499999999999999,0.05,0.03,-0.5,15,10,0
12.700000000000015,0.0,2.5400000000000205,-1.7500000000000004,-2.49,0.03,0.0399999999999999,-0.02,0.36,0.09,-0.4,11,-1,1
0.0,4.0,5.079999999999984,-3.3,-3.45,-0.12,0.02,2.29,-0.0999999999999999,-0.02,0.3,-4,-2,0
-10.159999999999997,-5.0,-5.0800000000000125,-0.7000000000000002,-1.3500000000000003,-0.02,0.0,-0.0699999999999999,-0.2,-0.14,0.0,-3,-7,1
-2.539999999999992,-7.0,2.539999999999992,-0.3599999999999994,-0.71,0.01,-0.0299999999999999,-0.43,0.05,0.1099999999999999,-0.2,5,4,1
0.0,6.0,5.0800000000000125,1.239999999999999,-1.2299999999999995,0.01,0.13,0.91,-0.03,-0.15,0.3,19,12,0
2.5400000000000205,6.0,2.539999999999992,0.7999999999999998,-0.1600000000000001,0.01,-0.0499999999999999,-2.79,-0.41,-0.1099999999999999,-0.7,4,4,1
-2.5400000000000205,-7.0,-2.539999999999992,0.6099999999999999,-0.2000000000000001,0.0899999999999999,0.07,-1.29,-0.1399999999999999,0.16,-0.7,-12,-13,1
-7.6200000000000045,-3.0,-5.079999999999984,3.4,0.7999999999999998,0.12,0.1299999999999999,-0.96,0.05,0.38,-0.3999999999999999,2,-1,0
-12.699999999999989,-2.0,-5.0800000000000125,1.66,0.0699999999999994,0.16,0.1499999999999999,-0.62,0.0999999999999999,0.13,0.2,7,-1,1
-10.160000000000023,-9.0,5.0800000000000125,0.5799999999999996,-2.8200000000000003,0.2199999999999999,0.19,0.1699999999999999,0.0799999999999999,0.1899999999999999,-0.7,-7,-7,1
-12.699999999999989,7.0,0.0,-0.71,1.5700000000000005,-0.0899999999999999,-0.08,0.4200000000000001,0.06,0.0799999999999999,-0.3,1,4,0
2.539999999999992,0.0,7.6200000000000045,1.65,0.7400000000000002,0.15,-0.1899999999999999,2.4,0.25,-0.0499999999999999,1.8,5,0,1
7.6200000000000045,6.0,-2.539999999999992,-2.68,-0.48,0.07,-0.0799999999999999,-0.3099999999999999,-0.26,-0.13,-0.1,-10,5,0
-10.159999999999997,0.0,-5.079999999999984,0.04,-1.2000000000000002,-0.03,-0.02,-0.49,-0.0399999999999999,0.01,-0.3,1,-2,1
-7.6200000000000045,1.0,2.539999999999992,-2.96,-4.43,-0.01,0.01,-0.01,0.0,-0.0999999999999999,0.4999999999999999,-11,-3,0
2.539999999999992,-1.0,0.0,-0.6900000000000004,2.48,-0.13,-0.0699999999999999,2.28,0.66,0.28,0.0,0,1,0
5.079999999999984,-3.0,5.079999999999984,3.1999999999999997,2.05,0.0399999999999999,-0.08,-6.7700000000000005,-0.26,-0.5,-0.6000000000000001,-1,3,0
-5.0800000000000125,8.0,2.539999999999992,1.989999999999999,0.75,0.1499999999999999,-0.0899999999999999,-3.4,0.06,-0.14,-0.3,-1,2,1
-10.159999999999997,2.0,-10.159999999999997,-0.4499999999999997,0.1000000000000005,0.0399999999999999,0.05,-0.07,0.0899999999999999,0.24,-0.3,3,1,1
7.6200000000000045,3.0,0.0,-0.77,0.6099999999999999,-0.01,-0.06,0.28,0.22,-0.28,-0.0999999999999999,6,4,0
22.859999999999985,4.0,10.159999999999997,1.17,0.3000000000000007,-0.01,0.1,-1.0699999999999998,0.0,-0.02,0.4,2,2,1
7.6200000000000045,-7.0,12.700000000000015,0.2400000000000002,-0.0700000000000002,0.03,-0.04,-0.1999999999999999,0.03,-0.13,-0.5,-1,-1,0
7.6200000000000045,0.0,0.0,1.58,-1.63,0.03,0.13,1.7600000000000002,0.23,-0.02,0.3,-9,-3,0
5.0800000000000125,6.0,7.6200000000000045,0.81,0.9900000000000002,-0.27,0.17,0.4500000000000002,-0.37,-0.0999999999999999,-1.6,2,-3,1
0.0,1.0,-5.079999999999984,-0.9000000000000004,-0.2999999999999998,-0.06,0.0499999999999999,1.0500000000000005,0.03,-0.13,0.3,1,3,0
-7.619999999999976,1.0,-5.079999999999984,-0.3799999999999999,-1.8499999999999996,-0.07,-0.01,0.0,0.0,0.5,0.0,10,1,1
-7.6200000000000045,3.0,-7.6200000000000045,0.0899999999999998,0.9499999999999996,-0.09,0.0199999999999999,-0.5700000000000001,-0.0699999999999999,-0.2499999999999999,-1.7,-14,-1,0
7.6200000000000045,-6.0,10.159999999999997,1.2800000000000002,0.2799999999999998,0.04,0.02,-0.15,0.1399999999999999,0.17,0.8,-1,-1,1
-2.539999999999992,-1.0,2.5400000000000205,-2.89,-1.21,-0.0399999999999999,0.14,0.0999999999999998,-0.2,-0.49,1.9,-2,-1,1
-12.699999999999989,-2.0,-2.539999999999992,0.0999999999999996,-1.77,-0.04,0.17,0.13,-0.45,0.2299999999999999,0.3,1,-3,1
10.159999999999997,7.0,2.539999999999992,1.6399999999999997,0.3700000000000001,-0.06,0.0499999999999999,1.3199999999999998,-0.1599999999999999,0.24,0.3,1,3,1
17.78,-4.0,7.6200000000000045,1.3499999999999996,1.88,-0.0499999999999999,0.01,0.25,0.5,0.1099999999999999,-0.2,9,5,1
0.0,3.0,2.5400000000000205,-0.0100000000000002,-2.9200000000000004,0.1999999999999999,0.0599999999999999,1.53,0.1599999999999999,0.3399999999999999,-0.3,7,-6,1
7.6200000000000045,9.0,0.0,0.5800000000000001,0.54,-0.04,0.0799999999999999,-1.4,0.32,-0.05,-0.5,-11,-1,0
2.539999999999992,4.0,-2.5400000000000205,0.08,-0.02,-0.1099999999999999,-0.01,-4.12,0.03,-0.25,0.3,4,17,0
-5.0800000000000125,2.0,0.0,-0.3000000000000002,1.3099999999999996,0.1,0.01,1.7799999999999998,-0.1,0.54,0.9000000000000001,-5,-3,1
2.539999999999992,0.0,-5.0800000000000125,-2.4400000000000004,-1.3100000000000005,-0.15,0.19,-1.0,0.27,-0.0599999999999999,-0.1,5,6,0
7.6200000000000045,9.0,5.079999999999984,3.47,2.1,-0.05,0.05,-3.68,0.07,-0.17,-3.0,6,0,1
10.159999999999997,5.0,10.159999999999997,2.64,-0.75,0.27,0.07,-1.0699999999999998,-0.1999999999999999,0.2399999999999999,-0.1,4,-1,1
5.079999999999984,-2.0,-2.539999999999992,-0.3699999999999996,1.15,-0.1099999999999999,-0.1499999999999999,-3.63,-0.31,-0.07,0.2,-6,0,0
-7.6200000000000045,1.0,-2.5400000000000205,-0.4599999999999999,0.5899999999999999,0.1599999999999999,0.18,0.7899999999999998,0.4,0.5,-0.6,-1,-3,0
-5.0800000000000125,0.0,0.0,0.1299999999999999,-0.2999999999999998,0.02,-0.01,0.66,-0.19,-0.03,1.2999999999999998,8,2,1
-10.159999999999997,-4.0,-5.079999999999984,-0.8200000000000003,0.3900000000000001,0.0199999999999999,0.0,1.98,-0.0299999999999999,-0.15,0.5,5,0,1
-12.699999999999989,-4.0,-7.6200000000000045,-0.8300000000000001,1.7399999999999998,-0.01,-0.12,-0.2,-0.33,-0.07,0.0,8,2,1
0.0,2.0,7.6200000000000045,1.08,3.3000000000000003,-0.16,0.0699999999999999,-0.95,-0.03,0.34,0.1,1,-1,1
10.159999999999997,-2.0,10.159999999999997,2.7699999999999996,-11.96,0.29,0.3399999999999999,0.35,0.42,0.62,0.3,9,-5,1
-2.539999999999992,1.0,7.6200000000000045,-0.2599999999999998,-1.14,-0.0999999999999999,-0.0199999999999999,-0.86,0.05,-0.3,0.7,12,4,0
7.6200000000000045,4.0,-2.539999999999992,0.3099999999999996,1.8899999999999997,-0.12,-0.0999999999999999,-0.8500000000000001,-0.35,-0.2999999999999999,0.0,-15,-4,0
2.5400000000000205,12.0,7.6200000000000045,-2.0200000000000005,-2.02,0.0399999999999999,0.0,-1.7,-0.4700000000000001,-0.92,0.9000000000000001,-6,2,0
-5.079999999999984,1.0,-2.539999999999992,-3.22,-2.5499999999999994,0.05,0.0299999999999999,-1.81,-0.01,0.3099999999999999,-0.5,-5,4,0
-5.079999999999984,-2.0,-5.079999999999984,0.4899999999999997,0.3299999999999992,0.01,0.0,-0.1599999999999999,-0.13,0.01,-0.4,6,-1,1
-2.5400000000000205,0.0,-2.539999999999992,-0.4099999999999997,-0.31,-0.0899999999999999,0.0,1.8,0.19,-0.16,0.2,1,-4,0
-15.240000000000007,7.0,-15.240000000000007,2.03,3.26,0.0999999999999999,0.01,1.3,0.19,0.35,0.2,4,3,1
2.5400000000000205,-2.0,-7.6200000000000045,0.3900000000000005,-0.81,0.03,0.0899999999999999,0.0899999999999999,-0.42,-0.2299999999999999,0.3,-25,-8,1
-12.699999999999989,-8.0,-2.539999999999992,1.6700000000000004,-0.5699999999999998,0.05,0.1099999999999999,-1.1,-0.36,-0.04,-0.5,-6,-7,1
0.0,2.0,2.5400000000000205,0.0299999999999993,1.46,-0.02,0.1599999999999999,0.1300000000000001,-0.08,0.2999999999999999,0.3,0,2,0
2.539999999999992,1.0,7.6200000000000045,1.0699999999999994,0.2199999999999997,0.06,0.0799999999999999,0.0499999999999998,0.12,0.05,0.1,10,11,1
-12.700000000000015,-1.0,-5.079999999999984,1.7200000000000002,0.6499999999999999,0.06,0.1499999999999999,1.6,0.37,0.15,0.6,6,0,1
15.23999999999998,-7.0,-2.539999999999992,3.69,2.3800000000000003,-0.34,-0.02,-3.33,0.1699999999999999,0.8,-0.6000000000000001,1,1,1
25.40000000000001,-13.0,17.78,1.7400000000000002,-0.0999999999999996,0.14,-0.0599999999999999,-2.45,-0.07,0.53,1.2000000000000002,-8,-4,1
-5.0800000000000125,-4.0,5.0800000000000125,0.8399999999999999,2.9,0.0499999999999999,0.02,-1.73,0.06,0.0,0.0999999999999999,3,3,0
2.5400000000000205,-4.0,5.0800000000000125,1.95,-3.94,0.17,0.18,-0.4299999999999999,-0.3,-0.42,0.0,-1,-7,1
5.0800000000000125,5.0,0.0,0.0999999999999996,-1.6800000000000002,0.0399999999999999,0.0399999999999999,-0.39,0.06,-0.04,-1.4,-2,-6,1
2.539999999999992,3.0,5.079999999999984,-0.2599999999999998,-1.4700000000000002,-0.08,-0.15,0.92,-0.05,0.18,-0.1,-2,0,1
12.699999999999989,-1.0,2.5400000000000205,1.0000000000000004,2.41,-0.1099999999999999,-0.15,-0.45,-0.05,0.3899999999999999,0.4999999999999999,1,1,0
2.539999999999992,5.0,0.0,0.1700000000000003,0.9999999999999996,-0.04,-0.0499999999999999,-0.3600000000000001,0.18,0.14,0.3,-1,1,1
5.079999999999984,17.0,-2.539999999999992,-0.25,0.0099999999999997,-0.01,-0.0499999999999999,-2.7399999999999993,-0.18,-0.3299999999999999,1.4,44,13,0
2.5400000000000205,-7.0,0.0,-0.4599999999999999,1.6600000000000006,0.07,-0.05,-0.73,-0.0199999999999999,0.0899999999999999,0.7,8,2,1
0.0,3.0,2.539999999999992,2.6599999999999997,3.27,0.0999999999999999,0.0,0.7599999999999999,-0.08,-0.1099999999999999,0.8,18,6,0
-5.0800000000000125,-7.0,0.0,-1.1999999999999995,-1.16,0.0,0.02,0.4599999999999999,-0.07,-0.31,0.8,-5,-2,0
0.0,8.0,-5.0800000000000125,0.6399999999999997,-0.96,0.16,-0.0299999999999999,0.4199999999999999,0.12,-0.0999999999999999,0.7000000000000001,9,10,1
-10.159999999999997,-1.0,2.539999999999992,1.1500000000000004,-1.2999999999999998,0.1599999999999999,0.15,-0.56,-0.06,-0.12,0.0,-7,1,0
-5.0800000000000125,-5.0,-5.0800000000000125,-0.1899999999999999,-0.6299999999999999,0.16,-0.03,0.96,0.17,0.27,-0.1999999999999999,-7,0,0
5.0800000000000125,-2.0,-2.539999999999992,1.99,1.12,-0.0399999999999999,-0.12,-1.02,-0.57,0.35,-0.4,3,-4,1
17.78,-4.0,15.23999999999998,1.27,-0.0200000000000004,-0.05,-0.15,0.6,-0.1699999999999999,-0.07,-0.2,0,0,1
-2.5400000000000205,1.0,-10.159999999999997,-0.33,0.4100000000000001,-0.02,0.03,-0.1,0.47,-0.04,0.2999999999999999,-9,-3,0
5.079999999999984,-2.0,5.079999999999984,2.7700000000000005,-0.2000000000000001,-0.0399999999999999,0.09,-1.38,-0.0899999999999999,0.16,0.3999999999999999,2,0,1
15.23999999999998,4.0,10.159999999999997,-0.6299999999999994,-1.1300000000000003,0.0299999999999999,0.0,-1.61,-0.31,0.08,-0.4,5,-4,1
-5.0800000000000125,6.0,-5.0800000000000125,-0.79,-0.1699999999999999,0.11,-0.0799999999999999,-0.09,-0.02,-0.05,1.1,1,-5,0
-5.079999999999984,-6.0,5.0800000000000125,-1.8200000000000005,-1.4300000000000002,0.08,0.02,0.1999999999999999,0.04,0.29,-0.9,0,-10,1
0.0,11.0,5.079999999999984,-2.75,-1.5700000000000005,0.0,0.06,0.5100000000000002,-0.1099999999999999,-0.32,0.8,5,8,0
-7.6200000000000045,4.0,-2.539999999999992,-4.89,-0.4900000000000002,-0.08,-0.0199999999999999,1.76,0.22,-0.36,1.6,5,6,1
-2.539999999999992,3.0,2.539999999999992,-0.3700000000000001,0.7000000000000006,-0.13,-0.02,-1.06,-0.18,-0.0699999999999999,0.1,17,9,0
2.539999999999992,3.0,2.539999999999992,0.3600000000000003,0.8799999999999999,0.0199999999999999,0.02,0.04,-0.19,0.12,0.0,4,0,1
5.0800000000000125,2.0,-2.539999999999992,-3.05,0.3600000000000003,-0.12,0.04,-0.49,-0.3,0.1099999999999999,-0.1999999999999999,-1,-2,1
-2.539999999999992,-2.0,-2.539999999999992,-1.0200000000000005,-0.48,-0.02,0.0499999999999999,4.75,0.46,0.0599999999999999,0.2,5,-4,1
-5.0800000000000125,-7.0,2.5400000000000205,0.1100000000000003,-0.7800000000000002,0.0,-0.01,-0.4899999999999999,-0.1099999999999999,0.32,-0.6,-4,-3,1
-5.079999999999984,4.0,-2.5400000000000205,-0.75,1.06,-0.1,0.1499999999999999,-0.9300000000000002,0.04,-0.43,-0.0999999999999999,-4,-2,0
10.159999999999997,-9.0,7.619999999999976,0.1000000000000005,-2.3500000000000005,0.1099999999999999,-0.17,0.0,-0.04,-0.0899999999999999,1.5000000000000002,-6,-8,0
5.0800000000000125,-1.0,12.699999999999989,-0.1199999999999996,-2.0999999999999996,0.0799999999999999,0.08,-0.3,0.08,-0.3299999999999999,-0.3999999999999999,6,1,1
-7.6200000000000045,-6.0,-7.6200000000000045,-0.92,0.5199999999999996,0.01,0.0,-0.71,-0.33,0.0499999999999999,-0.6,-2,-8,1
2.539999999999992,4.0,-2.539999999999992,-1.1599999999999997,-1.0500000000000005,0.0,-0.01,-0.23,-0.4,0.1899999999999999,0.0,-2,0,1
-2.539999999999992,2.0,5.0800000000000125,-0.5500000000000003,-0.02,-0.0899999999999999,-0.01,-1.14,-0.0499999999999999,-0.09,0.0,-12,2,0
12.699999999999989,4.0,2.5400000000000205,-0.69,-0.3700000000000001,0.0499999999999999,-0.03,0.4700000000000001,0.14,-0.1499999999999999,1.3,3,-2,1
-2.5400000000000205,6.0,-5.0800000000000125,0.0200000000000004,-0.4299999999999997,-0.08,0.0799999999999999,0.0399999999999999,0.0199999999999999,-0.4,-1.8,20,4,1
-2.539999999999992,-3.0,-5.0800000000000125,-0.54,-0.75,0.0199999999999999,-0.0499999999999999,-1.5,-0.33,-0.55,-0.5,-3,-1,0
2.539999999999992,-1.0,2.5400000000000205,-1.5699999999999994,-1.0200000000000005,-0.04,-0.08,1.0699999999999998,-0.24,-0.15,0.4,-5,1,1
5.0800000000000125,-9.0,10.159999999999997,2.6500000000000004,-0.1800000000000001,0.07,0.0199999999999999,-2.11,-0.35,-0.37,-0.3,4,1,0
0.0,6.0,-5.0800000000000125,-0.2299999999999999,-0.27,-0.06,-0.02,-0.29,0.0199999999999999,-0.13,0.5,9,4,0
-7.6200000000000045,6.0,0.0,-1.89,-2.89,-0.06,0.06,2.46,0.1699999999999999,-0.12,-0.0999999999999998,5,3,0
10.159999999999997,5.0,15.240000000000007,1.6399999999999997,-1.5500000000000005,0.02,0.0999999999999999,-2.03,0.05,0.2,-0.2,2,-1,1
15.240000000000007,4.0,10.159999999999997,2.5200000000000005,2.27,-0.0299999999999999,-0.07,-1.5199999999999998,0.2799999999999999,0.24,-0.8,-3,-4,1
2.539999999999992,-1.0,2.5400000000000205,-0.9899999999999998,0.9399999999999996,-0.12,-0.1099999999999999,0.98,0.1099999999999999,0.3,0.0999999999999998,2,1,1
15.240000000000007,4.0,0.0,2.47,-0.2600000000000002,0.0499999999999999,-0.0399999999999999,-0.21,0.0099999999999999,-0.34,0.3,6,3,1
0.0,-2.0,10.159999999999997,3.3899999999999997,0.8700000000000001,0.0399999999999999,0.0599999999999999,-2.3600000000000003,0.31,0.2299999999999999,-0.3,-3,-4,0
-15.23999999999998,-1.0,-10.159999999999997,-0.8700000000000001,-0.6500000000000004,0.1,0.0199999999999999,-0.18,-0.5,0.3,0.0,-5,-6,0
2.539999999999992,0.0,-2.5400000000000205,-0.2000000000000001,2.55,-0.01,-0.21,-0.2099999999999999,-0.46,-0.4499999999999999,0.2,-1,1,0
-2.539999999999992,-6.0,-7.6200000000000045,-2.9000000000000004,-0.6699999999999999,-0.15,0.0999999999999999,2.13,0.1399999999999999,0.1599999999999999,0.6,-2,-1,1
5.0800000000000125,9.0,-2.5400000000000205,1.4899999999999998,-0.3999999999999999,-0.08,0.11,-0.7100000000000002,-0.08,0.17,-0.1999999999999999,11,4,1
7.6200000000000045,5.0,17.78,-0.7000000000000002,-1.2400000000000002,-0.06,0.0699999999999999,0.68,0.34,0.3699999999999999,0.4,16,6,1
10.159999999999997,-2.0,0.0,2.15,0.6800000000000002,-0.0499999999999999,0.1399999999999999,-0.9600000000000002,-0.01,0.2499999999999999,-0.7000000000000001,8,8,1
-5.0800000000000125,3.0,-2.539999999999992,1.4599999999999995,-3.0200000000000005,0.09,0.0899999999999999,2.57,0.3,0.64,0.3,6,1,1
10.159999999999997,0.0,5.0800000000000125,0.9200000000000004,0.3000000000000002,-0.03,0.06,-2.9,-0.33,0.27,0.3,-28,-8,1
10.159999999999997,2.0,5.079999999999984,1.2999999999999998,1.11,0.13,-0.04,-2.14,-0.03,0.7,0.2,16,4,1
-15.240000000000007,0.0,-5.0800000000000125,-1.5099999999999998,0.8599999999999999,0.06,-0.03,-0.71,-0.03,-0.2599999999999999,1.5,-4,9,0
7.6200000000000045,-3.0,5.0800000000000125,-1.3499999999999996,-1.39,0.07,0.0499999999999999,0.1499999999999999,0.02,-0.1599999999999999,1.8000000000000005,11,1,1
10.159999999999997,6.0,2.539999999999992,1.1600000000000006,1.7600000000000002,-0.0299999999999999,-0.0199999999999999,-1.5099999999999998,0.0099999999999999,-0.13,0.0,4,4,0
0.0,-2.0,12.699999999999989,0.4699999999999997,-0.4799999999999995,-0.1299999999999999,0.0599999999999999,-1.45,-0.25,-0.28,-0.3,6,0,1
0.0,-5.0,0.0,3.2200000000000006,2.4400000000000004,0.07,-0.0099999999999998,-0.0499999999999999,-0.06,0.16,0.3,-9,-8,0
-15.240000000000007,10.0,0.0,0.5599999999999998,0.8400000000000001,-0.03,0.0799999999999999,-1.6600000000000006,-0.1099999999999999,0.2199999999999999,0.1,2,4,0
-2.539999999999992,-5.0,5.079999999999984,2.4299999999999997,0.3099999999999996,0.0,-0.01,-2.97,0.0899999999999999,0.1899999999999999,-0.1,0,3,1
-7.619999999999976,-3.0,0.0,1.4499999999999995,2.41,0.09,-0.19,0.8299999999999998,0.0499999999999999,0.3299999999999999,0.3,-1,-6,1
5.079999999999984,-4.0,-5.0800000000000125,0.8300000000000005,0.8299999999999996,-0.09,0.0999999999999999,1.4200000000000002,0.1599999999999999,0.02,0.1999999999999999,3,5,1
7.6200000000000045,0.0,-2.5400000000000205,-0.0299999999999998,-3.51,0.06,0.07,4.1899999999999995,0.19,-0.32,0.2,-5,0,0
2.539999999999992,6.0,-2.539999999999992,0.2199999999999997,1.5599999999999996,-0.06,0.08,-1.83,-0.28,0.09,-0.2,5,1,0
2.539999999999992,0.0,2.5400000000000205,-0.2000000000000001,0.81,-0.19,-0.05,1.6,-0.18,0.0,0.4,6,3,1
7.6200000000000045,-2.0,7.619999999999976,1.2099999999999995,-1.3000000000000005,0.0199999999999999,0.07,-1.17,0.0999999999999999,-0.0399999999999999,-0.4999999999999999,-1,-9,1
2.539999999999992,7.0,5.079999999999984,-0.6099999999999994,0.3100000000000005,0.05,-0.0499999999999999,0.8199999999999998,0.11,0.2299999999999999,0.8999999999999999,13,8,0
12.699999999999989,3.0,10.159999999999997,-1.4999999999999996,-3.05,-0.0399999999999999,-0.0499999999999999,1.71,-0.0399999999999999,-0.3299999999999999,0.1999999999999999,14,6,1
12.699999999999989,-1.0,15.240000000000007,-0.4200000000000004,0.71,-0.1199999999999999,-0.06,-1.4,-0.45,-0.3199999999999999,-0.0999999999999999,-13,-3,0
7.6200000000000045,2.0,5.079999999999984,0.92,1.12,-0.15,-0.0099999999999998,-6.15,-0.26,-0.37,-0.1,4,4,0
2.5400000000000205,4.0,-7.6200000000000045,2.11,0.7800000000000002,0.0699999999999999,0.13,-0.0100000000000002,0.09,0.08,-1.7,1,2,1
2.539999999999992,-3.0,-10.159999999999997,0.33,-0.6600000000000001,0.02,0.03,1.41,-0.19,0.1099999999999999,-0.5,10,1,0
-10.160000000000023,4.0,-5.079999999999984,-1.04,-0.8100000000000005,-0.02,-0.01,1.07,-0.0699999999999999,-0.07,1.1,11,2,1
-10.159999999999997,-4.0,-7.6200000000000045,-0.3900000000000001,1.6,-0.12,-0.05,-2.05,-0.29,0.0499999999999999,-0.8,-5,3,0
-7.619999999999976,3.0,2.539999999999992,-0.5599999999999996,-1.4,-0.05,0.0799999999999999,-0.25,-0.2199999999999999,0.12,0.1,-17,0,0
10.159999999999997,-5.0,10.159999999999997,-0.6200000000000001,-0.3999999999999999,-0.07,0.03,-0.8600000000000001,-0.19,0.0799999999999999,-0.2,-14,-10,1
-2.5400000000000205,-1.0,0.0,2.93,2.1,-0.01,0.05,-0.4800000000000001,0.25,-0.0499999999999999,0.1,4,0,1
10.159999999999997,-1.0,0.0,0.1100000000000003,-1.2599999999999998,-0.06,-0.05,4.09,-0.03,0.04,0.3,-4,-2,1
2.5400000000000205,7.0,5.0800000000000125,-0.92,-1.2799999999999998,0.02,-0.04,-1.2399999999999998,-0.12,-0.14,-0.0999999999999999,0,10,0
-7.6200000000000045,-4.0,-5.079999999999984,1.59,2.4,0.1299999999999999,0.06,-1.4800000000000002,0.01,0.16,-1.0,-9,-7,0
-5.079999999999984,5.0,5.0800000000000125,-1.73,-0.8300000000000001,0.0899999999999999,0.05,0.47,0.1499999999999999,0.0,-0.6,-2,1,0
-7.6200000000000045,-3.0,-10.159999999999997,0.0699999999999994,-2.03,0.1199999999999999,-0.03,0.94,0.2,0.15,0.1,1,-3,1
-5.0800000000000125,3.0,-10.159999999999997,-1.4099999999999997,-1.82,0.02,-0.01,1.12,0.27,0.5,0.0,5,4,1
-5.079999999999984,9.0,-5.0800000000000125,4.44,-0.2800000000000002,0.07,0.14,-1.17,0.06,0.29,-0.3,3,1,0
5.079999999999984,-3.0,2.539999999999992,0.3100000000000005,-0.3099999999999996,0.05,-0.0999999999999999,1.44,-0.1399999999999999,0.17,-0.1999999999999999,-15,-13,1
-5.079999999999984,3.0,-2.539999999999992,2.2500000000000004,-0.0699999999999998,0.1,-0.0999999999999999,0.91,-0.0499999999999999,0.07,-0.0999999999999999,11,-3,0
10.159999999999997,4.0,10.159999999999997,-3.39,-3.2500000000000004,0.02,0.0799999999999999,0.1099999999999998,0.0899999999999999,-0.01,0.0,-2,-8,1
2.539999999999992,0.0,-5.0800000000000125,0.25,0.5800000000000001,0.0499999999999999,0.04,-3.06,-0.0499999999999999,-0.01,-0.7000000000000001,3,4,1
5.079999999999984,7.0,5.079999999999984,-0.4700000000000002,1.4299999999999995,-0.06,0.02,-4.35,-0.3099999999999999,-0.12,-1.4,25,15,1
-5.0800000000000125,3.0,-10.159999999999997,-1.38,-0.7800000000000002,0.0499999999999999,-0.08,1.57,-0.01,-0.1099999999999999,0.0999999999999999,4,7,0
2.539999999999992,7.0,2.539999999999992,1.46,-0.1699999999999999,-0.14,-0.04,-1.39,0.6699999999999999,0.41,-0.5,-1,2,1
-2.539999999999992,5.0,-2.5400000000000205,-1.3000000000000005,-1.1800000000000002,-0.03,0.1099999999999999,-0.6400000000000001,-0.0699999999999999,-0.1599999999999999,-1.2,-14,1,0
5.0800000000000125,-5.0,-5.0800000000000125,-1.29,-1.42,0.0799999999999999,-0.01,3.4,0.2799999999999999,-0.0999999999999999,1.6,4,-3,1
0.0,4.0,2.5400000000000205,2.6999999999999997,-0.08,0.0199999999999999,0.0,-3.14,0.0,-0.2099999999999999,0.0,3,1,1
-2.539999999999992,14.0,-2.539999999999992,-1.82,-3.83,0.03,0.1199999999999999,-1.69,-0.37,-0.55,0.2,-13,0,1
0.0,4.0,2.5400000000000205,-1.9400000000000004,0.9900000000000002,0.02,-0.08,1.45,0.46,-0.08,0.0,14,8,0
15.240000000000007,-4.0,7.6200000000000045,-1.11,-0.2399999999999993,0.0,-0.1599999999999999,3.4799999999999995,0.0499999999999999,-0.08,0.5,5,4,0
5.079999999999984,1.0,7.6200000000000045,1.0200000000000005,0.2200000000000002,0.01,0.01,-0.1499999999999999,0.08,0.2299999999999999,-0.1,8,-2,1
-2.539999999999992,11.0,-2.539999999999992,-2.26,-3.45,0.0,0.0499999999999999,0.29,-0.14,0.02,0.2,18,11,1
0.0,10.0,2.5400000000000205,-0.52,1.5,-0.08,0.05,-6.3100000000000005,-0.06,0.5,-0.3,5,3,0
2.539999999999992,-5.0,0.0,-0.3999999999999994,-1.7999999999999998,0.05,0.03,1.46,0.13,0.25,0.1999999999999999,4,-3,1
7.6200000000000045,-4.0,15.240000000000007,-0.04,-1.6100000000000003,0.04,-0.04,-1.83,-0.07,-0.52,1.2,2,1,1
-12.699999999999989,-10.0,-2.539999999999992,1.6799999999999995,0.2500000000000002,-0.1799999999999999,0.0999999999999999,-4.609999999999999,-0.24,-0.3,-1.5,6,0,1
15.240000000000007,11.0,7.6200000000000045,-1.7899999999999996,0.9900000000000002,-0.18,-0.1599999999999999,-2.0700000000000003,-0.25,-0.5,-0.5000000000000001,2,5,1
-5.0800000000000125,1.0,-2.539999999999992,-0.9500000000000002,-1.91,0.23,-0.02,4.93,0.3199999999999999,0.46,-1.6,-21,-12,0
-5.079999999999984,3.0,0.0,1.06,-1.0499999999999998,0.08,0.15,-0.8499999999999999,0.19,0.63,0.0,8,3,1
0.0,-5.0,-7.6200000000000045,-0.1100000000000003,0.7999999999999998,0.12,-0.12,4.92,0.2699999999999999,-0.0899999999999999,-0.2,7,1,1
-17.78,-1.0,-7.6200000000000045,0.3199999999999994,1.0500000000000005,-0.0399999999999999,0.06,0.8099999999999999,0.07,0.1499999999999999,-0.0999999999999999,-6,-4,1
-2.539999999999992,0.0,-2.539999999999992,-2.3299999999999996,-1.42,-0.0899999999999999,0.0699999999999999,0.74,0.3,0.13,0.0,6,0,1
7.6200000000000045,4.0,0.0,-1.5800000000000003,-1.3600000000000003,0.0,0.01,0.06,0.14,0.2899999999999999,-2.5,24,14,0
2.539999999999992,7.0,2.539999999999992,1.0799999999999996,-0.6199999999999997,0.0499999999999999,0.04,-0.55,0.18,0.4499999999999999,-0.8,-2,2,0
-7.6200000000000045,-5.0,-7.619999999999976,-2.9799999999999995,-0.1200000000000001,-0.03,-0.04,0.19,-0.0999999999999999,0.15,0.1,-3,4,0
2.539999999999992,10.0,-2.539999999999992,0.75,1.65,-0.14,0.0599999999999999,-1.0699999999999998,-0.06,-0.02,0.1999999999999999,24,13,0
-2.5400000000000205,7.0,-2.5400000000000205,1.2300000000000004,0.5900000000000003,-0.04,-0.0399999999999999,-3.4000000000000004,0.21,-0.2299999999999999,0.1,-10,4,0
-17.78,12.0,-17.78,-1.4500000000000002,-0.2099999999999999,0.0299999999999999,0.1100000000000001,0.0,0.0,0.01,-0.4,4,4,1
0.0,-3.0,-7.6200000000000045,-0.92,-1.4,-0.07,0.04,-0.51,-0.16,-0.2299999999999999,0.0,-1,2,0
-5.0800000000000125,3.0,0.0,0.08,-0.1200000000000001,-0.0499999999999999,0.01,-1.45,-0.06,-0.12,0.6000000000000001,-8,1,0
0.0,-1.0,2.539999999999992,2.64,0.6299999999999999,0.0399999999999999,0.0999999999999999,-0.8099999999999999,-0.1799999999999999,0.02,-1.7,-2,-2,1
12.700000000000015,-5.0,15.23999999999998,0.8700000000000001,0.5900000000000003,-0.13,0.16,0.1199999999999998,0.0999999999999999,0.29,-0.2,4,0,1
7.6200000000000045,-5.0,-5.079999999999984,-1.7300000000000004,-1.7800000000000002,-0.05,0.0599999999999999,1.03,-0.42,-0.0399999999999999,0.2,3,-2,1
-7.6200000000000045,4.0,0.0,2.49,1.6599999999999997,0.12,0.13,1.1,-0.2799999999999999,-0.0299999999999999,-0.3,3,1,0
-2.539999999999992,9.0,-5.0800000000000125,-2.81,-2.390000000000001,-0.04,0.02,0.02,-0.1999999999999999,0.25,-0.2999999999999999,-3,-2,0
5.079999999999984,-3.0,10.159999999999997,2.79,-1.4099999999999997,0.18,0.01,0.1799999999999999,0.2799999999999999,-0.13,0.3,-4,-4,1
-5.079999999999984,2.0,5.079999999999984,-1.19,0.52,-0.0099999999999999,-0.0299999999999999,0.0399999999999995,-0.03,0.0299999999999999,0.6,-2,3,0
0.0,-8.0,2.539999999999992,0.2800000000000002,0.04,-0.0199999999999999,0.08,2.42,0.34,0.19,-0.6,1,-2,1
5.079999999999984,7.0,-2.539999999999992,2.57,-1.38,0.1699999999999999,0.1099999999999999,0.67,0.33,0.75,0.3,8,-1,1
12.700000000000015,-4.0,2.539999999999992,2.3000000000000003,4.07,-0.04,-0.17,-0.58,0.78,-0.2299999999999999,0.2,6,5,0
10.159999999999997,1.0,7.6200000000000045,-1.7799999999999998,-0.3899999999999997,-0.09,-0.1099999999999999,-0.75,-0.44,0.2299999999999999,0.0,-4,-1,0
-2.539999999999992,-8.0,-7.6200000000000045,1.7700000000000005,2.28,0.0,-0.0599999999999999,0.1699999999999999,-0.8200000000000001,0.01,0.0,2,4,0
-5.079999999999984,-4.0,10.159999999999997,1.8100000000000005,1.3499999999999996,0.0399999999999999,0.01,-0.78,-0.12,0.25,0.1,2,3,1
-10.159999999999997,9.0,-5.0800000000000125,-0.7300000000000004,-0.1400000000000001,-0.02,0.01,2.29,-0.0499999999999999,0.3099999999999999,0.0,-2,-2,1
-12.699999999999989,-4.0,2.539999999999992,0.4400000000000004,2.57,-0.0299999999999999,-0.0699999999999999,-1.11,0.09,-0.07,-0.3,0,-2,0
5.0800000000000125,-3.0,7.6200000000000045,4.14,-2.39,0.2299999999999999,0.27,-1.7999999999999998,-0.4999999999999999,0.33,-0.6000000000000001,-3,-1,0
7.6200000000000045,-4.0,5.0800000000000125,3.67,1.8600000000000003,-0.01,0.0,-1.74,-0.41,0.69,-0.7,4,-1,1
0.0,-4.0,0.0,0.4199999999999999,-1.4800000000000004,-0.03,0.01,0.0,0.0,0.57,-2.0,8,1,1
-10.159999999999997,14.0,-12.700000000000015,-0.3299999999999996,0.9900000000000002,-0.03,0.1299999999999999,-1.7599999999999998,0.26,-0.12,0.3,-1,5,0
7.6200000000000045,14.0,5.079999999999984,-0.1500000000000003,1.13,-0.0499999999999999,0.09,-2.8000000000000003,-0.1099999999999999,0.4599999999999999,-1.3,-2,5,0
-5.079999999999984,-4.0,-5.0800000000000125,0.6499999999999999,-1.1399999999999997,0.16,0.0699999999999999,-0.1100000000000001,0.0999999999999999,0.3799999999999999,-1.0,4,3,1
12.699999999999989,-1.0,7.6200000000000045,-1.6700000000000004,-3.87,0.02,0.17,-0.4500000000000002,0.14,-0.31,0.3,8,-1,1
-5.0800000000000125,7.0,-2.539999999999992,1.17,0.0699999999999998,0.07,0.1899999999999999,1.0199999999999998,0.0499999999999999,0.39,-2.0,4,-1,1
-5.079999999999984,5.0,-5.0800000000000125,0.4399999999999999,-0.8500000000000001,0.1099999999999999,0.1199999999999999,2.8600000000000003,0.04,0.29,0.1999999999999999,-6,0,0
12.700000000000015,-5.0,2.5400000000000205,-0.5300000000000002,-0.6599999999999997,0.01,0.0,-2.07,-0.18,0.0499999999999999,-1.2,5,4,1
2.5400000000000205,-9.0,0.0,-0.1299999999999999,-0.06,0.08,0.0299999999999999,-0.8200000000000001,0.0,0.0799999999999999,-0.1,4,-3,0
5.0800000000000125,-1.0,-2.539999999999992,1.46,1.3699999999999997,0.01,-0.07,-0.83,-0.08,-0.16,-0.5,0,2,0
-12.699999999999989,3.0,-10.159999999999997,2.0200000000000005,0.8100000000000005,0.1099999999999999,0.14,-0.3600000000000001,0.07,0.0899999999999999,-0.5,8,4,1
-5.0800000000000125,-7.0,2.539999999999992,0.6399999999999997,-2.1100000000000003,0.0899999999999999,0.0199999999999999,-0.37,-0.4,-0.18,0.6,-1,-3,1
-7.6200000000000045,3.0,-2.5400000000000205,0.6900000000000001,-2.12,0.0999999999999999,0.0999999999999999,1.44,-0.18,-0.2,1.9,12,3,1
5.079999999999984,-1.0,7.6200000000000045,1.59,1.04,0.02,0.03,-3.3,-0.24,-0.01,-0.3,0,2,1
0.0,5.0,5.0800000000000125,0.2400000000000002,-0.5300000000000002,-0.07,-0.0499999999999999,-0.3199999999999999,0.06,-0.27,0.5,-3,4,0
5.0800000000000125,-10.0,5.079999999999984,1.9199999999999997,-0.4600000000000004,0.1,0.14,-0.28,0.01,-0.25,0.2,-5,-5,0
12.699999999999989,-6.0,7.619999999999976,1.63,1.67,-0.01,0.02,-5.880000000000001,0.0899999999999999,-0.55,-0.5,-8,-2,1
-5.079999999999984,7.0,-5.079999999999984,-0.52,-0.1999999999999997,0.02,-0.03,1.04,0.36,-0.0899999999999999,0.1999999999999999,5,7,1
-7.6200000000000045,1.0,-10.159999999999997,2.79,-0.73,0.0499999999999999,0.1999999999999999,2.21,0.29,0.2899999999999999,0.1999999999999999,12,0,1
-10.159999999999997,-3.0,0.0,0.4099999999999992,1.95,0.01,0.0,-0.24,0.27,0.3999999999999999,-0.7000000000000001,-6,1,0
0.0,-3.0,5.0800000000000125,-1.88,-2.9600000000000004,0.1999999999999999,0.0999999999999999,2.46,0.42,0.3399999999999999,0.9,-2,-12,1
-5.0800000000000125,8.0,-5.079999999999984,-0.2899999999999996,0.27,-0.02,0.0,0.06,0.08,-0.25,-0.1,8,8,0
0.0,6.0,2.539999999999992,-0.9399999999999996,-2.06,-0.0899999999999999,0.12,1.7299999999999998,0.07,0.2199999999999999,-0.3,8,0,1
-12.699999999999989,-2.0,0.0,-1.2299999999999995,0.5800000000000001,-0.02,-0.0599999999999999,-1.75,-0.06,-0.03,-0.3,9,6,0
-5.0800000000000125,8.0,-5.079999999999984,0.4700000000000002,-0.1299999999999999,-0.2,0.04,-1.1900000000000002,0.06,-0.04,0.1999999999999999,14,7,0
-5.079999999999984,0.0,2.539999999999992,-1.9400000000000004,0.0299999999999998,0.13,-0.15,2.27,0.2699999999999999,-0.37,1.0,-8,-7,0
-7.6200000000000045,3.0,2.5400000000000205,-0.8299999999999996,-0.2799999999999998,-0.08,-0.0099999999999998,2.98,0.1899999999999999,-0.1099999999999999,0.8,6,4,1
15.23999999999998,-2.0,2.5400000000000205,-2.16,1.3100000000000005,-0.1399999999999999,-0.02,-0.35,-0.3,0.05,-0.0999999999999999,2,4,1
-2.539999999999992,2.0,-2.539999999999992,0.4700000000000002,0.9899999999999998,0.08,0.01,1.7,0.1699999999999999,0.25,0.6,-3,-6,1
-5.079999999999984,-3.0,-2.539999999999992,-1.6800000000000002,-0.6099999999999999,-0.09,0.12,1.56,-0.18,-0.1699999999999999,0.7,0,1,0
-17.78,-4.0,2.539999999999992,-1.9400000000000004,-5.700000000000001,0.2099999999999999,0.0,0.4,1.0,0.46,0.0,1,-2,1
-2.5400000000000205,-3.0,5.079999999999984,3.5600000000000005,-0.2999999999999998,0.1099999999999999,0.14,1.63,0.29,0.06,0.8,1,-8,0
-7.6200000000000045,3.0,-5.079999999999984,-2.0500000000000003,0.5899999999999999,-0.1099999999999999,-0.16,-0.58,-0.21,0.25,-0.5,2,3,0
5.0800000000000125,1.0,0.0,0.7399999999999998,0.2200000000000002,0.02,-0.1499999999999999,1.27,0.07,-0.3299999999999999,1.4,11,8,0
-7.6200000000000045,3.0,5.079999999999984,1.29,2.3300000000000005,0.0299999999999999,-0.0399999999999999,-0.37,-0.09,-0.1,0.4,-3,4,1
0.0,-1.0,-2.539999999999992,1.5100000000000002,-0.1699999999999999,0.1599999999999999,0.22,0.08,0.63,0.34,0.1999999999999999,0,-1,1
5.079999999999984,2.0,0.0,2.1599999999999997,0.71,0.0099999999999999,0.01,-0.4399999999999999,-0.13,0.0399999999999999,-1.2,-4,0,0
-5.0800000000000125,12.0,-2.5400000000000205,-1.4699999999999998,0.1000000000000005,0.06,-0.0299999999999999,0.2999999999999999,-0.36,-0.2499999999999999,0.4999999999999999,12,7,1
0.0,3.0,-5.0800000000000125,0.5100000000000002,4.76,-0.11,-0.09,-6.75,-0.77,-0.27,0.3,-1,2,0
-5.0800000000000125,-4.0,0.0,2.2700000000000005,1.8000000000000005,-0.05,-0.01,0.15,0.09,-0.06,0.0,-13,-2,1
2.539999999999992,-6.0,2.539999999999992,1.0999999999999996,-0.6499999999999999,0.0,0.1899999999999999,5.1899999999999995,0.27,-0.22,0.0,-9,-8,0
0.0,-2.0,5.0800000000000125,-1.12,0.8900000000000001,-0.15,0.01,0.3999999999999999,-0.09,0.5,0.5,0,-5,0
0.0,4.0,5.079999999999984,0.4500000000000002,1.58,-0.29,0.12,-0.73,-0.37,-0.28,-1.7000000000000002,-12,-6,0
10.159999999999997,12.0,-2.539999999999992,-2.76,-0.8399999999999999,-0.02,-0.11,1.82,0.46,-0.63,1.9,48,10,0
5.0800000000000125,6.0,-7.6200000000000045,0.7999999999999998,0.4600000000000004,0.0499999999999999,-0.0599999999999999,1.2399999999999998,0.03,0.14,-1.3,-1,2,1
-2.539999999999992,15.0,-5.0800000000000125,-3.94,0.4300000000000001,-0.21,-0.09,-3.08,-0.64,-0.24,-1.5,20,20,0
2.539999999999992,-2.0,2.539999999999992,2.53,-0.4300000000000001,0.1899999999999999,0.0699999999999999,0.0,-0.1999999999999999,-0.25,0.0,9,1,1
-5.0800000000000125,7.0,2.5400000000000205,-1.39,-1.2300000000000004,-0.21,0.12,-1.5799999999999998,-0.0399999999999999,0.15,-0.1,3,10,0
-5.0800000000000125,1.0,-10.159999999999997,0.0,-0.71,-0.0199999999999999,0.08,-0.5599999999999998,-0.05,0.28,0.3,-12,-7,0
0.0,8.0,0.0,-5.07,-1.0999999999999996,-0.17,-0.06,-0.93,0.12,-0.52,-0.7,-5,3,0
-2.539999999999992,9.0,0.0,0.06,-0.7900000000000005,0.07,0.13,-2.73,-0.5,0.04,-0.7,4,-1,1
-5.079999999999984,-2.0,-2.539999999999992,-1.42,-1.88,0.0499999999999999,0.0399999999999999,4.38,0.14,0.4999999999999999,0.5,4,-6,1
12.699999999999989,-1.0,5.079999999999984,1.0700000000000005,-0.6799999999999997,0.04,0.0,0.5799999999999996,0.07,0.39,-0.4,-2,-3,1
-2.539999999999992,-5.0,0.0,0.0300000000000002,-1.0500000000000005,0.1,-0.0399999999999999,1.03,-0.02,-0.0599999999999999,-0.5,-2,-1,0
-2.539999999999992,-3.0,-5.0800000000000125,0.2999999999999998,0.25,-0.09,-0.01,-0.06,0.1299999999999999,0.0,-0.6,4,4,1
7.6200000000000045,-6.0,0.0,-0.3800000000000003,-1.0299999999999998,0.02,0.0699999999999999,3.75,0.05,0.16,-0.2999999999999999,-4,-10,1
7.6200000000000045,0.0,-10.159999999999997,-0.7600000000000007,-1.06,0.0,0.04,2.24,0.52,-0.03,-1.8,4,5,0
-5.0800000000000125,4.0,0.0,-1.11,1.1399999999999997,-0.0499999999999999,0.0399999999999999,-2.4400000000000004,-0.19,0.37,-1.4,-2,0,0
-7.6200000000000045,0.0,-7.6200000000000045,1.4299999999999995,-0.2399999999999997,0.0399999999999999,-0.01,0.72,0.0099999999999999,0.2,-0.3999999999999999,6,-6,1
10.159999999999997,1.0,2.539999999999992,-1.4299999999999995,-3.99,-0.0799999999999999,-0.02,-1.46,-0.0999999999999999,0.13,1.6,6,2,1
20.319999999999993,4.0,-2.539999999999992,-0.5199999999999996,2.08,-0.1799999999999999,-0.12,0.0799999999999999,0.45,0.03,0.0,-3,3,0
-17.78,-3.0,-12.699999999999989,2.3400000000000003,2.63,-0.07,-0.07,-0.02,0.0999999999999999,-0.0599999999999999,-0.1,1,1,1
0.0,8.0,-7.6200000000000045,-1.4299999999999995,-0.56,0.07,0.0299999999999999,0.93,-0.0799999999999999,0.0,0.6000000000000001,10,9,0
5.0800000000000125,-11.0,12.700000000000015,1.56,0.5800000000000001,0.0399999999999999,-0.07,-0.93,0.02,-0.01,0.0,-6,-7,1
7.619999999999976,-5.0,7.6200000000000045,1.6299999999999994,0.8200000000000003,0.06,-0.04,-2.51,0.0499999999999999,0.14,-0.6,-15,-2,0
-2.539999999999992,3.0,0.0,-0.7999999999999998,-0.6099999999999999,-0.05,-0.0899999999999999,1.5500000000000005,0.1099999999999999,-0.0999999999999999,0.6,8,-1,1
5.0800000000000125,5.0,-2.5400000000000205,0.8800000000000003,0.77,-0.1099999999999999,-0.0099999999999998,-1.19,-0.12,-0.17,-0.2,-4,-1,0
12.699999999999989,-3.0,-5.0800000000000125,2.9099999999999997,1.7200000000000002,-0.26,-0.11,-3.93,-0.28,0.37,-0.8,0,3,0
20.319999999999993,-4.0,5.079999999999984,1.21,-1.42,0.09,-0.13,-0.4,-0.15,0.6499999999999999,-0.8,-5,-4,1
-7.6200000000000045,1.0,-7.6200000000000045,1.63,1.4200000000000004,0.04,-0.01,0.2199999999999999,0.12,0.04,-0.3,4,1,1
-12.700000000000015,5.0,0.0,0.1500000000000003,-1.5599999999999996,-0.0899999999999999,0.16,-1.3299999999999998,-0.0899999999999999,-0.07,0.3,7,4,0
5.0800000000000125,4.0,5.079999999999984,0.6000000000000001,1.29,-0.1099999999999999,-0.18,-1.4099999999999997,0.2,0.0899999999999999,-1.3,-3,1,1
-15.23999999999998,-1.0,-10.160000000000023,1.2200000000000002,-0.4599999999999999,0.08,-0.08,1.01,-0.1999999999999999,-0.0999999999999999,-0.2,10,-3,1
2.539999999999992,4.0,-7.6200000000000045,0.25,1.8400000000000003,0.0499999999999999,-0.07,1.27,0.27,0.24,0.2,2,1,1
-5.0800000000000125,0.0,0.0,0.1299999999999999,-0.2999999999999998,0.02,-0.01,0.66,-0.19,-0.03,1.2999999999999998,8,2,1
10.159999999999997,-3.0,10.159999999999997,0.1900000000000004,0.1799999999999997,0.0199999999999999,0.0499999999999999,-1.38,-0.0399999999999999,0.09,-0.5,0,4,0
2.539999999999992,-1.0,0.0,-3.24,-0.6999999999999993,-0.14,0.04,-0.94,-0.15,-0.01,0.2,-2,3,0
-2.539999999999992,1.0,-2.5400000000000205,0.0899999999999998,2.53,0.0,-0.1099999999999999,-0.48,-0.3,0.2299999999999999,-0.2,-13,-1,0
-2.539999999999992,6.0,7.619999999999976,0.1399999999999996,-0.5099999999999998,0.0799999999999999,-0.0499999999999999,-1.82,-0.09,-0.1899999999999999,-0.4999999999999999,5,-2,1
2.539999999999992,-6.0,-5.079999999999984,0.1400000000000001,-1.66,0.06,-0.0499999999999999,0.81,-0.04,0.33,-0.9,10,-1,1
-12.699999999999989,2.0,-2.5400000000000205,1.43,1.0099999999999998,0.01,0.03,-2.6399999999999997,-0.13,0.28,-0.8,9,5,1
7.6200000000000045,-9.0,0.0,0.9000000000000004,0.3799999999999999,0.0099999999999999,0.03,-2.44,-0.0999999999999999,-0.27,0.3,-1,-1,1
5.079999999999984,-1.0,-5.0800000000000125,-1.7700000000000005,0.8799999999999999,-0.16,-0.04,-0.17,-0.2,0.0,0.1,-3,-2,0
-10.159999999999997,9.0,2.539999999999992,-0.9899999999999998,0.3599999999999999,-0.01,-0.1099999999999999,-1.4500000000000002,-0.14,-0.2799999999999999,1.0,12,12,0
5.0800000000000125,-5.0,2.539999999999992,-2.4400000000000004,-2.7900000000000005,-0.0399999999999999,0.1099999999999999,0.4099999999999999,0.14,-0.35,0.4999999999999999,3,-8,1
-12.699999999999989,0.0,-5.0800000000000125,-1.6,-0.72,-0.06,0.02,1.16,0.0999999999999999,0.0599999999999999,0.7,-11,-5,1
-10.159999999999997,-3.0,-5.079999999999984,-4.24,-1.21,-0.07,-0.03,-0.4499999999999999,-0.0699999999999999,0.09,0.9,4,4,1
-7.6200000000000045,4.0,-7.6200000000000045,0.5100000000000002,2.17,-0.2099999999999999,-0.07,-1.37,0.32,1.0,-1.3,9,9,1
2.539999999999992,4.0,7.6200000000000045,-0.7600000000000002,0.7400000000000002,-0.1699999999999999,-0.05,-0.4099999999999999,-0.17,-0.48,-0.5,13,15,0
5.0800000000000125,-6.0,2.539999999999992,0.3600000000000003,-0.4100000000000001,0.0499999999999999,-0.0999999999999999,0.59,0.44,-0.37,1.0,-5,-6,1
12.699999999999989,-6.0,5.079999999999984,-0.0100000000000002,-1.5900000000000003,0.12,-0.0199999999999999,0.68,0.0,-0.2399999999999999,0.7,-16,-5,1
0.0,4.0,-7.6200000000000045,-0.3699999999999996,0.0299999999999998,-0.1599999999999999,-0.0499999999999999,2.58,0.45,-0.0499999999999999,-0.9000000000000001,9,3,1
10.159999999999997,0.0,-2.5400000000000205,2.0199999999999996,1.17,-0.12,0.19,5.49,0.46,0.46,0.4,5,-2,1
17.78,-3.0,7.6200000000000045,0.9899999999999998,-0.31,0.14,-0.03,0.29,1.0,-0.3399999999999999,0.0999999999999999,12,2,1
7.6200000000000045,1.0,-12.699999999999989,0.4699999999999997,0.2099999999999999,-0.0199999999999999,0.0,1.33,0.2,0.0,-1.0,-1,1,1
-10.159999999999997,6.0,-10.160000000000023,-1.17,-0.0100000000000002,0.2799999999999999,0.0999999999999999,2.51,0.75,0.36,0.4,3,-1,1
-5.0800000000000125,3.0,5.079999999999984,-0.2600000000000007,0.8199999999999994,0.08,0.09,-0.3900000000000001,0.08,-0.16,0.4,0,0,1
5.079999999999984,-6.0,5.0800000000000125,1.7400000000000002,-2.41,0.2599999999999999,0.15,0.8799999999999999,0.25,0.3199999999999999,0.6,-2,-5,1
-2.539999999999992,0.0,-5.0800000000000125,-2.78,1.39,0.0,-0.2299999999999999,0.24,-0.19,-0.2,0.0,-2,5,0
-7.6200000000000045,-4.0,0.0,2.05,-2.3499999999999996,0.0799999999999999,0.0499999999999999,-0.1499999999999999,0.24,-0.07,0.1999999999999999,2,0,1
0.0,-4.0,5.0800000000000125,-0.0999999999999996,-0.25,-0.16,0.0,-1.09,0.0,-0.25,-0.3,6,-5,1
5.079999999999984,1.0,0.0,0.4400000000000004,0.8300000000000001,-0.01,0.04,-0.77,-0.1099999999999999,0.0,0.0,11,-1,0
5.079999999999984,-5.0,-5.079999999999984,0.5500000000000003,-0.1299999999999999,-0.06,-0.04,0.05,-0.03,-0.1799999999999999,0.0,4,-1,0
-5.0800000000000125,2.0,-5.079999999999984,-1.58,0.0,-0.1199999999999999,0.0199999999999999,-0.1699999999999999,0.28,-0.12,0.0,-3,0,1
-10.160000000000023,-1.0,0.0,-0.4799999999999995,1.5900000000000003,-0.11,-0.01,-0.38,-0.03,-0.01,-0.0999999999999999,0,1,0
2.539999999999992,-1.0,0.0,0.79,0.5800000000000001,-0.09,0.03,0.0,0.0,0.2199999999999999,0.0,4,-2,1
-2.539999999999992,-3.0,5.079999999999984,1.31,2.4,-0.04,-0.0999999999999999,-1.4,0.04,-0.09,1.0,-3,1,0
5.0800000000000125,-1.0,5.0800000000000125,-1.2000000000000002,-2.55,0.04,-0.0899999999999999,0.67,0.21,-0.3799999999999999,0.8,-5,0,0
5.079999999999984,-1.0,-2.5400000000000205,-1.2999999999999998,1.92,-0.0399999999999999,-0.2199999999999999,0.08,-0.61,-0.55,0.5,-1,1,0
0.0,8.0,2.539999999999992,-0.8599999999999994,-2.44,-0.0399999999999999,-0.0299999999999999,-0.2,-0.03,-0.2199999999999999,-0.1,2,1,1
0.0,6.0,-2.539999999999992,-0.7399999999999998,-1.7400000000000002,-0.0299999999999999,0.0999999999999999,-0.04,0.15,0.21,-0.8,8,-1,1
-10.160000000000023,1.0,2.539999999999992,-0.6199999999999992,-1.62,0.15,0.1599999999999999,1.55,0.55,0.1399999999999999,0.7,16,8,1
-10.159999999999997,-1.0,-5.0800000000000125,-2.16,0.8800000000000003,-0.0499999999999999,-0.02,-0.02,0.06,0.0,0.0,3,2,0
-5.079999999999984,3.0,-5.0800000000000125,-1.19,0.04,-0.02,0.0,1.23,0.0,0.15,0.1,18,3,1
0.0,4.0,-2.539999999999992,-1.97,-0.73,0.06,-0.0399999999999999,0.2699999999999999,0.28,0.0999999999999999,0.8,1,1,1
2.5400000000000205,6.0,-7.6200000000000045,-0.4400000000000004,-0.2399999999999997,-0.06,0.0399999999999999,1.44,0.1099999999999999,0.0,0.1999999999999999,-9,-1,0
-7.619999999999976,0.0,-22.860000000000017,1.73,4.1899999999999995,-0.22,-0.0399999999999999,3.140000000000001,0.11,-0.0099999999999999,-0.2,-2,-2,1
-12.699999999999989,-2.0,-2.539999999999992,-0.7800000000000002,0.48,-0.0199999999999999,-0.0199999999999999,0.5299999999999998,-0.33,-0.43,-0.1,-6,5,0
-7.619999999999976,-6.0,-5.0800000000000125,2.9200000000000004,0.4900000000000002,0.05,0.04,-0.5,0.1699999999999999,-0.03,-0.1,-7,-7,1
2.539999999999992,1.0,0.0,-1.4600000000000002,2.31,-0.01,-0.1099999999999999,-3.05,-0.24,-0.66,5.1000000000000005,1,2,1
-10.159999999999997,4.0,0.0,-0.52,-2.0199999999999996,0.0199999999999999,0.01,2.93,0.37,-0.0599999999999999,0.4,10,8,1
5.079999999999984,6.0,2.539999999999992,1.4000000000000004,1.2200000000000002,-0.08,0.04,-1.9299999999999995,-0.05,0.12,-1.8000000000000005,-8,1,0
-2.539999999999992,-4.0,2.539999999999992,0.9700000000000002,1.06,0.0,-0.05,-1.63,-0.24,-0.4499999999999999,0.3,-6,2,1
22.860000000000017,-13.0,5.0800000000000125,1.7100000000000004,0.3599999999999999,0.02,-0.12,-1.7199999999999998,-0.01,-0.0299999999999999,-0.7000000000000001,-1,1,1
-10.159999999999997,7.0,0.0,-1.0,1.14,-0.13,-0.0699999999999999,-0.2799999999999999,0.29,0.31,-0.4,9,7,0
2.5400000000000205,2.0,2.539999999999992,1.6100000000000003,0.6599999999999997,0.01,0.1299999999999999,-0.6199999999999999,0.27,0.13,-1.2999999999999998,1,-2,1
2.539999999999992,3.0,7.6200000000000045,-0.4900000000000002,-1.17,-0.04,0.1099999999999999,1.51,0.0699999999999999,-0.17,0.6,6,2,0
-10.160000000000023,2.0,-10.160000000000023,-3.0700000000000003,-1.3900000000000006,-0.12,0.1399999999999999,1.89,0.21,-0.0799999999999999,0.3999999999999999,-5,-3,1
-10.159999999999997,3.0,-10.159999999999997,0.71,-0.92,0.0299999999999999,0.0499999999999999,-0.2999999999999999,-0.1599999999999999,0.04,0.1,5,0,1
2.5400000000000205,-13.0,7.619999999999976,0.6800000000000006,-0.7300000000000004,-0.0999999999999999,-0.06,0.03,0.0,-0.1099999999999999,2.2,2,-2,1
7.6200000000000045,5.0,2.539999999999992,0.5300000000000002,-0.5500000000000003,-0.01,0.0,-0.1299999999999999,-0.15,0.1100000000000001,-0.0999999999999999,5,1,0
2.539999999999992,8.0,-2.539999999999992,-4.279999999999999,-0.0300000000000002,-0.07,0.0,1.1,0.36,-0.0599999999999999,0.5,15,16,0
7.6200000000000045,1.0,2.539999999999992,1.58,-1.0700000000000005,-0.03,0.0,-0.51,0.0999999999999999,0.35,-0.1,7,4,1
2.539999999999992,4.0,2.5400000000000205,-0.94,-2.3800000000000003,-0.0299999999999999,-0.01,-0.0999999999999998,-0.3099999999999999,-0.1699999999999999,0.5,-1,-4,1
-7.6200000000000045,12.0,2.5400000000000205,0.6200000000000001,1.7299999999999998,-0.1099999999999999,-0.0599999999999999,-0.06,0.12,0.26,0.3999999999999999,5,7,0
-2.539999999999992,-1.0,2.539999999999992,1.0699999999999998,1.1100000000000003,0.0199999999999999,-0.1099999999999999,-1.0100000000000002,-0.12,-0.0999999999999999,1.2000000000000002,8,4,1
-5.0800000000000125,-8.0,-10.159999999999997,1.3800000000000003,-0.1099999999999998,0.06,0.15,-0.52,0.22,0.52,-0.3,-7,-6,1
-5.0800000000000125,3.0,0.0,-1.42,0.3899999999999997,0.0,0.05,-0.2599999999999999,-0.1,0.1599999999999999,-0.6,4,4,0
2.539999999999992,2.0,10.159999999999997,0.1800000000000001,1.2299999999999995,-0.06,0.02,-1.68,-0.06,-0.0999999999999999,0.5,23,10,1
2.5400000000000205,-2.0,10.159999999999997,2.67,1.3699999999999997,0.08,0.09,-0.32,-0.0899999999999999,0.4,1.8,-6,-4,1
10.159999999999997,-4.0,10.159999999999997,-2.0,-1.4400000000000004,-0.02,-0.1,-0.3700000000000001,0.07,-0.2,-0.3,1,-1,0
-5.079999999999984,-4.0,-10.159999999999997,-3.5600000000000005,-0.56,0.02,-0.1699999999999999,2.4499999999999997,-0.1,0.0099999999999998,0.4,-9,-4,0
0.0,3.0,2.539999999999992,0.6200000000000001,2.5999999999999996,-0.1499999999999999,-0.13,-0.4399999999999999,-0.42,-0.2199999999999999,0.0,-4,4,0
5.0800000000000125,2.0,12.699999999999989,0.6399999999999997,-1.94,-0.0099999999999998,0.0,3.3600000000000003,-0.0499999999999999,0.04,0.5,6,1,1
7.619999999999976,-3.0,12.700000000000015,1.27,-1.58,0.2,0.04,-0.26,0.4599999999999999,-0.01,-0.1999999999999999,-13,-3,0
15.240000000000007,2.0,7.619999999999976,1.19,-0.4500000000000002,0.07,-0.0699999999999999,2.31,-0.3099999999999999,-0.33,-0.6000000000000001,3,0,1
2.539999999999992,-5.0,2.539999999999992,2.1399999999999997,0.73,0.09,0.18,-1.43,0.65,0.4,-0.4,2,-2,1
-12.699999999999989,6.0,-10.160000000000023,4.28,0.08,0.04,0.0999999999999999,-0.16,-0.45,-0.06,-0.0999999999999999,-2,2,0
7.6200000000000045,4.0,-2.539999999999992,-1.04,0.3199999999999998,0.09,-0.0799999999999999,-0.6099999999999999,0.0,-0.24,0.6000000000000001,-2,-5,1
5.079999999999984,1.0,2.539999999999992,-1.0699999999999998,-2.4099999999999997,0.14,0.0699999999999999,2.14,0.36,0.13,0.3,2,-6,1
-10.159999999999997,-8.0,-10.159999999999997,-0.7799999999999994,1.5100000000000002,-0.02,-0.0799999999999999,-0.3499999999999998,-0.0199999999999999,0.13,0.0,-19,-7,0
10.159999999999997,-1.0,12.699999999999989,0.1699999999999999,0.3600000000000003,-0.0399999999999999,-0.02,-1.49,-0.29,-0.27,-0.5,9,0,1
0.0,6.0,-5.0800000000000125,1.15,-0.0699999999999998,0.0399999999999999,0.09,0.2499999999999997,0.26,0.12,-0.9000000000000001,10,7,0
5.0800000000000125,-1.0,-5.079999999999984,-0.4599999999999999,0.2099999999999999,0.08,0.1299999999999999,1.27,-0.1399999999999999,0.2299999999999999,-0.6000000000000001,5,1,1
-2.5400000000000205,-3.0,-10.159999999999997,-0.2299999999999995,-2.72,-0.23,0.2599999999999999,-0.5799999999999998,-0.09,-0.35,-0.4,5,1,1
0.0,9.0,5.0800000000000125,-0.4099999999999997,-1.3000000000000005,0.15,0.0,-0.21,-0.13,-0.26,0.0,-7,-4,1
0.0,-2.0,5.079999999999984,3.2699999999999996,1.85,0.07,0.04,-0.4900000000000001,0.2,0.03,0.0,-6,0,0
-10.160000000000023,12.0,0.0,0.5899999999999999,-2.9099999999999997,0.01,0.12,-0.16,-0.56,-0.07,0.0999999999999999,-6,-2,1
2.539999999999992,-1.0,7.6200000000000045,-0.27,-0.3500000000000001,0.08,-0.06,-0.2799999999999998,-0.15,0.3599999999999999,1.2,-4,-1,1
-2.539999999999992,-7.0,-10.159999999999997,-2.380000000000001,-0.0900000000000007,-0.08,-0.05,0.32,-0.8,-0.1999999999999999,0.5,1,-2,0
0.0,0.0,7.6200000000000045,0.2200000000000002,0.2299999999999999,-0.0299999999999999,-0.12,-1.66,-0.0699999999999999,0.0899999999999999,-0.3999999999999999,-15,-10,0
-10.160000000000023,9.0,-5.079999999999984,-2.3999999999999995,-1.34,0.0899999999999999,0.13,0.89,0.38,-0.3,0.2,-2,3,0
2.539999999999992,5.0,0.0,0.6299999999999999,1.56,-0.0799999999999999,-0.0999999999999999,1.09,0.27,0.33,0.6,1,6,1
-2.539999999999992,-5.0,2.5400000000000205,-2.04,-0.73,0.13,-0.1599999999999999,0.5100000000000001,-0.17,-0.19,1.5,-5,-1,0
12.700000000000015,0.0,-2.5400000000000205,0.0099999999999997,0.0,0.0999999999999999,0.03,-0.3900000000000001,-0.36,-0.3399999999999999,0.4,-1,3,0
2.5400000000000205,8.0,7.6200000000000045,0.8200000000000003,0.7000000000000002,-0.13,0.0499999999999999,-2.26,-0.28,-0.48,-0.6000000000000001,-1,9,0
7.6200000000000045,0.0,5.0800000000000125,-0.1499999999999999,-1.8499999999999996,0.04,0.06,-2.4000000000000004,0.04,0.0699999999999999,-0.3,-11,-3,0
-15.240000000000007,5.0,-7.6200000000000045,-1.04,-5.300000000000001,-0.07,0.1399999999999999,0.34,0.22,0.1699999999999999,0.3,10,4,1
22.860000000000017,-6.0,20.319999999999993,0.3200000000000003,-1.0600000000000005,-0.09,-0.1,0.41,-0.07,0.0699999999999999,-0.4,-5,-2,1
0.0,-4.0,0.0,-0.0099999999999997,-1.86,-0.01,0.02,-1.23,0.0,0.05,-0.8,-11,2,0
5.0800000000000125,13.0,2.539999999999992,-0.9200000000000004,0.4500000000000002,-0.07,-0.01,0.38,0.36,0.13,0.2,13,13,1
-5.079999999999984,4.0,5.0800000000000125,2.5799999999999996,0.6699999999999999,0.19,0.1499999999999999,1.86,0.32,0.24,0.3999999999999999,5,0,1
10.159999999999997,4.0,15.240000000000007,3.29,1.52,0.22,-0.12,0.23,0.33,0.1899999999999999,0.2,8,-1,1
0.0,1.0,-2.539999999999992,-2.24,1.0100000000000002,-0.03,-0.04,2.17,-0.24,-0.12,0.7,1,2,0
-12.699999999999989,-1.0,-7.6200000000000045,-0.4599999999999999,-0.4499999999999997,0.12,0.0399999999999999,1.19,0.5,0.0499999999999999,0.3,9,3,1
0.0,-5.0,2.5400000000000205,0.3599999999999994,-0.6999999999999997,-0.0499999999999999,-0.01,2.9200000000000004,0.09,-0.3899999999999999,0.4,-5,-8,1
2.539999999999992,5.0,2.5400000000000205,0.02,0.91,-0.13,-0.0599999999999999,2.37,-0.65,-0.0499999999999999,1.1,15,9,1
10.159999999999997,7.0,2.539999999999992,1.4499999999999995,-0.27,0.08,0.0699999999999999,-0.4499999999999999,-0.25,0.1,-2.1,10,6,1
-5.079999999999984,-3.0,-7.6200000000000045,-1.4500000000000002,0.2000000000000001,0.04,0.0099999999999998,1.26,0.2699999999999999,-0.3,0.1999999999999999,-4,-2,1
5.079999999999984,-9.0,-5.0800000000000125,0.1800000000000001,1.8000000000000005,-0.13,-0.0599999999999999,0.04,-0.39,-0.0499999999999999,-0.7000000000000001,-16,0,1
-10.159999999999997,-4.0,-2.539999999999992,-1.5500000000000005,-2.4800000000000004,0.2099999999999999,0.0699999999999999,1.29,-0.06,-0.3599999999999999,1.3,-7,-8,1
0.0,2.0,5.079999999999984,-1.5100000000000002,0.2999999999999998,-0.0499999999999999,-0.1,-0.2,-0.33,-0.37,0.4,2,2,0
17.78,-1.0,2.539999999999992,2.3500000000000005,-2.6700000000000004,0.08,0.19,0.85,0.38,0.24,0.6,14,2,1
2.539999999999992,8.0,2.5400000000000205,3.669999999999999,-0.4500000000000002,0.12,0.0699999999999999,-0.4399999999999999,-0.07,0.1799999999999999,-1.0,13,8,0
-10.159999999999997,6.0,-2.539999999999992,1.5499999999999998,0.0599999999999996,0.1599999999999999,-0.04,-0.99,0.19,0.05,-0.1,1,-2,0
7.6200000000000045,-1.0,5.0800000000000125,4.5600000000000005,-0.3799999999999999,0.02,0.0699999999999999,0.0,0.0,1.0,0.0,9,1,1
7.6200000000000045,-1.0,2.539999999999992,3.17,0.1399999999999996,0.1599999999999999,0.0599999999999999,0.85,0.64,0.5700000000000001,0.2,5,-4,1
7.619999999999976,3.0,5.079999999999984,-1.84,2.8,-0.1699999999999999,-0.29,-6.9,-0.48,-0.75,-0.9,-8,-6,0
-10.159999999999997,0.0,-2.539999999999992,2.18,-0.75,0.0799999999999999,0.0799999999999999,0.1299999999999999,-0.25,0.18,-0.2,10,4,1
-10.160000000000023,-1.0,2.5400000000000205,0.5999999999999996,-1.7400000000000002,0.1299999999999999,0.21,-2.51,-0.28,0.02,0.0,5,-2,1
0.0,0.0,-2.539999999999992,-3.25,-5.75,-0.12,0.12,5.19,0.2299999999999999,0.0899999999999999,0.8,4,-4,1
-10.160000000000023,-7.0,2.539999999999992,-0.1099999999999994,-0.6799999999999997,-0.1,0.0,0.37,-0.0399999999999999,0.1899999999999999,0.0,9,1,1
7.619999999999976,-5.0,5.079999999999984,2.05,-0.33,0.1799999999999999,0.0,0.2,0.35,0.03,0.1,24,0,1
-10.160000000000023,-7.0,-7.6200000000000045,-1.44,-1.23,-0.0299999999999999,-0.05,5.09,0.0999999999999999,-0.9,0.3,-5,-3,0
5.0800000000000125,8.0,2.539999999999992,1.3499999999999996,2.67,0.09,-0.1899999999999999,1.03,0.25,0.69,0.1,8,4,1
0.0,1.0,5.0800000000000125,-0.8000000000000003,-1.1800000000000002,0.1,0.12,-3.15,-0.2599999999999999,0.0999999999999999,0.0,2,-9,1
22.860000000000017,5.0,22.859999999999985,-0.8399999999999999,-1.0099999999999998,-0.02,0.03,0.56,0.46,-0.0199999999999999,1.7,18,6,0
2.539999999999992,-3.0,-2.5400000000000205,1.0600000000000005,-0.4500000000000002,0.08,-0.0199999999999999,0.6499999999999999,0.13,0.0899999999999999,0.0999999999999999,4,2,0
-2.5400000000000205,7.0,-5.079999999999984,-1.13,0.1399999999999996,-0.0999999999999999,-0.0499999999999999,0.8600000000000001,0.09,-0.37,-1.2000000000000002,4,12,0
-7.6200000000000045,3.0,2.539999999999992,-1.38,2.72,-0.1699999999999999,-0.0499999999999999,-0.7800000000000002,0.2,0.0999999999999999,0.9,-7,0,0
7.6200000000000045,-8.0,0.0,1.91,0.96,-0.0099999999999999,-0.0799999999999999,-1.66,-0.35,-0.61,1.2,-4,-7,1
-7.6200000000000045,-4.0,2.539999999999992,0.1400000000000001,2.0200000000000005,-0.0299999999999999,-0.03,0.47,-0.1699999999999999,-0.15,0.6,-1,-5,1
15.240000000000007,3.0,20.319999999999993,-2.09,-0.8799999999999999,-0.1599999999999999,0.0799999999999999,-2.14,-0.39,-0.2199999999999999,-0.1,-7,-6,0
-10.159999999999997,-2.0,-2.539999999999992,0.4000000000000003,-0.8300000000000001,0.13,-0.06,4.84,0.57,-0.1099999999999999,2.0,-3,-2,1
-5.079999999999984,4.0,-7.6200000000000045,-2.31,-1.1100000000000003,-0.07,-0.1499999999999999,1.89,0.08,-0.1499999999999999,0.2,-14,-5,0
0.0,3.0,-2.539999999999992,0.2000000000000001,1.17,-0.07,0.03,-0.27,-0.2699999999999999,0.06,-0.1,3,1,0
-5.079999999999984,1.0,-2.539999999999992,-1.5300000000000002,-1.4600000000000004,0.06,0.0299999999999999,4.59,0.1699999999999999,0.15,0.1,12,-2,0
-10.159999999999997,-7.0,-7.6200000000000045,-0.29,0.3200000000000003,-0.1199999999999999,0.02,1.6799999999999995,-0.1399999999999999,-0.33,1.0,5,3,1
-5.0800000000000125,-5.0,-2.539999999999992,2.8100000000000005,-0.7300000000000004,0.1599999999999999,0.04,1.83,0.5,0.4999999999999999,1.1,-5,-5,1
-2.539999999999992,2.0,-2.539999999999992,1.7599999999999998,2.7700000000000005,-0.0199999999999999,-0.1099999999999999,1.61,0.11,0.0899999999999999,-0.1,2,3,0
-20.319999999999993,-2.0,-10.159999999999997,-1.1799999999999995,1.94,0.03,-0.1799999999999999,4.87,0.1999999999999999,-0.66,1.4,-12,-2,0
0.0,-4.0,0.0,2.15,-1.9400000000000004,0.0199999999999999,0.1699999999999999,1.01,0.16,0.0,1.4,0,-1,1
-7.6200000000000045,4.0,-12.700000000000015,-1.96,1.1300000000000003,-0.0399999999999999,-0.0399999999999999,-0.4900000000000001,0.0799999999999999,-0.18,0.0,6,6,0
7.6200000000000045,3.0,2.539999999999992,2.8499999999999996,1.36,0.01,0.1099999999999999,-3.48,0.07,0.4,-1.0,7,2,1
0.0,4.0,2.539999999999992,0.1099999999999998,1.2799999999999998,-0.06,-0.08,-0.7499999999999999,0.01,-0.09,0.3,14,6,0
-7.6200000000000045,5.0,0.0,-3.89,-1.0499999999999994,-0.03,-0.03,-2.19,-0.26,0.37,0.1999999999999999,-9,3,0
-2.539999999999992,-6.0,5.0800000000000125,2.359999999999999,-2.0500000000000003,0.08,0.2,3.46,1.0,0.38,1.7,6,0,1
7.6200000000000045,0.0,7.6200000000000045,-1.5200000000000005,-1.62,0.0299999999999999,0.0,0.3599999999999999,-0.22,-0.32,0.0,-1,5,0
-12.700000000000015,0.0,-2.539999999999992,-0.9699999999999998,-2.5799999999999996,0.01,0.1499999999999999,0.0,0.0,0.7,1.1,4,1,1
-10.159999999999997,3.0,2.539999999999992,1.7400000000000002,-0.1200000000000001,0.02,0.12,-1.2,-0.33,0.2299999999999999,-0.7,1,6,1
-2.539999999999992,1.0,2.539999999999992,1.09,0.3500000000000001,0.1499999999999999,0.01,0.24,0.2199999999999999,0.01,0.2,-8,-4,0
-5.0800000000000125,-4.0,-7.6200000000000045,-3.1199999999999997,-2.88,-0.0499999999999999,0.11,3.5,0.29,0.0799999999999999,-0.3999999999999999,0,2,0
2.5400000000000205,-3.0,2.539999999999992,0.6600000000000001,0.2599999999999998,0.0299999999999999,0.04,-0.23,-0.6699999999999999,0.0599999999999999,0.2,4,-1,1
-7.6200000000000045,-5.0,-2.539999999999992,1.91,0.31,0.07,0.0799999999999999,-0.1499999999999999,0.04,0.25,-0.3,3,-4,1
-12.700000000000015,2.0,-7.6200000000000045,-0.1700000000000003,-0.2099999999999999,0.01,0.0799999999999999,-1.14,-0.16,0.03,-1.8,-2,3,0
2.539999999999992,6.0,-2.539999999999992,-2.03,-3.54,0.0,-0.0099999999999998,0.74,-0.2,0.02,-0.1,0,-1,1
-2.539999999999992,8.0,0.0,-2.42,-1.7499999999999996,-0.02,0.03,0.0,0.0,0.05,0.0,-5,1,0
5.0800000000000125,5.0,7.6200000000000045,-0.4399999999999999,-0.1599999999999997,-0.0099999999999999,0.15,-1.94,-0.55,0.4599999999999999,-0.4,-2,-1,1
2.539999999999992,-8.0,-2.539999999999992,3.729999999999999,-4.71,0.0499999999999999,0.0999999999999999,2.41,0.46,0.75,0.5,2,-4,1
12.699999999999989,8.0,5.0800000000000125,-4.3100000000000005,-0.6299999999999999,-0.2299999999999999,-0.08,-0.96,-0.12,0.01,0.0,9,8,0
0.0,0.0,7.6200000000000045,-0.9699999999999998,-1.0100000000000002,0.02,-0.0499999999999999,-1.2999999999999998,0.21,-0.3099999999999999,0.6,10,2,1
0.0,4.0,-5.0800000000000125,1.2999999999999998,2.2,-0.04,-0.26,0.2400000000000001,0.19,0.0899999999999999,-1.5,-4,2,0
-10.159999999999997,-10.0,-5.0800000000000125,1.1299999999999994,-1.7500000000000004,0.1399999999999999,0.01,0.8799999999999999,0.14,-0.18,-0.1999999999999999,-2,-7,1
5.0800000000000125,1.0,5.0800000000000125,1.97,-0.3600000000000003,0.0899999999999999,0.0,-0.73,-0.05,-0.1099999999999999,0.4,0,-5,1
0.0,-3.0,-10.159999999999997,-0.71,0.2299999999999999,0.03,-0.01,1.11,0.15,0.5,0.3,-7,-3,1
20.319999999999993,2.0,7.6200000000000045,-2.27,-3.27,-0.0999999999999999,0.09,-0.4,-0.61,-0.03,0.1,10,0,1
-2.539999999999992,-7.0,5.079999999999984,1.34,0.8599999999999999,0.0,-0.05,-0.7300000000000001,-0.2199999999999999,0.12,0.1,-17,-6,0
2.539999999999992,0.0,-12.699999999999989,0.2400000000000002,-0.1799999999999997,0.03,0.19,0.16,-0.2699999999999999,0.48,-1.1,8,4,0
2.539999999999992,-6.0,10.159999999999997,-1.2599999999999998,0.4899999999999997,-0.02,-0.0599999999999999,-0.3899999999999999,0.0,0.26,0.3,6,-4,1
12.699999999999989,-1.0,0.0,2.28,0.3000000000000002,0.1099999999999999,-0.0699999999999999,-2.13,-0.39,-0.35,0.0,-7,-2,1
-5.079999999999984,4.0,-2.539999999999992,2.57,1.0099999999999998,0.07,-0.03,-0.1999999999999999,-0.07,-0.13,-0.3,-11,0,1
-2.539999999999992,13.0,-2.539999999999992,-0.6099999999999999,0.4599999999999999,-0.08,-0.0399999999999999,-0.08,-0.16,-0.1599999999999999,0.2,12,6,0
0.0,1.0,2.539999999999992,1.2300000000000004,1.7199999999999998,-0.15,-0.01,-1.14,-0.29,-0.1899999999999999,0.0,-8,4,0
-2.5400000000000205,7.0,-7.619999999999976,-2.1100000000000003,-0.96,-0.0099999999999998,-0.19,1.32,0.18,-0.02,0.4,5,2,1
7.619999999999976,8.0,2.539999999999992,-1.5700000000000005,-1.72,0.1899999999999999,-0.1999999999999999,8.219999999999999,0.28,0.0499999999999999,2.4,1,-2,1
2.539999999999992,-10.0,-7.6200000000000045,2.11,1.7399999999999998,-0.3,-0.05,-2.96,0.0199999999999999,0.8,-0.5,-3,0,0
-5.0800000000000125,-5.0,5.0800000000000125,1.52,0.2200000000000002,-0.0999999999999999,0.01,2.73,0.0399999999999999,-0.1999999999999999,-0.2,-2,-3,1
-5.0800000000000125,-7.0,2.5400000000000205,2.5399999999999996,0.0899999999999998,0.1299999999999999,-0.11,1.8200000000000005,0.08,0.6599999999999999,1.1,-23,-17,1
7.6200000000000045,-1.0,2.539999999999992,0.3900000000000001,-1.08,0.13,-0.01,-0.8300000000000001,0.65,0.0999999999999999,-0.6,0,-1,1
0.0,-7.0,0.0,0.3399999999999998,0.9899999999999998,-0.0299999999999999,-0.0699999999999999,-0.33,-0.13,-0.24,1.1,2,-7,1
17.78,-2.0,7.6200000000000045,1.1900000000000004,-0.1,0.0399999999999999,0.02,-0.9,-0.07,-0.13,0.5,13,3,1
2.539999999999992,3.0,2.539999999999992,0.7399999999999998,-0.3500000000000001,0.09,-0.02,0.17,-0.0199999999999999,0.0,0.0,-5,3,0
-2.539999999999992,-2.0,-7.6200000000000045,-0.5899999999999999,-1.66,0.0099999999999999,0.0699999999999999,1.54,0.18,0.52,-1.2000000000000002,-9,-2,0
-7.6200000000000045,-5.0,0.0,1.2999999999999998,2.3800000000000003,0.1999999999999999,-0.1799999999999999,-1.15,-0.06,0.02,1.4,-2,-6,1
2.539999999999992,4.0,2.539999999999992,1.37,-2.55,0.07,0.1999999999999999,0.0499999999999998,0.1599999999999999,0.42,-0.1,2,3,1
7.6200000000000045,7.0,2.5400000000000205,1.14,-0.3600000000000003,0.15,-0.03,0.96,0.3899999999999999,0.26,2.7,14,9,1
-15.23999999999998,6.0,-10.159999999999997,-3.89,-5.01,-0.14,0.06,0.56,0.16,-0.07,0.3,4,1,0
20.319999999999993,1.0,5.0800000000000125,0.9200000000000004,-0.2000000000000001,-0.0399999999999999,-0.0599999999999999,-0.64,0.59,0.02,0.1,7,3,1
-10.159999999999997,12.0,-7.6200000000000045,0.6600000000000001,2.3699999999999997,0.0,0.14,0.0,0.0,0.47,0.0,11,8,1
-5.0800000000000125,-1.0,0.0,-1.8800000000000003,-0.75,-0.0399999999999999,-0.12,0.69,-0.02,-0.05,0.6,2,-1,1
-7.6200000000000045,-3.0,-7.6200000000000045,1.5500000000000007,0.5099999999999998,0.03,0.0199999999999999,0.0,0.0,0.43,-0.7,-3,-7,1
0.0,6.0,2.5400000000000205,-1.3400000000000003,1.9400000000000004,-0.16,-0.1099999999999999,-0.5,-0.35,-0.25,-0.5,12,12,1
-12.699999999999989,8.0,-7.6200000000000045,-1.0399999999999996,-0.5300000000000002,-0.05,0.01,1.96,0.47,0.2199999999999999,1.0,16,9,1
-7.6200000000000045,-3.0,-2.539999999999992,4.319999999999999,0.79,0.12,0.19,-1.81,0.0399999999999999,0.31,0.0,16,11,1
-2.539999999999992,3.0,-2.539999999999992,3.9,1.010000000000001,0.12,-0.09,0.09,0.03,-0.12,0.4000000000000001,3,1,1
2.539999999999992,-3.0,7.6200000000000045,-1.71,-0.5700000000000003,0.0,-0.0699999999999999,-1.36,-0.1099999999999999,-0.16,0.0,1,-4,0
7.6200000000000045,-5.0,10.159999999999997,0.7799999999999998,-2.7,-0.01,-0.06,3.94,0.04,-0.33,0.5,2,-6,1
-10.160000000000023,4.0,-7.6200000000000045,-1.239999999999999,-0.2800000000000002,0.16,0.05,-0.47,-0.45,-0.0899999999999999,-0.7999999999999999,1,-1,0
-5.0800000000000125,0.0,-5.0800000000000125,2.8499999999999996,0.0199999999999995,0.06,-0.07,-4.5600000000000005,0.0199999999999999,-0.5,0.3,10,8,1
15.240000000000007,-8.0,5.0800000000000125,1.59,-0.2400000000000002,-0.0499999999999999,0.0,-0.2199999999999999,0.47,0.0899999999999999,0.1,2,0,1
7.619999999999976,11.0,2.539999999999992,-0.9299999999999996,-1.39,0.15,0.0899999999999999,1.19,0.15,0.1699999999999999,0.8,31,14,1
10.159999999999997,4.0,7.6200000000000045,-0.8900000000000001,-0.1899999999999999,-0.0999999999999999,-0.02,0.43,0.0299999999999999,-0.0799999999999999,0.2,12,14,1
-7.6200000000000045,1.0,2.539999999999992,2.24,-0.6399999999999997,0.18,0.1499999999999999,1.17,0.05,0.3399999999999999,0.7,22,8,1
7.6200000000000045,-3.0,2.539999999999992,-0.26,0.53,-0.18,0.03,-2.869999999999999,-0.1999999999999999,-0.45,1.2,9,1,1
-10.160000000000023,1.0,-2.5400000000000205,2.49,0.7499999999999996,0.1399999999999999,0.14,0.32,-0.09,0.1599999999999999,0.7,8,7,1
0.0,8.0,-7.6200000000000045,1.41,1.75,0.1099999999999999,0.12,0.05,0.09,0.14,-0.2,0,-3,1
-5.079999999999984,2.0,7.6200000000000045,-2.1399999999999997,-0.1200000000000001,-0.18,-0.0899999999999999,-0.3,-0.01,-0.22,0.3999999999999999,-2,0,0
-5.0800000000000125,3.0,0.0,-0.7999999999999998,2.17,-0.02,-0.07,-0.3299999999999999,0.01,-0.42,0.3999999999999999,23,16,0
-15.23999999999998,6.0,-10.159999999999997,0.3799999999999999,2.25,0.0099999999999999,0.0699999999999999,-1.52,0.24,0.1099999999999999,-0.3,1,4,0
15.240000000000007,4.0,5.0800000000000125,0.7000000000000002,1.46,-0.07,-0.0199999999999999,-0.41,-0.45,-0.0899999999999999,-0.5,-7,4,0
-5.079999999999984,7.0,-10.159999999999997,-2.9800000000000004,-1.54,-0.05,0.0999999999999999,0.95,-0.13,-0.1,0.8,2,1,1
0.0,3.0,-2.539999999999992,-0.8600000000000003,0.27,-0.0399999999999999,-0.0299999999999999,0.4900000000000002,-0.0599999999999999,-0.16,0.6000000000000001,4,7,0
-2.539999999999992,-5.0,0.0,0.3599999999999999,0.5299999999999998,0.04,0.0599999999999999,0.84,0.1099999999999999,0.1699999999999999,-0.6,-12,0,0
5.079999999999984,-1.0,5.0800000000000125,0.6200000000000001,-0.2199999999999997,-0.0699999999999999,0.22,-2.81,0.28,-0.36,-0.1,9,10,1
0.0,-1.0,2.5400000000000205,1.23,-0.4900000000000002,0.16,0.13,3.29,0.57,0.27,1.2,2,-7,1
10.159999999999997,-1.0,0.0,0.4900000000000002,-0.33,0.09,-0.01,-1.08,-0.33,-0.3199999999999999,1.4,9,2,1
2.5400000000000205,-1.0,7.6200000000000045,-0.5700000000000003,1.25,0.0399999999999999,0.03,2.0199999999999996,-0.5700000000000001,-0.39,0.0,-3,-2,1
-7.6200000000000045,-5.0,0.0,1.5500000000000005,3.4100000000000006,0.0299999999999999,-0.0899999999999999,-1.78,-0.13,0.1699999999999999,0.2,-3,-2,0
-20.319999999999993,0.0,-2.539999999999992,1.260000000000001,-0.9400000000000004,0.02,0.13,0.17,0.2,0.2099999999999999,0.0,6,0,0
2.539999999999992,2.0,2.5400000000000205,1.62,1.84,-0.1,0.04,-1.1,0.02,0.13,-1.5,3,3,0
-2.539999999999992,-8.0,0.0,1.33,-1.3800000000000003,0.18,0.02,-0.25,0.16,0.3299999999999999,0.9,6,-1,0
-5.079999999999984,-2.0,0.0,4.01,2.62,0.14,-0.0399999999999999,0.01,-0.5,-0.03,0.1,6,-2,1
0.0,7.0,2.539999999999992,-1.1299999999999994,-1.41,0.04,-0.0399999999999999,0.6499999999999999,0.49,-0.28,0.7,-1,-3,1
-10.160000000000023,7.0,-2.5400000000000205,-0.4399999999999995,1.21,-0.18,0.0499999999999999,-1.4899999999999998,0.0499999999999999,0.0,-0.4,6,9,0
0.0,-1.0,-7.619999999999976,-0.2799999999999998,0.7599999999999998,-0.0299999999999999,-0.04,-1.02,-0.57,0.1299999999999999,-0.4,-1,-4,0
20.319999999999993,-4.0,12.699999999999989,0.5700000000000003,0.8999999999999999,0.01,0.0,0.03,-0.0999999999999999,-0.12,-0.4,-2,1,1
5.079999999999984,-2.0,7.6200000000000045,3.3200000000000003,-1.9600000000000004,0.12,0.12,-0.18,0.0299999999999999,-0.0799999999999999,-0.6000000000000001,-5,-8,0
-2.539999999999992,4.0,5.079999999999984,1.0500000000000005,0.5500000000000003,-0.02,0.09,0.3,0.5,0.06,0.1,7,4,0
10.159999999999997,-2.0,5.079999999999984,-1.4799999999999998,1.56,0.02,-0.16,2.21,0.5,0.12,1.6,-17,-11,0
-5.0800000000000125,6.0,-7.619999999999976,-1.2999999999999998,1.21,-0.0099999999999999,0.04,-5.72,-0.0799999999999999,0.0199999999999999,-0.3,5,8,0
-2.539999999999992,-1.0,-5.0800000000000125,-0.6000000000000001,0.6800000000000002,-0.0499999999999999,0.0,-1.42,-0.1,0.2499999999999999,1.5,23,14,0
2.539999999999992,4.0,2.539999999999992,1.5,2.1600000000000006,-0.03,-0.08,-1.34,-0.1099999999999999,0.02,-0.1999999999999999,-5,7,0
12.699999999999989,-4.0,2.539999999999992,0.5100000000000002,-0.94,0.06,-0.01,1.4600000000000002,-0.03,-0.51,1.3,6,6,0
15.23999999999998,3.0,10.159999999999997,1.67,0.5299999999999998,-0.06,-0.09,-1.45,-0.18,0.26,-0.7999999999999999,-6,5,0
2.539999999999992,-4.0,7.6200000000000045,-0.5,-1.6800000000000006,0.0,0.04,-1.35,-0.26,0.3399999999999999,-0.5,-2,-2,1
-2.5400000000000205,-8.0,-5.079999999999984,-0.5899999999999999,0.4400000000000004,0.0999999999999999,0.1,1.93,0.58,0.0,-1.1,0,1,1
-2.539999999999992,-7.0,2.539999999999992,-0.8599999999999999,-1.3199999999999998,0.02,-0.0399999999999999,-1.29,-0.2,0.16,-1.9,-33,-5,1
-12.700000000000015,-3.0,-5.0800000000000125,-0.0099999999999997,-0.4300000000000001,-0.0899999999999999,0.05,-1.02,0.02,0.0,-0.6000000000000001,6,-1,0
2.539999999999992,0.0,-5.079999999999984,1.0499999999999998,0.6400000000000001,-0.01,0.07,0.4900000000000002,0.07,-0.17,0.7000000000000001,1,1,0
5.0800000000000125,4.0,-2.5400000000000205,1.67,-1.5100000000000002,0.17,0.0399999999999999,0.18,0.26,-0.12,-1.6,3,-1,1
7.6200000000000045,-6.0,2.5400000000000205,-0.5400000000000005,-1.0100000000000002,0.01,0.0199999999999999,0.02,-0.22,0.13,0.7,8,0,1
10.159999999999997,9.0,2.5400000000000205,1.7899999999999996,-0.08,0.1499999999999999,0.0599999999999999,0.3299999999999999,0.1599999999999999,0.17,0.2,24,10,1
12.700000000000015,2.0,12.699999999999989,0.3700000000000001,-0.1200000000000001,0.1599999999999999,-0.0699999999999999,-0.66,0.02,-0.1099999999999999,0.6,8,5,1
0.0,-6.0,2.5400000000000205,2.08,0.5199999999999996,0.02,0.0899999999999999,-2.69,-0.2,-0.2199999999999999,0.0,9,3,1
5.0800000000000125,8.0,2.539999999999992,1.0699999999999998,0.9299999999999996,-0.08,0.0499999999999999,0.9999999999999998,0.1599999999999999,0.5800000000000001,-0.8,-5,-1,1
-5.0800000000000125,3.0,-2.5400000000000205,0.9500000000000002,-1.1500000000000004,0.0,-0.05,2.38,0.0399999999999999,0.33,0.3999999999999999,-3,-5,1
-2.539999999999992,-10.0,0.0,-1.2999999999999998,-2.5900000000000003,-0.12,0.23,0.8899999999999999,0.12,-0.06,1.3,3,0,1
-2.539999999999992,2.0,0.0,0.9299999999999996,3.1000000000000005,0.02,0.0099999999999998,-2.5,-0.1299999999999999,0.0999999999999999,-1.0,2,1,1
5.0800000000000125,14.0,-2.5400000000000205,-0.0900000000000003,-1.04,-0.05,0.06,0.8999999999999999,-0.0499999999999999,0.2199999999999999,0.0,10,5,1
2.539999999999992,3.0,5.079999999999984,2.75,0.3700000000000001,0.13,-0.04,1.1,0.28,0.0,0.1999999999999999,-4,-2,0
-7.6200000000000045,-1.0,-10.159999999999997,0.7999999999999998,1.8200000000000005,0.06,-0.02,0.26,0.2099999999999999,-0.12,0.1999999999999999,4,4,1
0.0,-5.0,-2.5400000000000205,-1.62,1.0199999999999996,-0.07,-0.0699999999999999,-0.1099999999999998,0.0,-0.05,0.0,-19,-8,0
-10.160000000000023,14.0,-5.0800000000000125,-0.6999999999999997,-0.2599999999999998,-0.03,-0.0599999999999999,1.3,-0.0999999999999999,-0.0799999999999999,0.0,-6,3,0
-2.539999999999992,-1.0,-2.5400000000000205,0.1099999999999998,-1.63,-0.12,0.15,1.5299999999999998,-0.5,-0.33,1.5,-3,1,0
15.240000000000007,0.0,10.160000000000023,1.8099999999999996,-2.72,0.0299999999999999,0.1399999999999999,1.96,0.4,0.72,-0.3,13,3,1
-2.5400000000000205,2.0,0.0,2.2700000000000005,0.1400000000000001,-0.04,0.0299999999999999,0.26,-0.08,0.13,0.0,8,2,1
2.539999999999992,-5.0,-2.5400000000000205,1.1399999999999997,0.4500000000000002,0.15,-0.0499999999999999,1.3699999999999997,0.0399999999999999,-0.13,-0.1,4,4,1
-5.079999999999984,9.0,-2.5400000000000205,-0.4400000000000004,-0.8899999999999997,0.12,0.04,0.2199999999999999,-0.08,-0.52,0.7999999999999999,6,1,1
-5.079999999999984,0.0,-12.699999999999989,-2.609999999999999,-0.2000000000000001,-0.0799999999999999,-0.01,2.97,-0.07,-0.19,0.0999999999999999,3,4,1
15.23999999999998,-1.0,10.159999999999997,0.3399999999999998,-1.35,-0.09,0.0499999999999999,-3.3200000000000003,-0.1399999999999999,0.37,0.2000000000000001,-3,-1,1
2.539999999999992,-1.0,-2.539999999999992,0.8500000000000001,-0.3500000000000001,0.1099999999999999,-0.1199999999999999,0.8200000000000001,0.06,-0.14,0.0999999999999999,5,5,1
-7.6200000000000045,1.0,0.0,-0.3399999999999998,-6.010000000000001,0.0999999999999999,-0.02,3.99,0.46,0.6699999999999999,2.7,0,-5,1
-17.78,10.0,-10.159999999999997,0.4399999999999999,-0.48,0.04,0.1499999999999999,0.78,0.3199999999999999,0.03,0.5,16,4,1
0.0,-5.0,5.0800000000000125,1.92,-2.31,0.22,0.16,2.75,0.6699999999999999,0.3299999999999999,1.1,1,-7,1
0.0,-7.0,0.0,2.34,-1.56,0.0299999999999999,0.0499999999999999,0.6900000000000004,0.18,0.2099999999999999,-0.2,6,-4,1
-7.6200000000000045,-3.0,-2.539999999999992,2.54,-0.6800000000000002,0.26,0.1599999999999999,0.0,0.0,-0.37,0.0,11,8,1
-5.079999999999984,8.0,-5.0800000000000125,-0.3700000000000001,1.2599999999999998,-0.06,0.03,-0.07,-0.15,0.1899999999999999,-0.1,-6,-2,0
5.079999999999984,5.0,-7.619999999999976,0.4099999999999997,-0.1099999999999998,-0.0299999999999999,0.16,1.71,-0.71,0.1099999999999999,0.0,8,0,1
-5.0800000000000125,-2.0,0.0,1.12,-0.7700000000000005,0.0,0.0,-0.1799999999999999,0.1099999999999999,-0.01,0.3,-1,0,1
7.6200000000000045,-3.0,2.539999999999992,-0.4399999999999999,0.79,0.21,-0.0999999999999999,0.24,0.14,-0.04,1.0,-6,-5,1
15.240000000000007,3.0,10.159999999999997,1.54,0.4599999999999999,0.03,-0.0199999999999999,0.5700000000000001,0.0,0.21,0.3,6,-1,1
5.079999999999984,0.0,5.0800000000000125,-2.3600000000000003,-2.3299999999999996,-0.1099999999999999,0.03,3.0,0.0299999999999999,-0.2299999999999999,0.0,5,4,0
-5.079999999999984,0.0,0.0,-0.3600000000000003,0.6000000000000005,-0.0899999999999999,0.03,0.26,0.13,0.03,-0.1999999999999999,7,4,1
0.0,2.0,-2.539999999999992,1.2700000000000005,1.1,-0.05,-0.0699999999999999,-0.3999999999999999,0.24,0.01,0.6,13,4,0
-5.0800000000000125,7.0,-2.539999999999992,-0.9299999999999996,-0.8999999999999999,-0.0999999999999999,0.04,0.33,0.1,-0.47,1.0,4,-1,1
5.079999999999984,-6.0,5.0800000000000125,-0.3599999999999999,-0.73,0.09,-0.1299999999999999,1.7600000000000002,-0.0499999999999999,-0.2999999999999999,1.5,8,-2,1
-10.160000000000023,5.0,-12.699999999999989,-0.9699999999999998,0.4099999999999997,-0.12,0.04,0.96,0.66,0.53,-0.6000000000000001,-4,2,0
-10.159999999999997,1.0,-7.6200000000000045,-0.5,2.4299999999999997,-0.04,-0.1099999999999999,1.5,-0.2199999999999999,-0.1099999999999999,0.7,4,0,1
7.6200000000000045,3.0,5.0800000000000125,-0.2999999999999998,-1.0699999999999998,0.06,-0.2,0.01,0.0199999999999999,-0.14,0.3,-3,7,0
-5.079999999999984,10.0,-2.5400000000000205,-1.21,1.53,-0.1099999999999999,0.02,-1.45,0.04,0.0799999999999999,0.6,-11,1,0
-7.6200000000000045,0.0,-7.6200000000000045,1.34,1.8099999999999996,-0.0399999999999999,0.01,-4.56,-0.64,0.02,-0.5,-5,-2,0
2.539999999999992,4.0,10.159999999999997,1.3600000000000003,3.5799999999999996,-0.06,-0.0299999999999999,-0.6400000000000001,0.0299999999999999,0.33,-0.1999999999999999,5,0,1
-5.0800000000000125,3.0,5.0800000000000125,0.5100000000000002,-0.9899999999999998,0.0499999999999999,-0.0199999999999999,3.45,0.2499999999999999,-0.13,0.6,11,5,1
10.159999999999997,0.0,-5.079999999999984,-0.3599999999999994,0.27,-0.0699999999999999,-0.02,-1.46,-0.12,0.16,0.1,2,-1,1
-15.240000000000007,3.0,-5.079999999999984,2.4,2.3000000000000003,0.01,0.05,-0.1799999999999999,-0.38,-0.43,-0.5000000000000001,-5,3,0
-7.6200000000000045,2.0,-7.619999999999976,-4.12,-1.4299999999999995,-0.07,0.02,-0.91,-0.1899999999999999,-0.2099999999999999,0.2,1,3,0
0.0,9.0,-7.6200000000000045,-4.0,0.5700000000000003,-0.2399999999999999,0.07,-3.99,-0.46,-0.93,-2.7,9,11,0
-2.539999999999992,-4.0,0.0,-0.4399999999999999,1.3400000000000003,-0.13,0.0099999999999998,1.73,0.1399999999999999,0.2599999999999999,-0.2,3,6,0
5.0800000000000125,-5.0,7.6200000000000045,0.3799999999999999,0.3000000000000002,-0.1,0.06,-1.12,-0.27,0.2099999999999999,0.0,2,0,1
0.0,4.0,2.539999999999992,3.38,0.6999999999999997,0.2499999999999999,0.1099999999999999,-0.6399999999999999,-0.06,0.18,-1.3,2,2,1
15.240000000000007,-2.0,7.6200000000000045,4.12,1.2299999999999995,0.12,-0.03,-0.7999999999999999,-0.04,0.15,-1.3,7,4,0
0.0,-5.0,-2.539999999999992,2.33,-1.46,0.0499999999999999,0.1399999999999999,2.56,-0.0999999999999999,0.35,0.0999999999999999,5,-4,1
5.079999999999984,-3.0,2.539999999999992,0.3100000000000005,-0.3099999999999996,0.05,-0.0999999999999999,1.44,-0.1399999999999999,0.17,-0.1999999999999999,-15,-13,1
5.0800000000000125,3.0,-12.700000000000015,-1.0099999999999998,-1.31,0.09,-0.01,1.51,-0.16,-0.14,-0.0999999999999999,1,-3,1
-7.6200000000000045,-6.0,0.0,1.5699999999999998,0.6200000000000001,0.07,-0.02,1.24,-0.03,-0.06,0.0,-14,-3,1
-7.6200000000000045,1.0,-10.159999999999997,2.98,1.8500000000000003,0.09,-0.0899999999999999,1.0700000000000005,0.07,0.13,-0.0999999999999999,12,6,0
2.539999999999992,0.0,-2.539999999999992,1.2799999999999998,0.7799999999999998,-0.12,0.19,0.7999999999999998,0.18,0.51,-0.3,4,0,1
-12.699999999999989,3.0,-2.539999999999992,-0.7199999999999998,-1.25,-0.08,0.15,-0.04,-0.1699999999999999,0.12,-0.1999999999999999,-10,3,0
7.619999999999976,-2.0,0.0,1.1599999999999997,0.3900000000000001,-0.09,-0.05,-0.8400000000000001,-0.27,-0.0499999999999999,0.4,5,2,0
-2.539999999999992,0.0,-5.079999999999984,-3.87,-1.1800000000000002,-0.07,0.01,3.22,0.0999999999999999,-0.15,-1.1,5,5,1
5.0800000000000125,11.0,10.159999999999997,-0.5100000000000002,-1.0000000000000004,0.04,0.1,-0.12,0.16,0.36,0.2,8,6,1
0.0,-1.0,0.0,0.3400000000000003,1.08,-0.04,-0.0299999999999999,1.22,0.17,0.13,0.1,-7,-2,1
7.6200000000000045,-7.0,10.159999999999997,-1.1000000000000003,-0.8500000000000005,-0.01,-0.04,-0.65,0.04,0.02,0.0,7,-4,1
5.0800000000000125,-7.0,0.0,2.86,-1.3499999999999996,0.26,-0.0999999999999999,1.22,0.45,-0.0299999999999999,0.0,6,-2,1
10.159999999999997,-3.0,5.0800000000000125,-0.7999999999999994,-0.0299999999999998,0.03,-0.02,-0.54,0.19,0.04,0.3,-7,-1,0
-7.6200000000000045,1.0,-7.6200000000000045,0.3700000000000001,-0.3999999999999994,0.03,0.02,0.54,0.0199999999999999,-0.17,1.0,7,-4,1
-7.6200000000000045,0.0,-10.159999999999997,1.3800000000000003,0.91,0.0099999999999999,0.03,-0.3999999999999999,0.1,0.42,-1.7,7,3,1
-10.159999999999997,1.0,-10.159999999999997,1.1,1.86,-0.01,0.1,0.45,0.23,0.5599999999999999,-0.4,8,7,0
-2.539999999999992,-3.0,-2.539999999999992,0.6499999999999999,0.6600000000000001,0.02,0.04,-0.76,0.2199999999999999,-0.24,-0.1999999999999999,12,1,1
7.619999999999976,-4.0,0.0,0.06,1.19,-0.03,-0.08,-6.140000000000001,-0.1099999999999999,-0.4,-0.9,-3,-2,1
10.159999999999997,-3.0,2.5400000000000205,-0.7399999999999993,-2.29,-0.0199999999999999,0.1099999999999999,-0.8699999999999999,0.1599999999999999,0.26,-0.3,-18,-11,0
2.539999999999992,-7.0,10.159999999999997,-0.5199999999999996,-1.33,-0.0199999999999999,0.0499999999999999,1.17,0.33,-0.0899999999999999,0.5,-7,-6,0
7.6200000000000045,6.0,0.0,-0.9000000000000004,0.8399999999999999,-0.03,-0.1199999999999999,1.65,0.33,0.37,0.0,-3,-5,0
-5.079999999999984,-14.0,-2.5400000000000205,0.0399999999999995,-1.0400000000000005,0.07,-0.01,0.81,-0.1399999999999999,-0.53,0.5,-4,-4,1
2.539999999999992,7.0,0.0,-0.3599999999999999,1.29,-0.0299999999999999,-0.15,-0.8299999999999998,0.0099999999999999,-0.18,0.5999999999999999,4,4,0
0.0,-2.0,-7.6200000000000045,-1.5699999999999998,-1.17,-0.0699999999999999,0.0499999999999999,5.2299999999999995,-0.0999999999999999,-0.42,-0.2,-19,-6,1
-12.699999999999989,6.0,-12.700000000000015,-3.3600000000000003,-2.17,-0.16,0.0499999999999999,0.48,-0.07,-0.45,-0.3,4,1,1
-2.539999999999992,-11.0,2.5400000000000205,0.9399999999999996,-0.2299999999999999,0.11,0.01,0.28,-0.36,0.13,-0.1,7,1,1
-5.0800000000000125,-3.0,-2.539999999999992,-0.79,-0.3699999999999996,-0.0499999999999999,-0.06,1.71,-0.65,0.18,0.2,2,-3,1
-5.079999999999984,10.0,-15.240000000000007,-0.0899999999999998,0.06,-0.02,0.0599999999999999,0.1900000000000001,0.15,-0.04,0.7999999999999999,25,12,1
-2.539999999999992,5.0,-7.6200000000000045,-3.4999999999999996,-0.7300000000000004,-0.19,-0.01,1.93,-0.01,-0.0699999999999999,0.3,7,6,0
-5.079999999999984,4.0,2.539999999999992,1.2100000000000004,0.3599999999999999,0.07,0.04,-1.84,-0.31,-0.05,0.1,4,3,1
10.159999999999997,8.0,5.0800000000000125,1.6800000000000002,0.8799999999999999,-0.07,-0.01,-2.1399999999999997,-0.12,-0.0399999999999999,-0.5,-3,2,0
12.699999999999989,0.0,7.6200000000000045,3.22,2.1100000000000003,0.02,-0.1099999999999999,0.3600000000000001,-0.09,0.53,-1.1,6,2,0
5.079999999999984,1.0,5.0800000000000125,-0.6999999999999997,0.4500000000000002,-0.09,-0.04,0.32,-0.0199999999999999,-0.3899999999999999,0.0,9,15,0
0.0,3.0,-7.619999999999976,2.13,-2.4299999999999997,0.15,0.14,-1.45,0.19,0.63,-1.5,11,6,1
5.079999999999984,1.0,5.079999999999984,-0.5500000000000003,0.0700000000000002,-0.01,-0.0899999999999999,-1.2200000000000002,-0.0399999999999999,-0.2,-0.3,6,5,0
0.0,3.0,2.539999999999992,-1.99,-1.8200000000000005,0.06,0.0099999999999998,-0.94,-0.0499999999999999,-0.2699999999999999,0.0,-10,-1,0
-10.159999999999997,2.0,5.079999999999984,-0.8799999999999999,-0.9499999999999996,-0.04,-0.05,1.51,0.1899999999999999,-0.4,1.0,-3,3,1
12.700000000000015,5.0,5.0800000000000125,-1.7099999999999995,-0.1999999999999993,-0.1099999999999999,-0.0599999999999999,2.0700000000000003,0.37,0.2099999999999999,-0.3,8,4,1
10.159999999999997,5.0,0.0,1.09,-2.06,0.17,0.0899999999999999,0.2099999999999999,0.15,0.2999999999999999,0.0,4,4,1
15.240000000000007,-5.0,12.699999999999989,-0.3200000000000003,-1.5699999999999998,0.11,0.0,0.3299999999999999,-0.3399999999999999,-0.17,0.6000000000000001,0,-3,1
2.539999999999992,-1.0,2.539999999999992,2.02,-1.5,0.0099999999999999,0.0,4.6899999999999995,-0.0499999999999999,0.49,-0.3999999999999999,5,-2,1
0.0,0.0,2.5400000000000205,-1.14,-0.6600000000000001,-0.07,0.0,-3.8,-0.19,0.1699999999999999,0.0999999999999999,2,-3,1
7.6200000000000045,9.0,5.0800000000000125,0.2200000000000002,1.9299999999999995,-0.07,0.01,0.0,0.0,-0.13,-0.5,17,10,1
5.0800000000000125,2.0,12.700000000000015,-0.04,0.5300000000000002,0.0499999999999999,0.03,4.69,0.2,0.4,0.0,-6,-4,0
2.539999999999992,2.0,5.0800000000000125,1.34,-1.92,0.03,0.1199999999999999,1.55,0.36,0.5499999999999999,0.4999999999999999,14,2,1
2.539999999999992,9.0,-7.6200000000000045,0.1600000000000001,-1.41,0.0199999999999999,0.06,0.5499999999999998,0.0499999999999999,-0.02,0.2,14,5,0
2.539999999999992,3.0,-10.159999999999997,-0.5999999999999996,-0.9899999999999998,0.08,0.0,0.6099999999999999,-0.09,-0.19,0.5,6,0,1
17.78,2.0,7.6200000000000045,0.79,-0.1699999999999999,0.09,-0.0599999999999999,1.46,0.13,-0.14,-0.7,12,6,1
-7.6200000000000045,10.0,-10.159999999999997,-4.23,0.2399999999999997,-0.32,0.06,-0.0099999999999999,-0.0899999999999999,0.24,-0.1999999999999999,6,15,0
-2.5400000000000205,11.0,-7.619999999999976,-0.7000000000000002,-0.6599999999999997,-0.01,0.27,-0.8599999999999999,0.4600000000000001,0.0899999999999999,-1.5000000000000002,8,11,1
-12.700000000000015,-1.0,-5.079999999999984,0.0699999999999998,-0.3900000000000001,0.0499999999999999,0.0599999999999999,-1.15,-0.21,0.2499999999999999,-0.9000000000000001,-22,-12,1
-5.079999999999984,-3.0,0.0,0.9999999999999996,-1.0099999999999998,0.06,0.0799999999999999,0.5999999999999999,-0.0199999999999999,0.16,-0.7,-3,-9,1
-5.0800000000000125,7.0,0.0,-0.6699999999999995,-1.3000000000000005,0.11,0.0,0.2599999999999998,-0.02,-0.0999999999999999,0.7,-3,-2,0
5.0800000000000125,6.0,-2.539999999999992,-2.7,-0.8000000000000003,-0.07,0.05,-0.4399999999999997,-0.09,0.05,-0.4,-1,0,0
2.539999999999992,3.0,0.0,0.8900000000000001,0.2699999999999996,0.0299999999999999,0.0499999999999999,-1.5,0.01,0.17,0.1999999999999999,1,-6,0
-7.619999999999976,6.0,2.5400000000000205,3.72,-1.2000000000000002,-0.12,0.31,-2.0999999999999996,-0.42,0.19,-2.3,7,5,0
7.6200000000000045,4.0,-2.5400000000000205,-0.9300000000000002,-0.6600000000000001,0.0,0.0,-1.1800000000000002,0.02,0.37,-0.0999999999999999,-3,0,0
-10.160000000000023,5.0,-10.159999999999997,-1.3499999999999996,0.3700000000000001,-0.0899999999999999,0.05,0.4599999999999999,0.0,0.0499999999999999,0.1,3,1,0
-2.539999999999992,5.0,5.0800000000000125,4.8100000000000005,1.7200000000000002,0.02,0.13,-2.0999999999999996,-0.1299999999999999,0.04,0.6000000000000001,9,3,1
0.0,-2.0,5.0800000000000125,-1.7300000000000004,-1.2299999999999995,-0.2,0.06,0.98,0.1899999999999999,-0.14,0.5,-3,-1,1
2.5400000000000205,0.0,7.6200000000000045,-1.6800000000000002,-1.2999999999999998,-0.0399999999999999,-0.01,0.53,-0.85,-0.36,1.0,3,-2,1
2.539999999999992,-4.0,2.539999999999992,0.7200000000000002,1.5500000000000005,-0.21,0.0999999999999999,-0.12,-0.27,-0.03,-0.1,8,2,1
2.5400000000000205,7.0,7.619999999999976,1.0199999999999996,-1.67,0.0499999999999999,0.09,-0.2099999999999999,0.0,0.0999999999999999,-0.1999999999999999,6,-1,1
-5.0800000000000125,6.0,-5.079999999999984,-0.94,-0.7599999999999998,0.08,0.1,3.26,-0.13,0.1899999999999999,-0.1,5,6,0
0.0,-1.0,5.079999999999984,-0.1799999999999997,-0.5599999999999996,0.0499999999999999,-0.0499999999999999,0.5999999999999999,0.0,-0.29,1.4,1,5,0
-7.6200000000000045,-1.0,0.0,0.6299999999999999,-1.4500000000000002,0.2099999999999999,0.0999999999999999,0.14,0.0499999999999999,0.0499999999999999,0.1,9,-1,1
7.619999999999976,3.0,-2.5400000000000205,0.6200000000000001,-0.8900000000000001,0.25,0.0299999999999999,1.13,0.27,0.03,0.7000000000000001,34,9,1
-2.539999999999992,-4.0,2.539999999999992,-2.1300000000000003,-0.3700000000000001,-0.09,-0.04,2.3,0.0799999999999999,-0.17,0.6,2,-8,1
-10.159999999999997,-6.0,-10.159999999999997,-0.4199999999999999,-0.8199999999999998,0.0,0.0,0.5800000000000001,-0.24,-0.17,0.1999999999999999,-6,-4,1
-5.0800000000000125,2.0,0.0,0.4300000000000001,1.94,0.0499999999999999,-0.0699999999999999,0.4599999999999999,-0.13,-0.0299999999999999,0.0,-8,2,0
-7.6200000000000045,-5.0,0.0,0.1800000000000006,-1.5200000000000005,-0.06,0.05,0.13,0.01,0.02,-0.7,-2,-1,1
2.539999999999992,12.0,-5.0800000000000125,-1.12,-2.1799999999999997,0.06,0.02,1.24,0.18,-0.37,-0.5,16,16,0
-15.240000000000007,-1.0,-7.6200000000000045,0.0599999999999996,0.27,0.0999999999999999,-0.0499999999999999,5.7700000000000005,0.1099999999999999,0.0899999999999999,2.4,-13,-9,0
17.78,0.0,15.240000000000007,0.7200000000000002,-1.6300000000000003,-0.01,0.05,-0.77,0.17,-0.01,0.2,5,-3,1
-2.539999999999992,4.0,2.5400000000000205,-2.6999999999999997,-2.31,-0.08,-0.03,1.78,-0.06,-0.2999999999999999,0.0,11,6,0
-5.079999999999984,-1.0,2.5400000000000205,1.75,1.52,0.02,-0.1599999999999999,-1.44,-0.13,-0.27,0.3,-2,1,1
-2.5400000000000205,-1.0,-10.159999999999997,0.7099999999999995,0.92,0.0399999999999999,-0.03,0.4099999999999999,-0.0999999999999999,0.17,0.7,1,-5,1
0.0,-9.0,5.079999999999984,-0.52,0.04,-0.01,-0.0499999999999999,-1.62,-0.07,-0.12,-0.3,4,10,0
-5.079999999999984,2.0,2.539999999999992,0.6800000000000002,1.31,-0.0499999999999999,0.0,-0.42,-0.0199999999999999,0.0299999999999999,-0.0999999999999999,12,-3,1
5.079999999999984,-4.0,2.539999999999992,0.29,0.6699999999999999,0.0099999999999999,0.05,0.49,0.13,0.0399999999999999,0.0,-13,-6,0
15.23999999999998,1.0,5.079999999999984,1.4899999999999998,1.68,-0.09,0.13,1.6,-0.0399999999999999,0.3,-0.6,7,0,1
-2.539999999999992,7.0,2.539999999999992,-0.02,-0.3899999999999997,-0.0399999999999999,0.1099999999999999,-1.27,0.0299999999999999,-0.24,0.2,16,18,1
7.619999999999976,8.0,2.5400000000000205,1.7999999999999994,-0.3600000000000003,-0.01,0.0199999999999999,-1.02,-0.03,0.25,-1.3,5,12,0
0.0,3.0,-7.6200000000000045,2.02,-0.1499999999999999,0.0899999999999999,0.0699999999999999,1.23,0.23,0.33,-0.5,2,-1,1
-5.079999999999984,-3.0,-7.6200000000000045,1.5,1.0799999999999996,0.0099999999999999,0.04,-0.22,-0.5,-0.0799999999999999,1.0,12,8,0
7.6200000000000045,-5.0,5.0800000000000125,0.5299999999999998,-2.5599999999999996,0.12,0.0399999999999999,0.2299999999999999,-0.0699999999999999,0.07,0.6000000000000001,-15,-13,0
12.700000000000015,-5.0,7.6200000000000045,2.38,-0.5899999999999999,0.07,0.16,-0.51,0.0,-0.26,0.0,-2,-2,1
15.23999999999998,5.0,0.0,-2.4099999999999993,-3.09,-0.1499999999999999,0.02,0.26,0.0999999999999999,-0.0799999999999999,0.9,1,6,0
-10.159999999999997,-2.0,-10.159999999999997,-0.1400000000000001,0.6800000000000002,0.13,-0.0999999999999999,-0.8299999999999998,-0.0999999999999999,-0.0799999999999999,0.1,-8,0,1
12.699999999999989,1.0,5.079999999999984,-1.11,-0.6199999999999997,-0.08,-0.06,0.76,0.62,-0.04,0.3,3,-2,1
-2.539999999999992,1.0,-5.0800000000000125,-1.95,-4.05,0.01,0.0399999999999999,0.74,0.09,-0.26,0.3,5,12,0
15.23999999999998,-2.0,12.700000000000015,2.33,-0.54,0.07,0.02,0.2,0.33,-0.13,0.0,1,2,1
-2.539999999999992,-3.0,-7.619999999999976,-1.3600000000000003,-1.0400000000000005,0.0099999999999999,0.01,-0.5499999999999999,0.1699999999999999,-0.13,-0.0999999999999998,-12,-7,1
7.619999999999976,0.0,-5.079999999999984,-0.2999999999999998,1.1599999999999997,-0.04,-0.11,0.07,0.15,0.06,0.7,36,8,1
2.5400000000000205,-2.0,-5.0800000000000125,-1.4,-1.5000000000000004,-0.06,0.06,1.8000000000000005,0.0299999999999999,-0.2299999999999999,-0.3999999999999999,2,-5,1
-2.539999999999992,-2.0,-2.539999999999992,-0.29,-0.4499999999999993,0.1,0.04,0.3400000000000001,0.3999999999999999,-0.02,0.0,7,2,1
2.5400000000000205,-8.0,2.5400000000000205,-0.7800000000000002,-2.23,0.2199999999999999,0.1099999999999999,1.7800000000000002,0.06,-0.0499999999999999,0.6000000000000001,2,-5,1
10.159999999999997,-5.0,7.6200000000000045,0.1400000000000001,0.2800000000000002,-0.0399999999999999,-0.07,1.23,0.2099999999999999,-0.35,1.4,-12,-9,1
7.6200000000000045,-3.0,-2.5400000000000205,0.3399999999999998,0.4100000000000001,-0.11,-0.01,0.8600000000000003,0.0299999999999999,0.1999999999999999,-1.9,-16,-1,0
2.539999999999992,9.0,7.619999999999976,-1.49,-1.35,-0.0499999999999999,0.0899999999999999,0.25,-0.14,0.1099999999999999,0.5,6,4,0
5.079999999999984,-3.0,5.0800000000000125,1.0500000000000005,0.54,-0.01,-0.02,1.02,-0.08,0.3799999999999999,0.3999999999999999,4,-2,1
12.699999999999989,-1.0,7.6200000000000045,-0.5699999999999998,0.3599999999999999,-0.02,0.0,-1.83,0.62,0.0399999999999999,-0.4999999999999999,-9,-1,0
5.0800000000000125,7.0,2.539999999999992,-2.3899999999999997,-1.4800000000000004,-0.0399999999999999,-0.08,0.98,0.42,-0.26,0.5,10,0,1
-7.6200000000000045,8.0,-5.0800000000000125,-2.45,-1.29,-0.0499999999999999,0.05,0.08,-0.11,0.24,0.0999999999999999,2,0,0
7.619999999999976,-8.0,-2.539999999999992,1.6599999999999997,0.2999999999999998,-0.0299999999999999,0.03,0.9499999999999996,0.2299999999999999,0.3299999999999999,0.4999999999999999,1,-7,1
7.619999999999976,-2.0,7.6200000000000045,0.8499999999999996,0.5,-0.02,-0.06,0.18,-0.2,-0.12,0.4,4,5,1
-2.5400000000000205,0.0,-2.5400000000000205,-0.5800000000000001,-0.0299999999999993,0.2399999999999999,0.02,-0.0199999999999999,0.14,0.26,1.0,-1,-3,0
-7.6200000000000045,3.0,-2.539999999999992,-0.4300000000000001,-0.2000000000000001,0.03,0.0,1.99,0.0,-0.0599999999999999,0.0999999999999999,-7,-1,0
-25.40000000000001,-4.0,-12.699999999999989,-3.57,-2.8600000000000003,-0.01,-0.1599999999999999,1.27,0.41,-0.21,-0.7000000000000001,4,3,0
17.78,-12.0,10.159999999999997,0.4900000000000002,0.06,-0.01,-0.0399999999999999,-1.52,-0.1599999999999999,-0.01,0.1,11,-2,1
-5.079999999999984,-2.0,-5.079999999999984,-0.3399999999999998,0.1899999999999999,0.03,-0.0899999999999999,2.02,-0.2,-0.14,0.3,8,-2,1
5.079999999999984,-2.0,2.5400000000000205,-0.5500000000000003,-0.75,-0.07,0.0499999999999999,0.1199999999999998,0.04,0.12,0.9,8,4,1
22.859999999999985,0.0,7.6200000000000045,-0.9899999999999998,-1.42,0.04,-0.0499999999999999,0.92,-0.0099999999999999,-0.0599999999999999,0.3,10,4,1
0.0,-2.0,0.0,-0.9299999999999996,-1.2600000000000002,0.02,-0.1099999999999999,0.9000000000000001,-0.0299999999999999,-0.05,0.3,2,2,1
7.6200000000000045,-4.0,7.6200000000000045,4.029999999999999,0.52,0.1599999999999999,-0.02,-2.35,-0.0499999999999999,0.2,-0.3,9,-4,1
2.539999999999992,7.0,-5.0800000000000125,-0.27,0.6000000000000001,0.0299999999999999,-0.04,1.3099999999999998,0.14,-0.01,0.0,-4,-5,1
-12.700000000000015,-3.0,-2.539999999999992,-0.8400000000000003,1.6399999999999997,0.06,0.02,1.6599999999999997,-0.1099999999999999,0.6699999999999999,1.6,1,-1,1
17.78,2.0,17.78,-1.3699999999999997,-2.84,0.01,0.07,-2.1100000000000003,-0.14,-0.06,1.6,29,14,1
0.0,1.0,5.079999999999984,-1.0199999999999996,-0.3500000000000001,-0.0499999999999999,0.05,-1.73,-0.07,-0.21,0.0,-5,-4,1
5.0800000000000125,-10.0,2.5400000000000205,1.94,1.37,-0.19,-0.04,-1.75,-0.05,-0.02,-0.4,2,-3,1
-7.6200000000000045,3.0,-2.539999999999992,0.4399999999999999,-0.79,-0.21,0.0999999999999999,-0.24,-0.14,0.04,-1.0,6,5,0
-10.159999999999997,-7.0,-5.0800000000000125,-1.34,-2.8600000000000003,0.1699999999999999,0.0,1.18,0.18,-0.3299999999999999,0.2,3,-3,1
0.0,-1.0,-5.0800000000000125,0.8000000000000003,1.1800000000000002,-0.1,-0.12,3.15,0.2599999999999999,-0.0999999999999999,0.0,-2,9,0
12.699999999999989,1.0,12.699999999999989,-1.65,1.36,-0.0299999999999999,-0.29,-0.8699999999999999,-0.39,-0.1899999999999999,0.5,1,3,1
7.6200000000000045,-3.0,7.6200000000000045,0.3400000000000003,-0.0099999999999997,-0.14,0.1,1.2800000000000002,-0.36,-0.26,-1.2000000000000002,-6,-12,1
-2.539999999999992,1.0,-5.0800000000000125,-4.42,0.0900000000000003,-0.1099999999999999,-0.1599999999999999,-0.91,-0.21,-0.37,0.0,-4,0,0
5.0800000000000125,-4.0,-2.539999999999992,0.5300000000000002,0.79,0.04,-0.1399999999999999,1.36,0.47,-0.12,0.5999999999999999,11,2,1
0.0,9.0,0.0,0.06,-0.4399999999999999,-0.01,0.06,-3.13,-0.31,0.09,-0.4,9,4,1
0.0,-1.0,7.6200000000000045,-1.1899999999999995,0.7200000000000002,-0.1,0.0499999999999999,-0.1400000000000001,-0.1099999999999999,-0.4,0.5,-6,-2,1
2.539999999999992,1.0,2.5400000000000205,-0.8500000000000001,0.1299999999999999,0.02,0.01,-1.96,-0.2199999999999999,0.06,0.5999999999999999,1,-2,1
17.78,4.0,10.159999999999997,5.03,5.030000000000001,-0.15,0.2799999999999999,-3.34,-0.36,-0.57,-0.5,-1,1,0
-5.0800000000000125,4.0,0.0,0.6000000000000001,2.25,0.01,-0.07,2.04,-0.14,0.17,1.0,-3,-3,1
-12.699999999999989,5.0,-2.539999999999992,-1.38,-1.3199999999999998,-0.0399999999999999,-0.03,-0.5,-0.06,-0.16,-0.2,-6,-6,0
0.0,-1.0,5.0800000000000125,-1.3799999999999994,-1.2199999999999998,0.04,-0.1699999999999999,4.09,0.1299999999999999,0.12,2.0,-7,-3,1
2.539999999999992,4.0,-5.079999999999984,0.3700000000000001,1.99,-0.01,-0.02,-0.5,-0.4,0.04,0.2,-1,4,0
-7.6200000000000045,-4.0,-2.539999999999992,-1.39,1.4,-0.2599999999999999,-0.04,-1.4,-0.45,-0.59,-0.5,-15,-7,0
0.0,-3.0,-2.539999999999992,2.12,0.8499999999999996,-0.0499999999999999,0.12,-1.54,-0.14,0.4,-0.4,-4,0,1
12.699999999999989,2.0,-2.539999999999992,0.79,1.7399999999999998,0.01,-0.1099999999999999,-1.97,-0.23,-0.2199999999999999,0.0,-3,-1,0
10.160000000000023,-1.0,12.699999999999989,2.8199999999999994,1.3899999999999997,0.06,-0.15,0.88,0.55,0.0799999999999999,0.8999999999999999,3,4,1
-2.5400000000000205,-6.0,0.0,0.7799999999999998,0.0300000000000002,0.06,0.2199999999999999,1.34,0.07,0.15,-0.4,10,2,1
2.539999999999992,5.0,0.0,-1.1800000000000002,-1.66,0.0399999999999999,0.0799999999999999,2.95,0.16,0.39,0.0,-2,1,0
2.539999999999992,-9.0,-7.6200000000000045,0.7000000000000002,-1.7299999999999995,0.06,0.0,0.63,0.33,0.01,0.0,3,-3,1
-7.6200000000000045,-11.0,-5.0800000000000125,-1.3400000000000007,-2.4600000000000004,0.0699999999999999,-0.0799999999999999,1.17,0.1599999999999999,-0.03,0.0,-7,-10,0
-10.159999999999997,1.0,2.5400000000000205,0.4199999999999999,1.83,0.07,-0.07,-0.69,-0.1699999999999999,0.51,0.0,8,1,1
2.539999999999992,-7.0,2.539999999999992,1.0199999999999996,-0.69,-0.0399999999999999,0.0599999999999999,3.8,0.0,0.1499999999999999,-0.3,-15,-5,0
-2.539999999999992,12.0,-7.619999999999976,-2.4600000000000004,-0.69,-0.17,-0.0199999999999999,-0.04,-0.31,-0.4799999999999999,0.1,1,2,1
-2.539999999999992,-8.0,2.5400000000000205,0.1600000000000001,0.73,-0.01,-0.2699999999999999,-0.1200000000000001,-0.13,-0.02,0.6000000000000001,0,0,1
5.079999999999984,-6.0,10.159999999999997,1.1300000000000003,2.5799999999999996,0.1099999999999999,-0.1099999999999999,0.0099999999999999,-0.15,0.36,0.0,3,1,1
10.159999999999997,1.0,2.539999999999992,1.11,1.34,0.0,0.02,-0.9900000000000002,0.0999999999999999,0.0499999999999999,0.0,3,-1,0
-10.159999999999997,-4.0,-2.5400000000000205,0.1599999999999992,-0.91,0.08,0.08,0.76,-0.13,-0.04,-0.3999999999999999,-3,-1,1
2.539999999999992,3.0,2.5400000000000205,-2.2,-1.6300000000000003,-0.01,0.0399999999999999,0.5399999999999999,-0.08,0.02,0.1,16,11,0
-7.6200000000000045,9.0,-7.619999999999976,-2.71,-0.6399999999999997,-0.0999999999999999,0.0499999999999999,-1.03,-0.1999999999999999,0.12,-0.5,2,6,1
5.0800000000000125,0.0,-2.539999999999992,-1.3600000000000003,-0.48,-0.0499999999999999,0.0299999999999999,-0.2999999999999998,-0.12,-0.19,1.5,23,11,0
-10.159999999999997,-4.0,-7.6200000000000045,1.7999999999999998,-0.6799999999999997,0.2,0.06,2.17,0.32,0.1199999999999999,0.1,-7,-3,1
0.0,0.0,2.5400000000000205,0.3499999999999996,2.3,0.01,0.01,-5.34,-0.01,-0.19,0.1,-1,0,0
17.78,-1.0,10.159999999999997,0.3499999999999996,-2.35,-0.0299999999999999,0.03,2.38,0.37,0.0899999999999999,-0.0999999999999999,1,-3,1
-10.159999999999997,1.0,-5.0800000000000125,-1.0099999999999998,-0.0099999999999997,-0.07,0.0,-0.1099999999999999,-0.1,-0.37,0.0,-10,0,0
17.78,2.0,0.0,-0.4599999999999999,-1.5499999999999998,0.0699999999999999,0.16,1.5699999999999998,0.1699999999999999,0.1499999999999999,0.0999999999999999,15,-3,1
-5.0800000000000125,1.0,-10.159999999999997,-1.3000000000000005,-2.370000000000001,0.18,0.0,2.25,0.48,0.2099999999999999,0.1,5,-2,1
15.23999999999998,2.0,12.700000000000015,3.0,-0.96,0.01,-0.1299999999999999,0.91,0.66,0.0699999999999999,0.0,-2,-1,0
-2.539999999999992,1.0,2.539999999999992,-1.3299999999999996,-1.72,-0.04,0.0,2.92,0.26,0.3400000000000001,0.1,-5,-3,0
15.240000000000007,-2.0,12.699999999999989,0.3800000000000003,-0.4500000000000002,0.0499999999999999,-0.16,-1.5799999999999998,-0.0899999999999999,-0.47,-0.3,10,3,1
2.5400000000000205,-6.0,-5.0800000000000125,-1.52,-1.89,0.06,-0.03,0.2299999999999999,0.32,0.12,-0.6000000000000001,-12,-3,1
-5.079999999999984,5.0,-2.539999999999992,-0.6400000000000006,1.4900000000000002,-0.07,-0.0699999999999999,-0.8200000000000001,-0.3299999999999999,0.1399999999999999,-0.5,3,-3,1
-12.700000000000015,4.0,-2.539999999999992,-0.75,-1.16,0.0199999999999999,0.1599999999999999,0.34,0.22,-0.3,0.3,9,6,0
-7.6200000000000045,-1.0,-5.079999999999984,-2.4100000000000006,-1.4400000000000004,-0.01,0.15,-1.1,-0.22,0.1899999999999999,-1.0,0,0,0
12.699999999999989,7.0,0.0,-0.3599999999999994,1.1100000000000003,-0.0999999999999999,-0.0699999999999999,-0.08,0.34,0.03,0.0,-2,5,1
-5.079999999999984,2.0,0.0,0.98,3.1300000000000003,-0.12,-0.08,-1.85,0.32,0.15,-1.3,-5,-2,0
7.619999999999976,-7.0,0.0,-0.9600000000000004,-1.5,0.03,0.0299999999999999,5.42,0.03,-0.5,-0.1,-3,-5,1
-12.699999999999989,3.0,-12.699999999999989,1.61,1.51,0.0699999999999999,0.0599999999999999,-1.38,-0.15,-0.0499999999999999,-0.4,14,9,0
10.159999999999997,2.0,0.0,0.0999999999999996,-0.2000000000000001,0.06,-0.02,-1.5099999999999998,-0.1599999999999999,-0.12,-0.8,-9,1,0
-5.0800000000000125,-8.0,-5.0800000000000125,-0.4500000000000002,0.4499999999999993,-0.06,-0.0899999999999999,-0.47,0.6599999999999999,-0.1099999999999999,0.1999999999999999,-6,-6,0
7.6200000000000045,0.0,10.159999999999997,4.699999999999999,-0.69,0.09,-0.1099999999999999,-3.42,-0.5,-0.0999999999999999,0.0,-1,-3,1
0.0,-5.0,0.0,2.5,-1.25,0.0899999999999999,0.16,0.0,0.0,0.2,0.0,-14,-9,1
5.0800000000000125,-9.0,0.0,-0.0499999999999998,-0.3399999999999998,-0.0699999999999999,0.1099999999999999,-2.28,0.18,0.32,-0.7999999999999999,-11,-9,1
-7.6200000000000045,6.0,-7.6200000000000045,0.8299999999999996,0.7599999999999998,0.1099999999999999,0.0599999999999999,0.3199999999999999,0.06,-0.16,-0.6,-7,-5,1
15.240000000000007,2.0,5.0800000000000125,1.19,-3.24,0.08,0.28,1.54,0.47,0.2599999999999999,-0.2,3,-2,1
2.539999999999992,1.0,-2.5400000000000205,-0.4300000000000001,-1.95,-0.09,0.0299999999999999,3.86,0.38,0.03,0.4,3,-2,1
5.0800000000000125,0.0,5.0800000000000125,-0.96,-0.6299999999999999,0.01,0.09,-0.4800000000000004,0.08,0.0599999999999999,0.7,-6,-7,1
2.539999999999992,1.0,0.0,-4.529999999999999,-0.8399999999999999,0.0499999999999999,-0.25,2.8499999999999996,0.34,-0.26,2.1999999999999997,-6,-1,1
2.5400000000000205,-5.0,-10.159999999999997,0.91,0.1799999999999997,0.0299999999999999,0.01,-0.4899999999999999,0.22,-0.0699999999999999,-1.1,-14,-11,1
5.079999999999984,7.0,2.539999999999992,-0.9299999999999996,-0.5,-0.12,-0.0399999999999999,0.0,0.0299999999999999,0.15,-0.6,-1,-3,1
0.0,9.0,-12.699999999999989,0.0100000000000002,0.1899999999999999,0.0299999999999999,-0.01,1.82,0.46,0.0999999999999999,1.5,51,10,1
-17.78,5.0,-2.5400000000000205,-0.0699999999999998,0.1999999999999993,0.0299999999999999,0.1,0.47,0.1399999999999999,-0.04,0.4999999999999999,12,8,1
-5.0800000000000125,-2.0,2.5400000000000205,-1.6100000000000003,0.02,0.0999999999999999,-0.02,-0.0999999999999999,0.28,-0.03,0.4000000000000001,6,5,0
10.159999999999997,16.0,5.0800000000000125,-1.35,2.8000000000000003,-0.23,-0.03,-0.0899999999999998,-0.1999999999999999,-0.23,0.0,11,19,1
7.6200000000000045,3.0,5.0800000000000125,-1.8699999999999997,-0.2199999999999997,-0.12,-0.03,1.88,0.2699999999999999,0.0699999999999999,-0.1,10,8,0
-2.5400000000000205,6.0,2.5400000000000205,0.3400000000000003,-0.1399999999999996,-0.1,-0.0099999999999998,1.13,0.2299999999999999,-0.07,0.6,7,12,0
-5.079999999999984,7.0,-5.0800000000000125,-1.4400000000000004,-1.0199999999999996,-0.0399999999999999,-0.13,0.3999999999999999,-0.02,-0.2199999999999999,0.1,11,8,1
-15.23999999999998,-7.0,-7.6200000000000045,1.3800000000000003,-0.5600000000000005,0.1799999999999999,0.05,0.23,-0.28,0.08,-0.2,-3,-1,1
7.6200000000000045,-4.0,5.0800000000000125,2.05,-0.1800000000000006,-0.03,-0.03,-0.0599999999999999,0.55,-0.07,0.2,-4,-2,1
-10.159999999999997,5.0,-2.5400000000000205,-0.1600000000000001,-1.6999999999999995,-0.0099999999999999,0.13,1.59,-0.13,-0.0699999999999999,-0.3,6,3,0
-7.6200000000000045,2.0,-5.079999999999984,0.5800000000000001,1.62,-0.03,0.02,-0.25,0.08,-0.0999999999999999,-0.1,5,4,1
2.5400000000000205,4.0,2.5400000000000205,-0.8199999999999994,0.6000000000000005,0.05,-0.0299999999999999,0.1999999999999999,0.1,0.02,-0.6,-1,-3,0
-10.159999999999997,-5.0,0.0,-0.8599999999999994,-0.3500000000000001,-0.1,0.1,1.9,0.5,0.4,0.2,4,-2,1
-2.5400000000000205,-1.0,-7.619999999999976,-1.66,-2.37,0.03,0.01,1.61,0.25,-0.1,1.0,1,-1,1
2.539999999999992,5.0,7.6200000000000045,0.9900000000000002,0.3399999999999998,0.1499999999999999,0.01,1.62,0.3699999999999999,0.12,-0.1999999999999999,6,3,1
15.240000000000007,1.0,5.079999999999984,0.79,-0.56,0.0799999999999999,0.05,0.58,0.21,-0.13,0.5,-9,-8,1
5.0800000000000125,0.0,10.159999999999997,1.27,-3.83,-0.0499999999999999,-0.01,0.87,0.54,0.69,0.0,3,1,1
-7.619999999999976,-3.0,0.0,-0.5800000000000001,0.9199999999999996,0.0099999999999999,-0.0399999999999999,0.81,-0.47,-0.3,0.0,5,7,0
-7.6200000000000045,-1.0,-7.6200000000000045,0.0899999999999998,-0.6599999999999997,0.1099999999999999,-0.05,1.6100000000000003,0.0399999999999999,0.17,0.0,11,-3,1
-7.6200000000000045,5.0,-2.539999999999992,1.67,2.66,0.04,0.04,0.8500000000000001,0.16,0.1899999999999999,-0.7999999999999999,0,2,1
7.6200000000000045,-5.0,7.6200000000000045,-0.6400000000000001,-1.64,-0.07,0.1299999999999999,-0.98,-0.63,-0.2399999999999999,-0.7,-7,0,0
-5.0800000000000125,-2.0,0.0,0.0,1.3800000000000003,-0.06,0.0,1.54,0.18,0.0,-0.4,6,1,1
10.159999999999997,0.0,2.539999999999992,0.4800000000000004,-0.2399999999999997,0.14,-0.01,-0.9700000000000002,0.01,0.2199999999999999,-0.1,3,0,1
-5.0800000000000125,-3.0,12.700000000000015,1.0099999999999998,1.31,-0.09,0.01,-1.51,0.16,0.14,0.0999999999999999,-1,3,0
-5.0800000000000125,-4.0,-2.539999999999992,1.8299999999999996,0.48,0.0499999999999999,-0.08,2.73,0.54,0.13,0.2999999999999999,13,1,1
-7.6200000000000045,-2.0,-2.5400000000000205,-0.1999999999999997,0.79,-0.06,-0.0599999999999999,0.38,-0.13,-0.45,0.1999999999999999,-8,2,1
0.0,-13.0,2.5400000000000205,2.49,1.7700000000000005,0.13,-0.06,0.1899999999999999,0.21,0.27,-0.7000000000000001,-18,-6,1
10.159999999999997,1.0,2.539999999999992,0.6499999999999995,0.3099999999999996,0.03,0.0499999999999999,-0.35,0.0399999999999999,0.0899999999999999,-0.1,1,-2,1
0.0,-4.0,-2.539999999999992,-2.2,-2.41,0.0099999999999999,-0.0599999999999999,1.35,-0.06,0.16,0.3999999999999999,-1,-4,0
-2.539999999999992,-1.0,-2.539999999999992,0.2799999999999998,0.1400000000000001,0.1599999999999999,0.0399999999999999,-1.56,-0.28,-0.06,0.4999999999999999,-7,-1,0
-5.0800000000000125,3.0,-5.0800000000000125,0.5299999999999998,-0.6600000000000001,0.05,0.04,1.48,0.06,-0.03,0.0,4,6,1
12.700000000000015,-12.0,20.319999999999993,1.7800000000000002,-0.3400000000000003,0.0499999999999999,-0.2,0.8599999999999999,0.04,-0.0499999999999999,1.9,6,-1,1
2.5400000000000205,-1.0,7.6200000000000045,-0.7000000000000002,0.3899999999999997,0.0499999999999999,-0.06,1.11,0.13,-0.25,0.5,-3,-3,1
-5.0800000000000125,0.0,5.079999999999984,-0.2500000000000004,-0.7699999999999996,-0.0999999999999999,-0.01,-1.1800000000000002,0.0,-0.21,-0.0999999999999999,3,5,1
-10.159999999999997,-3.0,-2.539999999999992,0.6600000000000001,0.6199999999999997,-0.07,-0.03,0.18,0.0,-0.0499999999999999,-1.5,-2,1,1
5.079999999999984,7.0,5.079999999999984,0.2299999999999999,-0.3399999999999998,0.15,0.0999999999999999,1.42,0.55,-0.02,0.8,33,14,0
15.240000000000007,-6.0,17.78,-0.5899999999999999,-0.5899999999999999,0.0499999999999999,-0.0099999999999999,-0.12,0.12,-0.1499999999999999,1.2999999999999998,-6,-1,0
-5.0800000000000125,-5.0,0.0,-0.3800000000000003,1.6200000000000006,-0.09,-0.03,0.4499999999999999,-0.06,0.2,0.5,-5,-5,1
5.0800000000000125,5.0,5.0800000000000125,2.5200000000000005,0.04,0.02,-0.0499999999999999,-4.6000000000000005,-0.11,-0.3,-0.1,0,3,1
-12.699999999999989,0.0,-12.700000000000015,-1.3699999999999997,-0.2299999999999999,-0.08,0.02,-0.4499999999999999,0.18,-0.02,0.0999999999999999,-10,0,0
-5.079999999999984,7.0,2.5400000000000205,4.800000000000001,-1.21,0.23,0.08,0.73,0.18,0.41,0.6000000000000001,10,2,1
5.0800000000000125,-1.0,7.6200000000000045,-2.53,-1.1800000000000002,0.1699999999999999,-0.03,3.0900000000000003,0.2499999999999999,-0.48,0.9000000000000001,8,-1,1
5.0800000000000125,-10.0,-2.5400000000000205,-0.96,-2.04,0.06,0.01,0.52,0.13,-0.06,0.0,-3,-6,1
2.539999999999992,5.0,-2.539999999999992,-2.08,-3.61,-0.0799999999999999,0.01,0.1400000000000001,-0.0399999999999999,0.48,0.7,12,-2,1
0.0,-9.0,-2.539999999999992,0.92,-0.7400000000000002,-0.12,0.0999999999999999,1.3299999999999998,0.34,0.17,-0.4999999999999999,11,-2,1
15.240000000000007,-3.0,2.5400000000000205,0.8800000000000003,0.08,0.03,-0.0899999999999999,-1.4799999999999998,0.1099999999999999,0.1100000000000001,-1.0,3,0,1
15.240000000000007,-1.0,2.5400000000000205,-1.8499999999999996,-0.2099999999999999,-0.0399999999999999,-0.0599999999999999,0.3699999999999999,0.0,-0.0699999999999999,2.7,14,3,1
-12.700000000000015,0.0,5.0800000000000125,0.8499999999999999,0.03,0.16,-0.04,-3.0900000000000007,-0.09,0.06,-1.0,-15,-1,0
2.539999999999992,8.0,2.539999999999992,-0.6299999999999999,-0.4499999999999997,-0.04,0.07,-0.74,0.0499999999999999,0.35,0.1999999999999999,-6,-3,0
-2.539999999999992,4.0,-5.0800000000000125,-2.37,-0.3800000000000003,-0.07,-0.02,0.24,0.2,0.16,-0.5,-14,-3,0
5.079999999999984,-6.0,0.0,-0.2099999999999999,1.3800000000000003,-0.14,-0.01,2.54,-0.4,0.1099999999999999,0.7,3,4,1
-2.539999999999992,8.0,-2.5400000000000205,-3.01,-1.0700000000000005,-0.07,-0.02,-0.2199999999999999,0.0499999999999999,-0.14,0.2,-3,-6,1
-15.240000000000007,0.0,-10.159999999999997,-1.12,0.8799999999999999,0.0199999999999999,-0.04,0.5700000000000001,0.1099999999999999,0.06,0.4,-3,2,0
-5.0800000000000125,1.0,2.5400000000000205,-0.1199999999999996,0.0900000000000003,0.02,0.01,-0.88,0.05,-0.21,-0.3,-5,-4,1
7.6200000000000045,-2.0,7.619999999999976,3.2699999999999996,2.1600000000000006,0.05,0.02,-1.36,-0.1099999999999999,0.79,-0.6,12,6,1
0.0,6.0,0.0,-0.6300000000000003,3.34,-0.23,-0.01,-2.33,-0.46,-0.04,-0.3,0,7,0
2.539999999999992,-3.0,5.079999999999984,-0.2300000000000004,-4.1,0.0899999999999999,0.0999999999999999,4.8,0.2700000000000001,-0.14,0.7000000000000001,-5,-6,1
0.0,0.0,5.079999999999984,0.3099999999999996,-0.31,0.0699999999999999,-0.01,0.29,0.3,0.0899999999999999,0.2,30,5,1
5.079999999999984,-7.0,-2.539999999999992,-0.27,0.6199999999999997,-0.03,-0.07,0.14,0.41,0.03,-0.2,-10,-5,0
2.539999999999992,-15.0,5.0800000000000125,0.2399999999999997,0.5499999999999998,0.01,0.0499999999999999,-0.99,-0.1699999999999999,0.21,-0.7,-19,-12,0
7.6200000000000045,2.0,-5.079999999999984,-0.1500000000000003,-0.4499999999999997,0.08,0.07,1.66,0.0199999999999999,-0.02,-0.3,3,0,0
5.079999999999984,2.0,5.0800000000000125,3.3,0.56,0.0799999999999999,-0.04,-0.64,-0.2,-0.3,0.0,-1,-3,1
-2.539999999999992,-5.0,17.78,0.5700000000000003,-1.6800000000000002,0.08,0.0699999999999999,-1.12,-0.14,0.0899999999999999,0.0,8,-5,1
-2.5400000000000205,6.0,-12.699999999999989,-1.4300000000000002,-0.2099999999999999,-0.0699999999999999,0.05,3.1900000000000004,0.1299999999999999,0.0,0.1,-4,-2,1
2.539999999999992,-1.0,-2.539999999999992,2.0900000000000003,1.6799999999999995,0.03,0.03,-0.3,0.0999999999999999,0.45,-0.5,3,-3,0
-7.6200000000000045,1.0,-2.539999999999992,-1.06,-1.93,0.12,0.0999999999999999,0.28,-0.11,0.31,-1.7,0,-3,0
2.5400000000000205,9.0,2.539999999999992,-1.3099999999999998,-0.71,0.0299999999999999,0.0599999999999999,0.27,0.06,0.1999999999999999,-0.8,12,5,0
-5.079999999999984,4.0,-5.0800000000000125,-1.0100000000000002,-0.1600000000000001,0.02,0.0499999999999999,1.2,0.0899999999999999,-0.04,0.1999999999999999,-6,1,0
-2.539999999999992,1.0,-2.539999999999992,-1.1399999999999997,0.3800000000000003,-0.0499999999999999,0.0,-1.26,-0.41,-0.1599999999999999,-0.2,-2,-4,0
-5.079999999999984,1.0,-2.539999999999992,-0.5200000000000005,-0.7200000000000002,0.0199999999999999,0.12,0.3299999999999998,0.29,0.31,-1.0,13,4,1
-7.6200000000000045,1.0,-7.6200000000000045,1.25,-0.08,-0.05,0.0199999999999999,0.4099999999999999,-0.16,-0.0999999999999999,0.1,0,4,0
0.0,9.0,2.539999999999992,-1.0599999999999996,-2.120000000000001,-0.06,0.02,-0.78,-0.19,0.03,-0.7,-5,-2,1
15.240000000000007,2.0,10.159999999999997,-0.8199999999999998,-1.7200000000000002,0.0999999999999999,-0.13,-0.1599999999999999,-0.14,-0.0799999999999999,-0.1,8,6,1
15.240000000000007,-6.0,5.079999999999984,0.1399999999999996,1.3000000000000005,-0.1,-0.0699999999999999,-3.68,-0.0499999999999999,-0.25,0.0,4,7,1
-7.6200000000000045,3.0,-7.6200000000000045,0.6199999999999997,-0.6099999999999999,-0.07,0.1499999999999999,4.43,-0.5,0.26,-0.9,-7,-3,1
7.6200000000000045,-2.0,2.539999999999992,6.07,3.8,0.08,0.1,-3.53,0.01,0.56,-0.7000000000000001,-2,-6,1
-2.539999999999992,10.0,-2.5400000000000205,-0.2200000000000002,-0.94,-0.09,0.1,-1.4600000000000002,-0.12,0.18,-0.6,7,6,0
-2.539999999999992,9.0,2.539999999999992,0.3399999999999998,0.4200000000000004,-0.0399999999999999,0.0999999999999999,0.38,0.36,0.01,0.2,20,18,0
10.159999999999997,0.0,12.699999999999989,0.2300000000000004,-0.0399999999999991,-0.0399999999999999,0.0699999999999999,-0.1099999999999999,-0.12,-0.0799999999999999,0.1999999999999999,-3,-4,1
-2.539999999999992,1.0,-5.0800000000000125,4.24,0.3899999999999997,0.2799999999999999,0.14,-1.08,0.74,0.59,-0.3,7,2,1
-7.619999999999976,2.0,-2.539999999999992,-1.0700000000000005,-0.27,-0.14,0.12,0.49,0.3,0.2999999999999999,0.4,5,2,0
-2.539999999999992,7.0,5.079999999999984,-1.84,-3.5900000000000003,-0.06,0.27,-1.84,-0.31,0.61,0.0999999999999999,9,9,1
7.619999999999976,3.0,0.0,0.5399999999999996,0.8999999999999999,-0.0499999999999999,0.0299999999999999,-0.13,-0.05,0.26,-0.6,0,10,0
2.539999999999992,0.0,0.0,2.78,4.790000000000001,-0.0199999999999999,-0.0599999999999999,-0.7899999999999998,-0.03,-0.07,-0.9,0,4,0
0.0,1.0,-5.0800000000000125,1.89,-1.65,0.1599999999999999,0.1699999999999999,-0.21,-0.22,-0.0999999999999999,0.5,2,-4,1
-2.539999999999992,8.0,-5.079999999999984,0.0499999999999998,-0.79,0.1699999999999999,0.0799999999999999,0.44,0.14,0.25,0.0,10,0,1
-15.23999999999998,2.0,-7.6200000000000045,-0.4499999999999997,-1.0299999999999998,0.0399999999999999,0.1099999999999999,0.03,0.01,-0.14,-0.3999999999999999,3,3,1
0.0,4.0,10.159999999999997,-1.1400000000000006,-1.9,-0.09,0.1099999999999999,0.6300000000000001,-0.12,-0.18,0.5,1,3,0
-5.079999999999984,4.0,0.0,-0.5199999999999996,0.08,-0.07,0.07,-0.5499999999999998,-0.01,-0.0499999999999999,0.0999999999999999,-1,5,0
-10.160000000000023,6.0,10.159999999999997,-4.9300000000000015,-1.0000000000000004,-0.0299999999999999,-0.1,0.0,0.0,-0.48,0.4,-9,5,0
-5.0800000000000125,-5.0,-2.539999999999992,-0.7300000000000004,-3.0799999999999996,0.0999999999999999,0.15,-0.3700000000000001,0.0,-0.05,-0.3,6,1,1
2.539999999999992,0.0,2.539999999999992,-1.79,-0.2399999999999997,-0.25,-0.18,-0.71,-0.5,0.55,0.0,0,-2,1
-2.539999999999992,-5.0,5.079999999999984,1.77,0.5,0.07,-0.02,-3.24,-0.1499999999999999,0.15,-0.4,-3,-3,1
0.0,-6.0,5.0800000000000125,1.4800000000000004,0.9400000000000004,0.06,-0.0599999999999999,-0.47,-0.1099999999999999,-0.07,0.2999999999999999,-12,-14,1
0.0,8.0,-5.079999999999984,-2.76,2.0399999999999996,-0.17,-0.01,-2.9,-0.08,-0.02,1.2,14,11,1
5.079999999999984,-3.0,0.0,2.0900000000000003,-0.2200000000000002,0.07,-0.02,-1.09,0.0,0.1,-0.9,1,-6,1
-10.159999999999997,1.0,-15.240000000000007,1.5,2.92,-0.01,-0.0199999999999999,2.53,0.07,-0.27,-0.1,-5,-5,0
-5.0800000000000125,8.0,-2.5400000000000205,0.1600000000000001,1.1799999999999995,-0.25,0.0099999999999999,-1.39,-0.19,0.38,-2.1,0,6,1
-15.240000000000007,6.0,-7.6200000000000045,-0.75,-1.6099999999999994,0.07,0.12,0.91,-0.24,-0.22,0.6,-1,-3,1
-20.319999999999993,6.0,-17.78,-2.7700000000000005,1.1100000000000003,-0.15,0.0,0.3799999999999999,-0.47,-0.2199999999999999,-0.5,-3,4,0
10.159999999999997,-4.0,0.0,2.4000000000000004,-0.1699999999999999,0.09,-0.01,0.0,0.0,-0.5,0.0,0,1,1
7.6200000000000045,8.0,2.539999999999992,0.8599999999999999,0.1300000000000003,-0.16,-0.01,-1.4,-0.3199999999999999,-0.18,-0.7999999999999999,6,11,0
-15.240000000000007,-3.0,-2.539999999999992,-0.3700000000000001,0.4100000000000001,0.05,-0.0399999999999999,0.5100000000000001,0.0899999999999999,0.0399999999999999,1.1,-2,-6,1
17.78,1.0,12.699999999999989,-2.1,2.55,-0.17,-0.1199999999999999,0.74,0.66,-0.63,0.0,-15,-7,0
7.6200000000000045,-2.0,7.619999999999976,2.72,-0.9400000000000004,0.0199999999999999,0.13,-1.15,0.3,0.1,-0.6,-2,-7,1
0.0,5.0,-2.539999999999992,0.96,-2.9800000000000004,0.06,0.0599999999999999,0.6200000000000001,0.27,0.61,-0.0999999999999999,24,11,1
0.0,-3.0,-7.6200000000000045,1.33,2.2899999999999996,0.0299999999999999,-0.12,0.4399999999999999,-0.13,0.07,0.0,2,2,1
-7.619999999999976,1.0,2.539999999999992,-1.3199999999999998,0.69,0.0,-0.0999999999999999,-1.2799999999999998,-0.36,-0.57,0.6000000000000001,1,0,0
-10.159999999999997,3.0,-15.240000000000007,0.0499999999999998,0.4499999999999997,-0.04,0.0799999999999999,1.42,0.07,-0.06,-0.2999999999999999,2,1,1
-5.0800000000000125,0.0,0.0,0.2299999999999999,0.7999999999999998,0.0199999999999999,-0.03,-0.3799999999999999,-0.12,0.45,-1.5,-20,-9,1
10.159999999999997,-1.0,12.700000000000015,0.3900000000000001,0.6699999999999999,-0.14,0.01,-0.8799999999999999,0.0299999999999999,-0.1099999999999999,1.4,7,0,1
-7.6200000000000045,0.0,-2.539999999999992,1.3799999999999994,-0.6900000000000004,0.15,0.18,2.27,0.2,0.31,0.4,-3,-7,1
10.159999999999997,5.0,0.0,-1.0999999999999996,-0.3599999999999999,0.08,-0.01,1.11,0.1899999999999999,0.18,0.0,-3,1,0
5.0800000000000125,-1.0,-5.0800000000000125,-0.31,0.7999999999999998,0.11,-0.05,-2.08,-0.0299999999999999,-0.01,0.6000000000000001,1,-10,1
-12.699999999999989,-5.0,0.0,0.0299999999999993,0.6100000000000003,0.0899999999999999,-0.01,0.17,-0.36,-0.02,0.8,6,0,1
5.0800000000000125,-4.0,7.6200000000000045,1.29,0.0199999999999995,0.1099999999999999,-0.0599999999999999,-0.49,-0.72,1.0,1.8,6,0,1
0.0,-5.0,-2.539999999999992,0.2599999999999998,-0.8599999999999994,0.02,0.06,-0.8899999999999999,0.09,-0.31,0.5,6,0,1
0.0,-1.0,0.0,-0.0300000000000002,0.7600000000000002,0.05,0.02,0.01,-0.25,-0.0499999999999999,0.0,8,3,1
-17.78,-1.0,-10.159999999999997,0.6400000000000001,0.3400000000000003,-0.06,0.0299999999999999,0.76,0.24,0.0499999999999999,-0.1,2,4,0
-12.699999999999989,2.0,-5.079999999999984,-1.0200000000000005,-0.2299999999999995,-0.0799999999999999,0.0999999999999999,-0.16,-0.16,-0.06,-0.2,-9,-5,0
-7.6200000000000045,2.0,-2.539999999999992,0.4199999999999999,1.2599999999999998,0.0,-0.06,-4.56,-0.64,-0.13,-0.5,-1,3,0
-7.6200000000000045,1.0,-7.6200000000000045,-0.1899999999999999,-0.71,0.0399999999999999,0.0,-1.01,0.6599999999999999,0.13,-0.6,-4,-4,0
0.0,-7.0,0.0,1.63,1.1699999999999997,0.11,-0.06,0.0,0.0,-0.27,0.0,1,1,0
2.539999999999992,-3.0,2.539999999999992,1.4999999999999998,-1.41,0.2,0.03,0.5900000000000001,0.0,-0.25,0.6,13,5,1
-7.6200000000000045,6.0,5.079999999999984,-0.9199999999999996,0.7899999999999996,0.06,0.0299999999999999,1.0499999999999998,0.14,0.5,-0.8,5,0,1
-7.6200000000000045,3.0,-12.699999999999989,0.25,-0.9600000000000004,0.07,-0.01,-0.6499999999999999,0.0199999999999999,-0.13,-0.1,-7,-3,1
0.0,-6.0,10.159999999999997,-2.79,-4.050000000000001,0.15,-0.08,0.52,0.25,-0.0699999999999999,0.5,5,-1,1
-15.240000000000007,-6.0,-5.0800000000000125,-2.24,-0.9299999999999996,0.0499999999999999,-0.08,0.46,0.33,-0.0999999999999999,2.6999999999999997,-4,-5,0
0.0,-5.0,5.079999999999984,0.4100000000000001,-0.4399999999999999,-0.08,-0.0299999999999999,1.09,-0.12,0.17,0.4,7,2,0
-5.0800000000000125,10.0,-10.159999999999997,2.04,-0.8199999999999998,-0.12,0.11,-0.6400000000000001,-0.3399999999999999,0.12,0.0,0,-3,1
2.539999999999992,-2.0,2.539999999999992,-1.45,-0.4199999999999999,0.13,-0.05,-0.3400000000000003,0.2099999999999999,0.16,0.5,-3,-2,0
-2.539999999999992,-4.0,0.0,0.6000000000000005,-0.7499999999999996,0.0399999999999999,-0.03,4.17,0.57,0.18,-0.1,3,5,1
-15.23999999999998,-11.0,-7.6200000000000045,2.03,0.94,0.03,0.14,-0.3500000000000001,0.08,-0.19,-0.5,-8,-10,0
-5.079999999999984,3.0,0.0,1.04,0.8800000000000003,-0.08,0.06,-1.24,-0.08,-0.03,-0.5,1,-8,1
-2.539999999999992,-3.0,-2.539999999999992,-0.73,-0.1800000000000001,-0.04,-0.0299999999999999,0.0,0.0,-0.07,0.0,-14,-7,0
-2.539999999999992,0.0,-5.0800000000000125,-0.8900000000000001,0.8700000000000001,-0.0399999999999999,0.0,-1.5699999999999998,-0.27,0.0599999999999999,-0.2,-13,-1,0
-2.5400000000000205,12.0,2.539999999999992,-0.2599999999999998,1.93,-0.12,-0.19,0.07,-0.0999999999999999,-0.0799999999999999,0.0999999999999999,5,4,0
-5.0800000000000125,-2.0,-5.079999999999984,0.5999999999999996,1.1800000000000002,-0.08,-0.04,0.51,0.0899999999999999,-0.12,-0.1,-1,7,0
17.78,-10.0,10.159999999999997,0.8399999999999999,-1.3400000000000003,-0.11,0.02,1.86,0.0999999999999999,0.15,0.4,0,-5,0
5.079999999999984,-1.0,2.5400000000000205,-1.9799999999999995,-2.1199999999999997,-0.0499999999999999,-0.03,2.2,0.06,-0.0299999999999999,-0.3,5,0,1
0.0,-1.0,-5.0800000000000125,2.5199999999999996,-0.4299999999999997,0.2399999999999999,0.0499999999999999,2.71,-0.0999999999999999,0.42,0.7,8,-3,1
-7.619999999999976,6.0,-10.159999999999997,-2.51,-1.2600000000000002,-0.0299999999999999,-0.0299999999999999,2.81,-0.1,-0.12,-0.3,4,4,1
7.6200000000000045,0.0,10.159999999999997,1.7600000000000002,0.2000000000000001,0.1,-0.02,0.16,0.5,0.05,0.2,4,-1,1
2.539999999999992,-3.0,-5.0800000000000125,2.9000000000000004,-0.2200000000000006,-0.01,-0.02,1.1800000000000002,0.0899999999999999,0.2099999999999999,-0.7,-8,-8,0
5.079999999999984,6.0,10.159999999999997,1.5,-1.7999999999999998,0.24,0.14,2.7,0.47,-0.24,0.6,-1,0,1
0.0,7.0,0.0,2.54,0.96,-0.07,0.0699999999999999,-1.15,-0.2,-0.2699999999999999,-0.7,-7,2,0
-7.6200000000000045,-8.0,-2.5400000000000205,-2.4000000000000004,-0.2200000000000006,-0.0999999999999999,-0.18,0.8900000000000001,0.21,-0.67,0.1999999999999999,-2,-10,0
2.539999999999992,-10.0,-2.5400000000000205,0.0099999999999997,-2.0599999999999996,0.0399999999999999,0.0,0.85,0.4,-0.1999999999999999,0.4,-3,-9,1
0.0,-1.0,2.539999999999992,0.73,2.2100000000000004,0.1299999999999999,-0.02,0.2099999999999999,-0.04,-0.37,-0.3,-8,-2,0
7.6200000000000045,-2.0,-2.539999999999992,-0.0700000000000002,-1.4999999999999996,0.0,0.0099999999999998,1.5099999999999998,0.26,-0.1899999999999999,0.3,-3,1,0
-10.159999999999997,-10.0,-7.619999999999976,1.31,0.6699999999999999,0.2199999999999999,0.03,3.17,0.36,0.3199999999999999,1.2,7,-2,1
7.619999999999976,5.0,5.079999999999984,-2.9399999999999995,-3.0199999999999996,-0.1399999999999999,0.0,1.0299999999999998,0.08,-0.02,1.2,11,13,0
-2.5400000000000205,12.0,-2.539999999999992,-0.6499999999999999,1.9599999999999995,-0.06,0.07,-0.1800000000000001,-0.0499999999999999,0.0699999999999999,-0.4999999999999999,3,0,1
12.699999999999989,-8.0,7.619999999999976,1.8400000000000003,0.75,0.03,0.0799999999999999,1.22,0.41,0.3399999999999999,0.3999999999999999,16,3,0
0.0,5.0,-5.0800000000000125,1.28,1.71,0.06,0.02,-2.88,-0.01,0.1099999999999999,-0.7000000000000001,7,6,1
7.6200000000000045,9.0,2.539999999999992,0.1799999999999997,0.02,-0.03,0.1299999999999999,-0.6899999999999995,-0.1799999999999999,0.16,-0.3,3,5,1
2.539999999999992,6.0,0.0,-0.9999999999999996,-0.48,-0.01,0.07,1.2,-0.07,0.2299999999999999,0.1,9,3,0
2.5400000000000205,5.0,10.159999999999997,-1.4999999999999998,-0.5899999999999999,-0.12,-0.19,0.52,0.11,-0.3999999999999999,1.7,-7,0,0
-12.699999999999989,0.0,-5.0800000000000125,0.79,2.9000000000000004,-0.04,-0.0999999999999999,-0.47,-0.07,-0.15,-1.3,6,1,0
-2.539999999999992,4.0,2.539999999999992,-0.5100000000000002,0.1899999999999999,-0.06,-0.01,0.29,-0.0099999999999999,-0.0299999999999999,0.3999999999999999,1,-6,1
-7.6200000000000045,1.0,-5.0800000000000125,2.39,-2.38,0.18,0.08,1.69,0.35,0.32,1.8,7,7,1
-2.539999999999992,2.0,0.0,-0.6299999999999999,1.33,-0.12,-0.02,-1.55,-0.52,-0.2299999999999999,0.0,-4,0,0
-5.079999999999984,0.0,2.5400000000000205,-1.3500000000000003,-2.6100000000000003,-0.03,0.12,3.99,0.12,0.2099999999999999,-0.5999999999999999,-1,-8,1
12.699999999999989,-1.0,0.0,0.4799999999999995,0.8999999999999999,0.01,0.0899999999999999,0.19,0.2199999999999999,0.1099999999999999,-0.1,7,5,0
0.0,-5.0,10.160000000000023,-0.1800000000000001,-2.17,0.2299999999999999,0.0499999999999999,1.22,0.1999999999999999,0.07,0.4,15,-3,1
10.159999999999997,-9.0,2.539999999999992,1.1199999999999997,-1.19,0.06,0.0399999999999999,4.71,0.3,-0.14,-0.1,-2,-4,1
-2.5400000000000205,-4.0,0.0,-1.6800000000000002,-0.3900000000000001,0.02,0.0799999999999999,0.6300000000000001,0.41,0.25,-0.7,9,1,0
-10.159999999999997,3.0,0.0,2.4099999999999993,1.13,0.0499999999999999,-0.1099999999999999,-0.33,-0.0299999999999999,0.0299999999999999,-0.3,4,-1,1
-12.700000000000015,-6.0,-7.6200000000000045,0.1400000000000001,1.7400000000000002,-0.04,0.04,1.04,0.45,0.1699999999999999,0.5,2,-3,0
-10.159999999999997,-2.0,-12.699999999999989,3.1600000000000006,1.0499999999999998,-0.03,0.01,-2.31,-0.25,0.0,-1.5,5,-1,1
-2.539999999999992,2.0,2.539999999999992,2.34,-0.0899999999999998,0.02,0.1299999999999999,1.22,-0.02,0.33,0.2,7,-4,1
10.159999999999997,3.0,5.079999999999984,0.3000000000000002,-0.3199999999999998,0.0,0.04,0.6699999999999999,0.36,0.0,0.0,-4,2,0
-5.0800000000000125,-3.0,0.0,0.0100000000000002,-0.0700000000000002,-0.0099999999999999,0.0,1.96,0.1699999999999999,-0.01,-0.3999999999999999,-4,-1,1
-7.6200000000000045,6.0,-2.539999999999992,-0.6200000000000001,-0.98,0.04,0.02,1.41,0.0199999999999999,0.13,0.4999999999999999,-6,-1,1
-2.5400000000000205,-2.0,-7.6200000000000045,0.7299999999999995,1.9200000000000004,-0.01,0.01,0.1600000000000001,0.12,0.0599999999999999,0.0,1,9,0
-5.079999999999984,-1.0,2.539999999999992,-0.0599999999999996,0.5099999999999998,0.0,0.0,0.8200000000000001,0.2799999999999999,-0.08,-0.4,-5,1,1
10.159999999999997,2.0,-5.079999999999984,1.4400000000000004,-1.7599999999999998,0.04,0.17,0.0899999999999999,0.2,0.48,-0.2,13,6,1
-2.539999999999992,-2.0,5.079999999999984,2.2900000000000005,2.3499999999999996,0.09,0.0,-2.8400000000000003,0.0,0.61,-0.8,-2,-4,1
2.539999999999992,-2.0,12.699999999999989,-0.3299999999999992,-0.6699999999999999,-0.09,0.01,0.29,0.1599999999999999,-0.2199999999999999,0.2,-2,0,0
-5.0800000000000125,3.0,-5.079999999999984,0.2300000000000004,-0.1600000000000001,-0.0899999999999999,0.08,-4.79,0.01,-0.06,-1.9,5,4,0
5.079999999999984,-7.0,-2.539999999999992,1.8699999999999997,-1.5799999999999996,0.1,0.12,-0.96,0.47,0.08,0.3999999999999999,3,-2,1
0.0,2.0,2.539999999999992,-0.0599999999999996,-0.3699999999999996,-0.06,0.04,0.93,0.2,-0.03,-0.0999999999999999,7,1,1
10.159999999999997,4.0,2.5400000000000205,0.8899999999999997,-1.7500000000000004,0.0199999999999999,0.0599999999999999,-0.6399999999999999,-0.1599999999999999,0.1399999999999999,-1.3,6,-4,1
-10.160000000000023,-2.0,-5.0800000000000125,-2.5,0.8200000000000003,-0.0299999999999999,0.1099999999999999,1.3,-0.0999999999999999,0.0999999999999999,0.0,4,4,1
0.0,1.0,2.539999999999992,0.7000000000000002,-1.7199999999999998,-0.0199999999999999,0.02,-1.93,-0.0199999999999999,0.18,-0.3,10,4,1
-20.319999999999993,4.0,-12.699999999999989,-0.5700000000000003,-0.8999999999999999,-0.01,0.0,-0.03,0.0999999999999999,0.12,0.4,2,-1,0
-10.159999999999997,-1.0,-5.079999999999984,-1.5200000000000005,-0.33,0.0199999999999999,0.02,-0.44,0.2,0.19,-0.1999999999999999,2,-3,0
2.539999999999992,14.0,-2.539999999999992,-2.76,-3.33,-0.0899999999999999,0.13,1.12,-0.45,-0.02,0.0,-1,2,0
0.0,5.0,-2.539999999999992,-0.7999999999999998,-0.0700000000000002,-0.08,0.0799999999999999,-0.04,0.3,-0.0699999999999999,0.6,10,9,0
12.700000000000015,5.0,5.079999999999984,0.2599999999999998,0.0699999999999998,-0.03,-0.0799999999999999,2.12,0.16,0.26,-0.0999999999999999,9,4,1
5.079999999999984,-7.0,-5.0800000000000125,0.3700000000000001,-0.54,0.05,0.0299999999999999,0.35,0.25,0.28,-0.3999999999999999,-5,-5,0
-10.160000000000023,10.0,-15.240000000000007,-2.11,-0.8999999999999999,-0.02,0.08,0.2899999999999998,0.06,0.14,-0.0999999999999999,11,6,0
2.539999999999992,-2.0,2.5400000000000205,-1.35,-0.4499999999999997,-0.13,-0.01,1.15,0.07,-0.16,0.4,6,9,0
7.6200000000000045,-4.0,7.6200000000000045,-1.9299999999999995,-1.99,0.19,-0.1199999999999999,1.97,0.19,-0.61,2.7,-2,-2,0
-5.0800000000000125,-6.0,0.0,0.8900000000000006,-1.9800000000000004,0.13,0.0,-0.49,0.79,-0.1899999999999999,0.3,4,1,1
2.539999999999992,3.0,-2.5400000000000205,-1.3299999999999996,-1.29,0.13,-0.0299999999999999,1.13,0.1499999999999999,0.1100000000000001,0.7000000000000001,5,0,1
2.5400000000000205,-7.0,2.5400000000000205,2.76,-0.8500000000000005,0.06,0.0699999999999999,-0.1899999999999999,0.3,0.4499999999999999,0.2,5,-1,1
0.0,-4.0,-2.539999999999992,0.5,-0.3999999999999999,-0.02,0.01,-0.0099999999999997,0.12,0.0599999999999999,0.1,10,-3,1
10.159999999999997,0.0,2.539999999999992,0.8499999999999996,-0.0099999999999997,0.05,0.0,0.2299999999999999,0.1999999999999999,-0.16,0.4999999999999999,8,1,1
-2.539999999999992,5.0,-5.0800000000000125,1.1999999999999995,-2.43,0.1,0.1699999999999999,-2.42,0.54,-0.01,-0.5,-1,-5,1
5.0800000000000125,-7.0,10.159999999999997,2.54,0.9899999999999998,0.0199999999999999,-0.01,-1.54,-0.0199999999999999,-0.1999999999999999,-0.1999999999999999,2,-2,1
-7.6200000000000045,0.0,0.0,-0.1099999999999998,0.6699999999999995,0.02,-0.02,3.57,-0.1,0.62,0.1,-1,-1,1
-7.619999999999976,1.0,-7.6200000000000045,0.5,-0.1799999999999997,0.0199999999999999,0.07,1.46,-0.21,0.0,-1.1,4,0,1
2.539999999999992,-2.0,5.0800000000000125,-0.3799999999999999,0.5899999999999999,0.0399999999999999,-0.0899999999999999,1.99,0.0499999999999999,-0.3,0.5,2,5,1
7.6200000000000045,-2.0,2.539999999999992,3.33,-1.2400000000000002,0.3399999999999999,0.21,0.58,0.21,-0.5,0.5,2,0,1
-12.699999999999989,-2.0,-12.699999999999989,-0.0299999999999993,0.6999999999999997,0.0,0.0499999999999999,0.41,-0.2799999999999999,-0.05,-0.1,-4,3,0
-5.079999999999984,3.0,-7.6200000000000045,-1.5099999999999998,-1.7399999999999998,0.1,0.02,2.25,0.37,-0.26,0.8,-5,-1,1
12.699999999999989,0.0,-5.079999999999984,-1.13,-0.1699999999999999,-0.0599999999999999,-0.13,2.72,0.15,-0.0999999999999999,-0.1,-8,0,0
-5.079999999999984,10.0,0.0,1.5099999999999998,-0.75,0.07,0.0099999999999998,-1.5699999999999998,-0.18,-0.46,0.1,-9,1,0
-7.6200000000000045,-3.0,-2.539999999999992,0.2799999999999998,1.4499999999999995,0.0499999999999999,-0.07,0.45,0.0799999999999999,0.1899999999999999,-1.5,-5,-3,1
-5.0800000000000125,-6.0,0.0,0.0299999999999998,-1.69,-0.0899999999999999,-0.0399999999999999,3.14,-0.2,0.02,0.2,-13,-12,1
2.539999999999992,-2.0,2.539999999999992,0.3199999999999998,0.1700000000000003,0.0899999999999999,-0.03,-1.5499999999999998,0.08,-0.19,1.1,-1,-4,1
-7.6200000000000045,7.0,-5.0800000000000125,-2.1700000000000004,-0.7400000000000002,-0.03,-0.0999999999999999,0.14,0.3999999999999999,-0.14,0.7,-3,0,0
-7.6200000000000045,-5.0,-2.539999999999992,0.0899999999999998,-1.15,0.1,0.0499999999999999,-0.98,0.12,0.3699999999999999,-1.3,-20,-11,0
-2.5400000000000205,5.0,-5.0800000000000125,1.4800000000000004,-0.4399999999999995,0.06,0.01,0.6099999999999999,0.03,0.34,0.2,-2,-5,1
-17.78,1.0,-12.700000000000015,-2.52,-0.8600000000000003,0.0,0.0799999999999999,2.82,0.0499999999999999,0.0299999999999999,-0.2,1,-1,0
5.0800000000000125,-2.0,10.159999999999997,0.3399999999999998,1.38,0.0,-0.0899999999999999,1.21,0.3,-0.47,1.9,-3,1,1
0.0,10.0,0.0,0.1799999999999997,-0.8999999999999999,0.18,0.01,-0.12,0.1499999999999999,-0.13,-0.2999999999999999,-4,-5,1
-2.5400000000000205,0.0,-5.0800000000000125,-0.0100000000000006,-1.6199999999999997,0.14,0.0199999999999999,0.16,-0.1599999999999999,0.1999999999999999,-0.8,-1,1,0
-5.079999999999984,3.0,-2.539999999999992,1.5099999999999998,2.77,0.02,-0.1599999999999999,-0.8,-0.19,0.0299999999999999,-0.1,4,-3,1
-5.079999999999984,1.0,-2.539999999999992,2.17,-2.34,0.1499999999999999,0.23,2.85,0.26,0.19,1.1,3,1,1
17.78,0.0,7.6200000000000045,-2.4000000000000004,-2.1,0.0,0.0699999999999999,-0.66,-0.12,-0.21,-0.2,1,-1,1
2.539999999999992,-10.0,12.700000000000015,3.4,1.93,0.0699999999999999,-0.06,-2.02,0.22,0.1899999999999999,0.0,2,-4,1
0.0,5.0,5.0800000000000125,4.07,-2.29,0.04,0.19,-0.5199999999999999,0.37,0.6699999999999999,0.2,12,-1,1
-2.539999999999992,-1.0,-2.539999999999992,-0.4900000000000002,-0.1299999999999999,0.08,0.0899999999999999,-0.2399999999999999,0.24,0.2299999999999999,-0.6,0,-1,1
-5.079999999999984,8.0,5.079999999999984,-1.37,1.0600000000000005,0.03,0.01,-1.04,-0.0299999999999999,-0.05,0.5,-10,2,0
-7.6200000000000045,0.0,0.0,3.2100000000000004,3.44,0.0499999999999999,-0.0499999999999999,-1.11,-0.14,-0.1499999999999999,0.0,-8,1,0
0.0,2.0,5.079999999999984,0.5199999999999996,-0.5099999999999998,0.02,-0.02,-0.81,0.0399999999999999,-0.44,0.0999999999999999,9,5,0
7.619999999999976,4.0,0.0,2.6900000000000004,-2.28,0.01,0.08,0.0,0.0,0.65,0.0,5,2,1
-20.32000000000002,6.0,-15.240000000000007,0.81,1.1599999999999997,0.06,0.0999999999999999,2.26,-0.1,-0.1599999999999999,1.5,2,-3,1
-2.539999999999992,-3.0,0.0,1.2400000000000002,0.4399999999999999,-0.06,-0.01,0.5500000000000003,0.0399999999999999,0.09,-0.6000000000000001,5,2,0
-15.23999999999998,-8.0,-2.539999999999992,-1.9099999999999997,0.5500000000000003,-0.06,0.01,2.53,0.43,-0.1,1.0,4,6,1
-12.699999999999989,0.0,-5.079999999999984,0.9200000000000002,0.3999999999999999,0.07,0.0399999999999999,-0.3,0.2199999999999999,0.21,1.0,5,3,1
-10.159999999999997,7.0,-15.240000000000007,0.73,0.8700000000000001,-0.06,0.0599999999999999,0.7,0.0099999999999999,-0.1499999999999999,0.1999999999999999,10,13,0
7.619999999999976,6.0,-7.6200000000000045,0.2400000000000002,0.4699999999999997,0.0899999999999999,-0.1,1.53,0.18,-0.3299999999999999,1.7999999999999998,47,7,0
0.0,3.0,0.0,-2.3,-0.7499999999999996,-0.05,0.21,-0.71,-0.33,0.07,0.0,2,2,1
2.539999999999992,3.0,7.6200000000000045,-0.9500000000000002,-1.4499999999999995,-0.0899999999999999,0.0899999999999999,-0.53,-0.01,-0.2300000000000001,0.2999999999999999,-10,-7,0
5.079999999999984,-14.0,0.0,1.5,2.2300000000000004,-0.04,-0.0399999999999999,0.2199999999999999,-0.1099999999999999,0.0,-0.4,-14,-2,1
-2.539999999999992,3.0,-2.539999999999992,0.0699999999999998,-1.4299999999999995,0.03,0.0999999999999999,-0.3,0.0199999999999999,0.06,-0.2,-5,9,1
7.619999999999976,2.0,0.0,-0.5999999999999996,-3.01,0.0999999999999999,0.0999999999999999,-0.8599999999999999,0.42,0.0,0.0,2,3,1
-2.539999999999992,-1.0,-5.079999999999984,-1.1000000000000003,-3.04,0.12,0.03,0.74,-0.2299999999999999,-0.13,0.4999999999999999,1,2,1
2.539999999999992,6.0,5.0800000000000125,1.23,0.73,0.0399999999999999,-0.03,-0.5800000000000001,-0.06,0.0199999999999999,0.1,18,14,0
12.699999999999989,6.0,7.6200000000000045,-0.9999999999999996,1.1800000000000006,-0.08,-0.04,0.9300000000000002,-0.04,-0.2799999999999999,0.0,4,11,0
-20.319999999999993,1.0,-5.079999999999984,0.2199999999999999,-1.5400000000000005,0.18,0.0299999999999999,2.39,0.25,0.08,0.5,5,3,1
0.0,0.0,7.6200000000000045,0.5900000000000007,-3.64,0.12,0.01,0.75,0.19,-0.3399999999999999,1.0,5,-2,1
10.159999999999997,5.0,10.159999999999997,-0.8599999999999999,-1.6900000000000004,0.0199999999999999,0.04,-0.6799999999999999,0.18,0.11,0.3,-2,-1,0
12.700000000000015,10.0,7.6200000000000045,-1.0599999999999996,-2.51,-0.0099999999999999,0.18,-1.56,-0.47,0.0699999999999999,-0.1999999999999999,1,1,1
-5.079999999999984,13.0,0.0,-0.3599999999999999,-1.02,-0.0299999999999999,0.03,-3.95,-0.16,-0.18,0.4,15,6,1
0.0,6.0,-5.0800000000000125,1.61,2.8100000000000005,-0.0499999999999999,0.04,-3.07,-0.15,-0.46,-0.3,6,0,1
5.0800000000000125,6.0,2.539999999999992,-0.6600000000000001,-1.75,0.0,0.1199999999999999,-0.8300000000000001,0.2,0.0,-0.3,-9,-2,1
-10.159999999999997,-9.0,-2.539999999999992,2.6599999999999997,1.8000000000000005,0.03,0.03,-1.03,-0.08,-0.15,0.0,6,-1,1
5.0800000000000125,0.0,7.6200000000000045,0.8500000000000001,0.4700000000000002,-0.0499999999999999,-0.12,2.16,0.47,0.1599999999999999,0.3,12,7,1
10.159999999999997,-1.0,2.539999999999992,-2.4399999999999995,-2.13,0.06,-0.14,-0.31,0.01,-0.4599999999999999,0.4,7,2,1
2.539999999999992,0.0,0.0,1.06,1.94,-0.12,-0.13,2.63,0.26,0.56,-1.1,19,9,0
5.079999999999984,2.0,-5.0800000000000125,-2.28,-0.7699999999999996,-0.1699999999999999,-0.0399999999999999,-0.19,-0.2099999999999999,-0.1299999999999999,0.9,-6,3,0
2.5400000000000205,3.0,7.6200000000000045,-1.7799999999999998,0.3700000000000001,0.04,-0.0099999999999998,0.04,0.0,-0.26,1.4,5,1,0
7.619999999999976,-4.0,2.5400000000000205,0.2199999999999997,0.9399999999999996,0.08,0.03,-0.14,-0.25,0.0899999999999999,0.3,-1,-5,1
20.32000000000002,-4.0,5.079999999999984,0.5699999999999998,-0.3499999999999996,0.0899999999999999,0.1099999999999999,1.0499999999999998,0.12,0.2999999999999999,0.4,5,-10,1
0.0,-7.0,0.0,1.34,-0.1699999999999999,0.1099999999999999,0.0099999999999998,1.83,0.24,0.0399999999999999,0.6,8,-1,1
2.5400000000000205,0.0,0.0,0.4099999999999997,-2.6100000000000003,-0.02,0.28,-2.95,0.0399999999999999,0.72,-0.6000000000000001,16,15,1
2.539999999999992,2.0,-2.539999999999992,-0.6899999999999995,0.2299999999999999,0.01,0.0,0.3900000000000001,0.21,0.03,-0.7,13,4,1
-7.6200000000000045,6.0,-7.619999999999976,0.8199999999999998,1.32,-0.03,0.02,-1.82,-0.26,-0.1399999999999999,-0.1999999999999999,13,6,0
7.619999999999976,11.0,2.539999999999992,0.0499999999999998,-0.3800000000000003,-0.07,0.02,0.6199999999999999,-0.09,-0.04,-0.2,3,5,0
-2.539999999999992,1.0,-5.0800000000000125,2.9899999999999993,2.8500000000000005,0.1499999999999999,-0.02,-0.1799999999999999,-0.1099999999999999,0.3299999999999999,0.9,14,5,1
0.0,-3.0,0.0,0.3399999999999998,1.4700000000000002,-0.02,-0.01,1.9099999999999997,0.1399999999999999,0.0599999999999999,0.4999999999999999,7,-7,1
0.0,8.0,-5.0800000000000125,-1.04,-0.7799999999999998,-0.08,0.0599999999999999,-0.12,-0.18,-0.02,0.0999999999999999,2,1,0
5.0800000000000125,-8.0,5.0800000000000125,0.8599999999999999,-0.1000000000000005,0.27,-0.11,2.24,0.38,0.43,0.6,-10,-6,1
-2.539999999999992,-10.0,-10.159999999999997,2.07,-2.3200000000000003,0.32,0.19,-0.1,0.4499999999999999,0.5399999999999999,-0.0999999999999999,5,0,0
5.0800000000000125,3.0,0.0,-2.1500000000000004,-0.81,-0.06,-0.03,0.08,0.0,-0.16,0.1999999999999999,-8,-5,1
15.23999999999998,-3.0,0.0,-2.16,-1.17,-0.06,-0.15,0.46,0.12,-0.1,0.1999999999999999,-4,-6,1
5.0800000000000125,-1.0,2.539999999999992,-2.1,-0.33,0.0499999999999999,0.03,0.4100000000000001,0.0499999999999999,0.25,0.0,-5,0,0
-2.539999999999992,12.0,2.539999999999992,-0.8800000000000001,-0.52,0.06,0.05,1.7800000000000002,-0.03,-0.07,0.0,11,5,1
2.539999999999992,-11.0,10.159999999999997,-0.5100000000000002,0.6200000000000001,-0.0299999999999999,-0.0599999999999999,-1.61,-0.25,0.29,0.7,-2,2,0
-2.539999999999992,-4.0,-7.6200000000000045,-1.66,-1.2899999999999991,0.03,-0.0799999999999999,0.71,0.18,0.1,0.1,19,6,1
0.0,0.0,-7.6200000000000045,1.5,0.6499999999999999,0.1099999999999999,0.0399999999999999,-1.09,0.11,0.38,-1.3,-2,-4,1
12.699999999999989,-7.0,10.159999999999997,0.5699999999999998,1.1700000000000004,0.0499999999999999,-0.07,2.46,0.4399999999999999,0.29,0.3999999999999999,6,1,1
-2.539999999999992,1.0,-7.6200000000000045,0.2600000000000002,-0.9000000000000004,-0.12,0.07,-0.1799999999999999,0.08,0.79,-1.2,7,3,1
-12.699999999999989,-2.0,-7.6200000000000045,2.72,-0.1600000000000001,0.1399999999999999,0.1399999999999999,0.7,0.13,0.1699999999999999,-0.4,7,0,1
-7.6200000000000045,-1.0,-17.78,1.84,0.0100000000000002,0.1099999999999999,0.14,2.14,0.45,0.31,0.0,-10,-6,1
-7.619999999999976,2.0,5.079999999999984,-2.13,-0.4199999999999999,-0.09,-0.0699999999999999,-0.1699999999999999,0.15,-0.15,-0.1999999999999999,-8,0,0
15.23999999999998,4.0,10.159999999999997,-0.7000000000000002,-2.47,-0.06,-0.07,-1.54,-0.37,-0.73,0.4,-5,1,1
0.0,-3.0,10.159999999999997,0.48,-0.7199999999999998,0.06,0.0799999999999999,1.1,0.0299999999999999,0.0,0.0,1,-3,0
-15.240000000000007,1.0,-7.6200000000000045,0.9799999999999996,1.2599999999999998,0.0199999999999999,-0.1,-0.65,-0.17,-0.24,-0.2,0,7,0
12.699999999999989,-2.0,7.6200000000000045,1.58,-0.5,0.15,0.02,-0.62,0.61,0.0599999999999999,-0.6,-4,0,1
2.539999999999992,6.0,-2.5400000000000205,1.99,0.5499999999999998,0.1,0.18,0.1400000000000001,0.2699999999999999,-0.0899999999999999,-0.2,1,0,1
17.78,-3.0,7.6200000000000045,0.9200000000000004,-0.25,0.0999999999999999,-0.1099999999999999,-0.61,-0.01,-0.2899999999999999,0.6,12,4,1
-5.079999999999984,-3.0,0.0,-0.2000000000000001,-1.2899999999999996,0.0499999999999999,0.0499999999999999,0.9,0.1,-0.2,0.3,1,2,1
7.6200000000000045,1.0,7.6200000000000045,-1.9800000000000004,-3.09,-0.0499999999999999,-0.1099999999999999,1.09,0.27,-0.1699999999999999,0.3,2,6,1
-17.78,10.0,-12.699999999999989,-0.4900000000000002,0.4499999999999997,0.0399999999999999,0.0,0.96,0.0399999999999999,0.08,0.3,7,7,0
-5.0800000000000125,-2.0,2.539999999999992,-0.4899999999999997,0.1700000000000003,0.02,0.09,1.85,0.33,0.25,1.2,-4,-1,0
12.700000000000015,-3.0,5.079999999999984,-1.5200000000000005,-0.71,-0.0899999999999999,-0.1099999999999999,-1.1800000000000002,0.17,0.36,-0.1999999999999999,3,2,0
-7.619999999999976,-3.0,-17.78,0.8399999999999999,0.4900000000000002,-0.01,-0.09,2.97,0.32,-0.35,-1.0,-5,-3,1
-7.6200000000000045,2.0,-5.079999999999984,0.3999999999999999,-1.2400000000000002,0.06,0.0599999999999999,1.12,-0.0899999999999999,0.29,-0.0999999999999999,-7,-6,1
0.0,-1.0,-2.539999999999992,-0.5800000000000001,-2.0800000000000005,0.15,0.0699999999999999,1.98,0.2299999999999999,0.14,-0.0999999999999999,8,-7,1
7.6200000000000045,0.0,-5.079999999999984,0.5300000000000002,-0.0700000000000002,-0.01,0.02,-0.7699999999999999,0.0199999999999999,-0.0599999999999999,-0.2999999999999999,-10,-7,1
2.539999999999992,3.0,-7.6200000000000045,-1.1099999999999994,-0.4600000000000004,-0.13,0.02,-0.85,-0.24,0.07,0.0,6,0,0
5.0800000000000125,-6.0,7.6200000000000045,0.71,0.8499999999999996,0.0899999999999999,-0.1,-0.69,-0.4,-0.04,-0.1,-4,1,0
5.079999999999984,-5.0,0.0,-0.1200000000000001,-2.0900000000000003,0.18,-0.04,5.96,0.2799999999999999,0.27,0.4,0,-7,1
15.240000000000007,-3.0,2.5400000000000205,-0.5899999999999999,-3.82,0.09,0.0199999999999999,1.46,0.06,-0.3699999999999999,0.3,3,-5,1
-5.079999999999984,8.0,-5.079999999999984,1.25,1.5999999999999996,0.0,0.01,-0.0499999999999999,-0.19,0.15,-0.3999999999999999,0,4,0
-2.539999999999992,5.0,-7.6200000000000045,-1.99,-4.2299999999999995,0.0799999999999999,0.0299999999999999,1.4200000000000002,0.04,-0.45,0.8,-3,1,0
-2.539999999999992,-5.0,5.079999999999984,0.1099999999999994,-1.3800000000000003,-0.06,0.0,0.13,0.32,-0.05,-0.1,1,-10,1
12.699999999999989,-1.0,7.6200000000000045,0.6800000000000002,-0.6200000000000001,-0.02,0.06,-1.75,-0.45,-0.01,-0.1,-5,-5,0
2.539999999999992,0.0,0.0,-0.2299999999999999,-0.4400000000000004,-0.08,0.13,0.34,0.33,0.41,0.1,11,13,1
7.6200000000000045,-3.0,7.6200000000000045,-2.5199999999999996,-0.4099999999999992,-0.1699999999999999,0.1099999999999999,-1.21,-0.4,-0.0799999999999999,0.0,1,-2,1
7.6200000000000045,2.0,2.5400000000000205,0.8200000000000003,-0.94,-0.0799999999999999,0.0499999999999999,1.04,0.13,0.35,-0.1999999999999999,-19,-11,0
2.539999999999992,12.0,-7.6200000000000045,-0.5799999999999996,1.6700000000000004,0.04,-0.04,-0.2899999999999999,-0.07,-0.2,0.2,3,3,0
10.159999999999997,4.0,5.0800000000000125,-0.6799999999999997,0.2799999999999998,0.12,0.0,1.37,-0.03,-0.09,-0.1999999999999999,-1,5,1
-2.539999999999992,3.0,-2.5400000000000205,0.3799999999999999,0.3099999999999996,0.06,0.1099999999999999,-2.1500000000000004,0.18,-0.18,-0.2,-6,-4,0
-7.6200000000000045,5.0,-17.78,1.6800000000000002,1.2600000000000002,0.13,0.05,-0.4399999999999999,-0.15,-0.2299999999999999,-0.7,-2,3,1
-5.0800000000000125,1.0,-7.619999999999976,-1.61,1.6,-0.1599999999999999,-0.03,0.24,0.12,0.26,0.0,-22,-4,0
12.700000000000015,0.0,0.0,-1.53,0.1499999999999994,-0.13,-0.06,0.41,0.0299999999999999,-0.1399999999999999,0.8,9,0,0
-12.699999999999989,-10.0,-5.079999999999984,0.91,-0.4699999999999997,-0.02,0.0,-0.13,0.21,-0.3099999999999999,0.3999999999999999,5,2,0
-17.78,5.0,-10.160000000000023,-3.91,-3.830000000000001,-0.11,0.0799999999999999,-0.2500000000000001,0.02,0.0999999999999999,0.0,-8,-5,0
2.5400000000000205,4.0,5.079999999999984,0.8300000000000001,4.24,0.07,-0.1099999999999999,-6.44,-0.6,0.78,1.1,1,0,1
2.539999999999992,-1.0,0.0,-0.4199999999999999,0.7999999999999998,-0.09,0.1399999999999999,1.25,0.18,0.25,-0.1,-1,-5,0
7.6200000000000045,2.0,7.6200000000000045,2.13,-1.42,-0.1499999999999999,0.09,-3.5,-1.0,-0.39,1.3,8,-2,1
-17.78,8.0,-2.539999999999992,-0.3999999999999999,-0.3900000000000001,0.0499999999999999,0.0999999999999999,-1.2300000000000002,-0.08,-0.1999999999999999,-0.2,14,8,1
17.78,-1.0,7.6200000000000045,-1.3,-0.8399999999999999,-0.08,-0.0699999999999999,2.4,0.22,-0.0599999999999999,0.1,-3,0,0
10.159999999999997,1.0,15.240000000000007,-1.45,-1.19,-0.0199999999999999,-0.08,-0.6599999999999999,0.07,0.26,0.3,2,2,0
7.6200000000000045,-4.0,2.539999999999992,3.1,1.12,0.15,0.02,-2.14,0.0999999999999999,0.62,-0.1,0,-3,1
15.240000000000007,-5.0,5.0800000000000125,0.1,-0.06,0.06,0.01,-0.98,0.08,0.12,1.5000000000000002,4,-3,1
-2.539999999999992,5.0,-10.160000000000023,-1.19,0.0699999999999998,-0.09,0.0,0.3999999999999999,-0.12,0.1999999999999999,0.6,-6,-3,1
-2.5400000000000205,-9.0,5.079999999999984,-0.52,1.2200000000000002,0.0399999999999999,-0.0999999999999999,-0.3399999999999998,0.0299999999999999,-0.04,0.3,1,-4,1
10.159999999999997,6.0,2.5400000000000205,-1.8599999999999992,-1.7999999999999998,-0.0199999999999999,0.12,1.53,0.4,0.27,-0.6,8,1,1
2.5400000000000205,6.0,0.0,-1.97,0.02,-0.15,-0.0799999999999999,-1.31,-0.4600000000000001,-0.37,-0.4999999999999999,-12,-3,0
-2.539999999999992,2.0,2.539999999999992,0.6599999999999997,2.1300000000000003,0.02,0.0499999999999999,-3.3200000000000003,0.3,0.3199999999999999,-1.0,-9,1,0
-2.5400000000000205,0.0,2.5400000000000205,0.9499999999999996,-0.3599999999999999,0.02,0.13,2.53,-0.06,-0.3099999999999999,-0.9,-17,-9,0
2.539999999999992,8.0,0.0,-0.31,0.69,-0.2,-0.0299999999999999,-0.57,-0.2199999999999999,-0.0499999999999999,0.3,9,1,1
-10.159999999999997,0.0,-15.23999999999998,-1.7599999999999998,-3.19,-0.12,0.21,-1.14,-0.16,0.37,-0.4,-11,-6,1
7.6200000000000045,-1.0,10.159999999999997,-2.98,-1.8500000000000003,-0.09,0.0899999999999999,-1.0700000000000005,-0.07,-0.13,0.0999999999999999,-12,-6,0
0.0,-8.0,-7.6200000000000045,1.63,2.08,-0.0899999999999999,-0.01,-0.06,-0.35,-0.0599999999999999,-0.8,-17,-5,1
-2.539999999999992,2.0,2.5400000000000205,-2.5900000000000003,0.3000000000000002,-0.1,0.02,-1.29,0.17,0.21,-0.1,5,4,0
-2.539999999999992,9.0,-10.159999999999997,0.4199999999999999,-0.31,0.0699999999999999,0.0799999999999999,-0.12,0.3399999999999999,0.15,0.3,14,10,0
10.159999999999997,-4.0,10.159999999999997,0.8700000000000001,1.4000000000000004,-0.0299999999999999,0.0099999999999998,-0.23,0.32,-0.0899999999999999,0.2,4,1,1
-10.159999999999997,15.0,-7.6200000000000045,-0.9899999999999998,-1.5700000000000005,-0.05,0.1399999999999999,-0.65,0.09,0.15,-0.7,2,1,0
0.0,-8.0,-5.0800000000000125,-1.9,0.1200000000000001,-0.0299999999999999,0.07,0.93,0.08,0.1,0.4,-3,-1,1
0.0,-8.0,-2.539999999999992,0.8300000000000001,0.48,0.06,-0.0899999999999999,0.1500000000000001,0.12,0.05,0.5,1,1,1
0.0,3.0,5.079999999999984,0.1199999999999996,0.1900000000000004,0.1499999999999999,-0.0499999999999999,-1.94,0.19,0.0699999999999999,-0.0999999999999999,-22,-7,0
10.159999999999997,-5.0,-2.5400000000000205,0.8700000000000001,-3.4000000000000004,0.0499999999999999,0.06,0.23,0.0899999999999999,0.1099999999999999,0.6,-2,-2,1
0.0,9.0,7.6200000000000045,3.1199999999999997,-0.0099999999999997,0.3,0.1099999999999999,1.86,0.32,0.1899999999999999,0.6,8,0,1
0.0,0.0,0.0,-0.9900000000000002,-0.92,-0.0499999999999999,-0.01,-0.1399999999999999,-0.18,-0.5,-0.0999999999999999,-6,-2,0
-7.619999999999976,-4.0,-7.619999999999976,-0.3500000000000005,0.0499999999999998,-0.06,0.0799999999999999,-0.5299999999999999,-0.15,0.01,-1.0,-22,-10,0
5.0800000000000125,5.0,0.0,-0.6800000000000006,0.6599999999999997,0.0499999999999999,-0.02,1.87,0.0499999999999999,0.26,0.6,7,6,1
-12.699999999999989,7.0,-7.6200000000000045,-2.7,-2.9400000000000004,-0.02,0.0299999999999999,0.6600000000000001,0.08,-0.3,0.0,14,10,0
-10.159999999999997,-1.0,0.0,0.2099999999999999,2.6100000000000003,0.08,-0.0899999999999999,-4.93,-0.0899999999999999,-0.28,-0.3,-2,-1,0
-2.539999999999992,11.0,5.0800000000000125,-0.4900000000000002,-0.4599999999999999,-0.0999999999999999,0.05,-4.27,-0.36,0.0,-0.4,-3,6,1
0.0,-1.0,0.0,1.8900000000000008,0.5700000000000003,0.0399999999999999,0.02,-2.3299999999999996,-0.1099999999999999,-0.3299999999999999,0.1,3,0,0
12.699999999999989,-3.0,10.159999999999997,1.25,-1.0500000000000005,0.0999999999999999,-0.0399999999999999,1.71,0.16,0.29,-0.3,4,-5,1
-5.0800000000000125,3.0,-2.539999999999992,-0.7399999999999998,-0.6300000000000003,0.06,0.1799999999999999,0.06,-0.09,0.15,0.0,0,-5,0
10.159999999999997,8.0,7.619999999999976,0.4599999999999999,-2.08,0.1699999999999999,0.12,1.94,0.76,0.3299999999999999,0.0,3,0,1
7.6200000000000045,2.0,10.159999999999997,-1.37,1.7499999999999996,0.03,-0.0899999999999999,0.7899999999999999,0.04,-0.08,0.0,7,1,0
-12.699999999999989,5.0,-10.160000000000023,-4.76,-0.8099999999999996,0.01,0.2499999999999999,0.82,0.0899999999999999,0.43,0.0,4,-2,1
-5.0800000000000125,5.0,-15.240000000000007,0.9799999999999998,0.25,0.11,0.12,-0.51,-0.08,0.2,0.1999999999999999,5,3,0
-12.700000000000015,9.0,0.0,-2.56,-0.8599999999999999,0.0299999999999999,0.0599999999999999,1.0399999999999998,0.09,-0.2300000000000001,0.9,2,2,0
15.23999999999998,-6.0,7.6200000000000045,3.35,-0.5,0.08,0.0,0.2,0.33,-0.1099999999999999,0.0,-2,2,1
12.699999999999989,4.0,2.539999999999992,-1.33,-2.6100000000000003,0.04,-0.06,1.54,-0.02,-0.15,0.3999999999999999,8,4,0
2.539999999999992,14.0,2.5400000000000205,-0.7100000000000004,0.9999999999999996,0.06,0.04,-2.06,-0.2399999999999999,-0.16,0.9,16,-1,1
-7.6200000000000045,2.0,-20.319999999999993,0.0300000000000002,0.8699999999999997,-0.0399999999999999,-0.0199999999999999,-0.8,0.2499999999999999,0.03,0.3,14,5,0
-5.0800000000000125,-1.0,2.5400000000000205,-0.9200000000000004,-3.33,0.07,0.15,0.8899999999999999,-0.04,0.19,0.9,-2,-4,1
10.160000000000023,7.0,10.159999999999997,1.02,-0.1499999999999999,0.09,0.07,-0.56,0.03,0.06,1.3,6,6,0
0.0,13.0,0.0,-0.8199999999999998,-0.6299999999999999,-0.0399999999999999,0.0899999999999999,0.15,-0.04,0.1999999999999999,0.2,18,18,0
-2.539999999999992,1.0,-5.0800000000000125,-0.1799999999999997,-0.3399999999999998,0.0,-0.01,0.8000000000000003,-0.04,-0.26,-0.7,1,4,1
-2.539999999999992,6.0,-5.079999999999984,-2.0599999999999996,-2.34,-0.04,-0.01,-0.5299999999999998,-0.15,-0.14,0.0999999999999999,11,5,1
-7.6200000000000045,6.0,-15.240000000000007,-0.1,0.0500000000000002,0.0299999999999999,0.0,1.58,0.44,0.18,0.7,26,12,1
0.0,2.0,5.0800000000000125,1.3400000000000007,-2.4299999999999997,0.19,0.0899999999999999,-0.02,0.13,-0.0799999999999999,0.1,10,7,1
0.0,4.0,-7.6200000000000045,1.5099999999999998,-0.1999999999999997,-0.02,0.02,0.6299999999999999,-0.09,-0.04,-0.1999999999999999,5,3,0
0.0,-3.0,5.079999999999984,0.3799999999999999,-1.36,0.16,0.1299999999999999,-0.4000000000000001,0.09,0.36,-1.1,-13,2,1
-5.079999999999984,5.0,7.6200000000000045,-1.39,-0.6399999999999999,0.12,0.0699999999999999,-0.2299999999999999,0.24,0.15,1.0,4,-2,1
22.860000000000017,0.0,0.0,3.9400000000000017,0.3100000000000005,-0.0999999999999999,0.1,-0.45,-0.5,-0.12,-0.5,12,-1,1
5.079999999999984,2.0,-2.539999999999992,-0.5099999999999998,2.77,-0.25,-0.01,0.9200000000000002,-0.1899999999999999,-0.23,-0.3,15,17,1
7.6200000000000045,-1.0,7.619999999999976,1.99,-1.62,0.12,0.1099999999999999,1.33,0.39,0.82,0.1,16,2,1
-5.0800000000000125,-1.0,-12.699999999999989,0.9499999999999996,-0.1299999999999999,0.0999999999999999,0.14,3.88,-0.08,0.02,0.2,7,-6,1
2.5400000000000205,0.0,0.0,-0.8200000000000001,-1.0,0.09,-0.0199999999999999,0.1100000000000001,-0.0999999999999999,0.37,-0.3,-19,-7,1
2.5400000000000205,11.0,17.78,-0.4000000000000001,-0.1099999999999998,0.0099999999999999,0.0199999999999999,-0.31,-0.08,-0.04,-0.1999999999999999,3,6,1
5.0800000000000125,-4.0,0.0,1.19,0.33,0.0399999999999999,0.0,0.4199999999999999,0.1,0.34,0.0,5,0,0
-10.159999999999997,8.0,-2.539999999999992,-2.9799999999999995,-0.0499999999999998,0.05,-0.2099999999999999,4.33,-0.08,-0.48,1.4,1,1,0
0.0,4.0,0.0,-2.3100000000000005,-2.2899999999999996,0.0699999999999999,-0.08,3.02,0.0999999999999999,-0.66,0.4,2,1,1
-7.6200000000000045,-3.0,5.0800000000000125,1.7199999999999998,0.3899999999999997,-0.04,0.0599999999999999,-1.06,0.17,0.2099999999999999,-1.1,-5,-1,0
-22.859999999999985,-2.0,-17.78,-0.3800000000000003,0.1200000000000001,-0.07,0.0199999999999999,0.91,0.1599999999999999,-0.18,0.0,-6,6,0
-2.539999999999992,2.0,0.0,-0.4299999999999997,-0.0099999999999997,0.0799999999999999,0.0,1.79,0.26,0.21,0.0,2,3,0
-7.6200000000000045,3.0,-2.539999999999992,2.38,1.11,0.14,0.0,-0.0999999999999999,-0.56,-0.08,0.3,6,1,0
7.619999999999976,8.0,0.0,-1.35,0.8499999999999996,-0.08,0.0299999999999999,-1.19,-0.02,0.14,-0.8999999999999999,-3,8,0
15.240000000000007,-5.0,15.240000000000007,2.3099999999999996,1.06,0.06,-0.18,-1.71,0.15,0.33,0.2999999999999999,3,3,0
-5.0800000000000125,6.0,-2.539999999999992,-2.49,-0.8599999999999999,-0.2,0.05,2.95,-0.06,-0.2,-0.4,-4,5,0
0.0,9.0,-2.539999999999992,1.0099999999999998,-0.5399999999999996,0.13,0.1399999999999999,1.0699999999999998,-0.09,0.08,0.3,12,7,1
0.0,1.0,10.159999999999997,1.4899999999999998,3.63,0.0499999999999999,0.1299999999999999,0.0,0.0,0.39,-0.2,-7,-2,0
10.159999999999997,1.0,7.6200000000000045,-0.69,-0.69,0.03,0.04,-1.55,0.65,-0.3600000000000001,-0.2,-6,2,0
12.699999999999989,-4.0,2.5400000000000205,0.5899999999999999,-2.8999999999999995,0.09,0.15,2.17,0.1799999999999999,0.1099999999999999,0.0999999999999999,0,-6,1
0.0,-3.0,-7.6200000000000045,1.1800000000000002,0.9700000000000002,-0.1699999999999999,0.0399999999999999,-0.15,-0.0699999999999999,-0.05,0.0,-3,-2,0
-2.539999999999992,4.0,2.5400000000000205,-1.8500000000000003,-2.96,-0.11,0.0,0.74,0.42,0.0699999999999999,0.1,8,6,1
12.699999999999989,3.0,0.0,-3.17,-3.16,-0.1499999999999999,0.0399999999999999,0.35,0.25,0.0,0.1,-1,7,0
2.539999999999992,7.0,0.0,-3.4299999999999997,-1.78,-0.0499999999999999,0.0,1.0199999999999998,0.02,-0.37,-0.4,-2,-2,0
-7.619999999999976,2.0,-10.160000000000023,-0.2299999999999995,0.7800000000000002,-0.03,0.04,0.29,-0.0399999999999999,-0.35,0.1,-4,-15,1
5.0800000000000125,0.0,0.0,2.36,1.3599999999999994,-0.03,0.0999999999999999,-1.06,-0.06,0.04,-0.4999999999999999,-2,-5,0
17.78,-5.0,5.0800000000000125,2.71,2.0400000000000005,-0.01,0.0499999999999999,-1.16,0.23,0.43,-1.4,-5,-2,0
-2.539999999999992,-3.0,2.539999999999992,2.72,0.69,0.07,-0.0899999999999999,0.28,0.2,0.0899999999999999,0.4,2,-1,1
5.079999999999984,-5.0,7.619999999999976,-0.1600000000000001,-4.300000000000001,-0.02,0.03,-0.69,0.1699999999999999,0.16,0.0,-3,-5,1
-10.159999999999997,5.0,-5.0800000000000125,-0.02,1.58,-0.06,-0.0699999999999999,-0.8800000000000001,-0.15,0.0,0.0,-3,8,0
-7.619999999999976,-1.0,0.0,-0.0499999999999998,-1.8399999999999992,0.0099999999999999,0.16,4.04,0.29,-0.12,0.3,0,0,0
10.159999999999997,-5.0,5.0800000000000125,1.06,-0.1800000000000001,0.0399999999999999,-0.03,-1.3199999999999998,0.0,0.2,-1.0,-11,-6,1
-12.699999999999989,-3.0,-7.6200000000000045,-3.3299999999999996,-2.74,0.1,-0.0999999999999999,2.8,0.15,-0.1499999999999999,0.6,-3,1,0
7.6200000000000045,-5.0,0.0,1.6799999999999995,-0.54,0.0999999999999999,0.0599999999999999,-0.0499999999999999,0.56,0.1699999999999999,-0.3999999999999999,-2,-2,0
0.0,3.0,0.0,0.9900000000000002,-1.86,0.11,0.1099999999999999,1.7199999999999998,0.31,0.4199999999999999,0.8,13,3,1
7.6200000000000045,4.0,5.079999999999984,1.0600000000000005,-0.4100000000000001,-0.0099999999999999,0.0,-0.35,-0.09,0.05,-1.1,-7,-3,0
5.079999999999984,-3.0,7.6200000000000045,0.1599999999999997,-0.7399999999999998,-0.0899999999999999,0.02,4.76,-0.13,-0.0499999999999999,0.0,10,2,1
-2.539999999999992,2.0,0.0,-1.66,-1.12,-0.16,0.13,0.1700000000000001,-0.09,0.29,-1.0,1,5,1
12.699999999999989,-3.0,12.699999999999989,-1.0999999999999996,-2.8200000000000003,0.06,-0.02,-0.25,0.07,-0.16,0.5,-10,-8,1
-5.0800000000000125,-6.0,0.0,0.6500000000000004,-1.6300000000000003,0.07,-0.0599999999999999,0.73,0.18,-0.13,0.1,1,-4,1
-7.619999999999976,-4.0,0.0,-1.1100000000000003,-1.52,0.1899999999999999,-0.03,0.71,-0.25,-0.33,0.2000000000000001,3,-2,1
10.160000000000023,-12.0,5.0800000000000125,0.3699999999999996,1.9800000000000004,0.02,-0.02,-1.21,0.08,0.0899999999999999,0.8,10,2,1
10.159999999999997,4.0,5.079999999999984,0.2800000000000002,-0.0699999999999994,0.1099999999999999,-0.01,0.53,0.1699999999999999,-0.2399999999999999,0.6,0,1,0
-2.539999999999992,-1.0,2.539999999999992,-2.47,-1.8400000000000003,-0.07,-0.03,0.3900000000000001,-0.06,-0.2299999999999999,0.1,-5,-1,1
10.159999999999997,-1.0,5.0800000000000125,-2.52,3.7,-0.29,-0.18,-0.28,-0.3,-0.69,-0.1,-10,-4,0
-2.539999999999992,-1.0,0.0,-1.65,-1.06,-0.1,0.06,2.08,0.2299999999999999,-0.2399999999999999,0.0,-3,-3,0
0.0,-8.0,2.539999999999992,-1.75,0.2600000000000002,-0.0099999999999999,-0.0799999999999999,-0.8299999999999998,-0.1299999999999999,-0.03,-0.3,-17,-12,0
5.0800000000000125,-3.0,7.6200000000000045,0.91,-0.6600000000000001,-0.0799999999999999,0.05,-0.6499999999999999,-0.2499999999999999,0.0399999999999999,-0.6,3,-2,1
-5.0800000000000125,0.0,-5.079999999999984,-0.1600000000000001,0.1499999999999999,-0.03,0.07,0.2099999999999999,0.0499999999999999,0.0,-0.3,7,3,0
0.0,-3.0,-5.0800000000000125,2.31,1.2199999999999998,0.0499999999999999,-0.0799999999999999,-0.9600000000000002,0.01,0.2799999999999999,-0.0999999999999999,11,1,1
7.6200000000000045,-5.0,5.079999999999984,0.7000000000000002,0.73,-0.0299999999999999,0.0399999999999999,-2.6100000000000003,-0.17,0.1299999999999999,-0.9000000000000001,4,4,0
-5.0800000000000125,-4.0,2.539999999999992,1.0200000000000002,0.1600000000000001,-0.09,0.07,0.0,0.0,0.13,0.0,1,-1,1
-5.079999999999984,-6.0,-5.0800000000000125,1.83,0.5900000000000003,0.05,0.02,-0.4299999999999999,0.15,0.55,-0.7999999999999999,5,-4,1
0.0,-5.0,0.0,-0.1400000000000001,-1.1399999999999997,0.06,-0.02,2.33,-0.23,0.02,-0.7,1,2,1
0.0,-8.0,-2.539999999999992,-0.4500000000000002,2.5999999999999996,-0.07,-0.0799999999999999,-1.5,-0.1299999999999999,0.29,0.0,4,-1,0
5.079999999999984,3.0,12.699999999999989,1.4400000000000004,0.6400000000000001,0.06,-0.1199999999999999,-0.32,0.07,-0.0799999999999999,1.9,-6,-3,0
-7.6200000000000045,-2.0,-7.6200000000000045,2.03,-2.09,0.0499999999999999,0.2,1.6700000000000002,0.0499999999999999,-0.22,0.6,2,0,1
5.079999999999984,1.0,-2.539999999999992,-1.2400000000000002,1.4500000000000002,0.03,-0.0199999999999999,2.1399999999999997,-0.1299999999999999,-0.1999999999999999,0.4,0,0,1
5.079999999999984,-1.0,-2.539999999999992,-2.06,-0.8500000000000001,0.03,-0.16,0.23,-0.24,-0.28,-0.1,6,3,0
-7.6200000000000045,1.0,-7.6200000000000045,0.6599999999999997,0.3799999999999999,-0.04,-0.04,0.0,-0.87,0.1100000000000001,0.4,7,2,1
-2.539999999999992,6.0,5.0800000000000125,-0.3600000000000003,-1.9499999999999995,0.07,0.12,0.4599999999999999,0.2199999999999999,0.01,-0.4999999999999999,18,8,0
-12.700000000000015,-5.0,-12.699999999999989,-0.4599999999999999,-0.4299999999999997,-0.0199999999999999,0.06,0.0099999999999998,0.06,-0.0899999999999999,-0.3,-20,-8,1
5.079999999999984,-1.0,5.0800000000000125,-0.56,-1.5800000000000003,0.0799999999999999,0.0599999999999999,1.19,0.16,0.24,0.8,-5,-7,1
2.5400000000000205,7.0,0.0,-0.04,0.06,0.1599999999999999,0.0199999999999999,-1.13,-0.1099999999999999,-0.06,0.6000000000000001,0,7,0
2.539999999999992,-7.0,0.0,0.2600000000000002,-1.14,-0.0499999999999999,-0.01,-0.49,-0.1099999999999999,-0.0699999999999999,0.6,3,0,1
0.0,12.0,0.0,-0.96,0.4900000000000002,-0.15,0.0899999999999999,-0.4900000000000001,0.0999999999999999,0.08,0.7000000000000001,-5,0,0
-5.0800000000000125,-4.0,-7.619999999999976,-3.1699999999999995,-4.02,0.03,-0.0199999999999999,2.0500000000000003,-0.1,-0.1799999999999999,0.7,-9,-10,1
7.619999999999976,2.0,12.699999999999989,-0.6700000000000004,-0.06,-0.06,-0.1499999999999999,-0.71,-0.5,-0.18,0.4,-1,3,1
-5.0800000000000125,-2.0,2.539999999999992,0.4399999999999995,-0.4499999999999993,0.0899999999999999,-0.02,1.1,-0.09,-0.18,0.8,1,1,0
0.0,-4.0,0.0,2.3899999999999997,1.44,0.0499999999999999,0.0,-0.6299999999999999,-0.0699999999999999,-0.0699999999999999,-0.1,6,2,1
-5.079999999999984,-2.0,0.0,1.09,-0.4900000000000002,-0.01,0.1699999999999999,-0.3299999999999999,0.01,0.2599999999999999,0.0999999999999999,0,0,1
20.32000000000002,1.0,0.0,1.08,-2.2499999999999996,0.0899999999999999,0.18,1.44,0.19,0.47,-0.0999999999999999,-10,-18,1
-5.079999999999984,5.0,-7.6200000000000045,-2.0000000000000004,0.0199999999999995,-0.04,0.0,-1.7599999999999998,-0.0499999999999999,-0.02,0.3,-1,3,0
2.5400000000000205,3.0,0.0,0.2099999999999999,-0.9900000000000002,-0.02,0.2299999999999999,-3.68,0.0899999999999999,0.65,-0.9,11,14,0
-7.6200000000000045,0.0,-7.6200000000000045,-1.2000000000000002,0.1499999999999999,-0.03,0.0799999999999999,-1.63,-0.2799999999999999,-0.05,-0.3,-11,3,0
0.0,-5.0,5.0800000000000125,-2.26,-2.3200000000000003,-0.0299999999999999,0.0399999999999999,0.5900000000000001,0.16,-0.0199999999999999,-0.5,-6,-4,0
-5.079999999999984,4.0,-10.159999999999997,-1.7199999999999998,0.0499999999999998,-0.0799999999999999,-0.06,-4.06,-0.18,-0.12,-0.4,10,18,0
-12.699999999999989,6.0,-7.6200000000000045,0.0499999999999998,0.2299999999999999,-0.02,0.1299999999999999,3.69,-0.61,0.19,0.7999999999999999,-6,1,0
-7.6200000000000045,0.0,0.0,0.9399999999999996,0.4499999999999997,0.12,0.01,1.7999999999999998,0.17,0.06,-0.3,-2,-3,1
-5.0800000000000125,10.0,-10.159999999999997,-0.25,-1.23,-0.09,0.07,0.3,-0.06,0.1,-1.1,24,8,1
5.0800000000000125,-14.0,10.159999999999997,0.1699999999999999,1.46,-0.03,-0.1,-0.2599999999999998,-0.12,0.2299999999999999,-0.9,3,-3,1
-10.159999999999997,3.0,-12.700000000000015,0.2000000000000001,0.9900000000000002,0.06,0.0399999999999999,1.96,0.15,-0.29,-0.3,-3,3,0
12.700000000000015,0.0,10.159999999999997,-2.0,-2.74,-0.0399999999999999,0.01,0.5599999999999999,-0.6699999999999999,-0.26,1.6,3,0,0
5.0800000000000125,1.0,0.0,-0.31,0.3400000000000003,0.02,0.0,0.21,0.1699999999999999,0.03,0.1999999999999999,7,-1,0
22.860000000000017,-2.0,25.40000000000001,-0.5800000000000001,1.14,-0.0999999999999999,-0.0499999999999999,-0.8399999999999999,0.01,-0.0399999999999999,1.2,11,3,1
5.079999999999984,9.0,7.6200000000000045,-0.6799999999999997,1.21,-0.06,-0.0599999999999999,-0.3,-0.21,0.35,0.0,-2,7,0
-2.5400000000000205,11.0,-5.0800000000000125,-0.9000000000000004,-1.3200000000000005,0.17,0.0999999999999999,2.0199999999999996,0.24,-0.01,-0.3999999999999999,-1,-2,1
-2.5400000000000205,8.0,-10.159999999999997,-1.9399999999999995,-0.7800000000000002,-0.13,0.03,-1.02,-0.2299999999999999,-0.03,-0.1,5,7,0
2.539999999999992,0.0,7.6200000000000045,1.5900000000000003,-0.6499999999999999,0.13,0.0399999999999999,0.38,0.1099999999999999,0.0599999999999999,0.0,4,-3,1
2.539999999999992,9.0,5.079999999999984,-0.8799999999999999,-1.46,-0.01,-0.01,-2.3000000000000003,0.56,0.66,0.0,0,3,1
2.539999999999992,5.0,-7.6200000000000045,1.0700000000000005,1.23,0.14,0.1,-2.03,-0.28,0.1599999999999999,-1.0,-11,0,0
2.539999999999992,0.0,-2.539999999999992,0.6600000000000001,0.9799999999999996,-0.01,-0.1,-1.2599999999999998,-0.02,0.1399999999999999,-0.6,-5,-4,0
-2.539999999999992,-2.0,-5.0800000000000125,-2.64,-2.26,0.1099999999999999,0.03,0.78,0.55,-0.12,0.2,6,0,1
-17.78,15.0,-10.160000000000023,-0.79,1.2099999999999995,-0.05,-0.1100000000000001,2.69,-0.35,-0.2299999999999999,0.3999999999999999,7,0,0
-2.5400000000000205,-2.0,-2.539999999999992,-2.68,-1.2599999999999998,-0.0299999999999999,0.0899999999999999,3.24,0.1899999999999999,-0.02,-0.6,6,-1,0
-7.6200000000000045,2.0,-12.699999999999989,-0.29,-0.9300000000000002,-0.04,0.1099999999999999,1.0,0.28,0.59,-1.3,4,0,1
15.23999999999998,-4.0,7.6200000000000045,-4.04,-0.1699999999999999,-0.1599999999999999,-0.1599999999999999,-4.37,0.1699999999999999,-0.14,-0.1,3,0,1
15.23999999999998,-2.0,10.159999999999997,0.4299999999999997,-0.1299999999999999,-0.0499999999999999,0.12,-0.0299999999999999,0.0499999999999999,-0.07,0.4999999999999999,-4,-1,0
7.6200000000000045,0.0,7.6200000000000045,-0.1200000000000001,-0.1200000000000001,0.01,-0.0899999999999999,-1.41,-0.13,-0.38,-0.3,1,4,0
7.619999999999976,0.0,2.5400000000000205,0.4199999999999999,-3.89,0.06,0.0999999999999999,0.09,0.43,0.64,0.1999999999999999,16,12,0
7.6200000000000045,-2.0,-2.539999999999992,-0.1799999999999997,0.5600000000000005,0.04,0.08,0.91,0.38,0.12,0.3999999999999999,4,-3,1
2.5400000000000205,-2.0,2.539999999999992,0.91,1.95,-0.0499999999999999,-0.15,0.0,-0.08,0.1899999999999999,0.0,6,7,1
-7.6200000000000045,0.0,-7.6200000000000045,-0.7000000000000002,1.4899999999999998,-0.12,0.02,-1.09,0.03,0.47,-0.7000000000000001,0,1,0
5.079999999999984,0.0,0.0,1.4699999999999998,2.4999999999999996,-0.1599999999999999,0.1,-3.06,-0.54,0.73,-2.8000000000000003,-4,0,0
-5.079999999999984,1.0,5.0800000000000125,-0.6600000000000001,0.8300000000000001,-0.12,-0.0899999999999999,-0.9000000000000001,-0.36,-0.05,-0.6,-7,-3,0
2.539999999999992,1.0,2.539999999999992,0.8800000000000003,0.4100000000000001,0.0,0.05,-1.42,0.24,0.24,-1.0,-16,-6,0
7.6200000000000045,-1.0,0.0,-2.8300000000000005,-0.4700000000000002,-0.16,0.0699999999999999,0.78,0.1099999999999999,0.19,0.3,21,4,0
0.0,1.0,-7.6200000000000045,2.33,2.5799999999999996,0.1599999999999999,-0.16,0.3700000000000001,-0.16,0.07,-0.0999999999999999,-1,-3,0
7.619999999999976,-14.0,5.079999999999984,0.8800000000000003,1.06,-0.13,-0.0399999999999999,-0.45,-0.63,0.08,-0.7000000000000001,-10,-8,1
-12.699999999999989,-5.0,-10.159999999999997,4.27,2.65,0.18,0.12,1.09,0.37,0.4099999999999999,0.3,6,1,1
-5.079999999999984,8.0,0.0,-1.4199999999999997,-1.84,-0.06,-0.1099999999999999,-2.6300000000000003,-0.14,-0.52,1.5,8,6,0
5.0800000000000125,1.0,5.0800000000000125,-0.4299999999999997,-1.2700000000000005,-0.0499999999999999,-0.0399999999999999,1.25,-0.02,0.24,-2.0,7,7,1
-2.539999999999992,-9.0,0.0,0.4000000000000003,-0.5899999999999999,0.1,-0.08,4.78,0.4299999999999999,-0.2199999999999999,1.9,-21,-14,1
15.23999999999998,-5.0,-5.0800000000000125,1.71,-0.1899999999999995,0.12,-0.05,-0.92,-0.28,0.52,0.3,-5,-7,1
0.0,-2.0,-10.159999999999997,0.6700000000000008,-0.92,-0.0099999999999999,-0.0999999999999999,0.19,0.0,0.07,-0.2,-3,2,1
0.0,3.0,-10.159999999999997,0.4300000000000006,-1.7699999999999996,-0.0299999999999999,0.17,-0.02,0.1,0.1099999999999999,-0.2,3,6,1
-10.159999999999997,-4.0,-5.079999999999984,-0.0900000000000003,0.2999999999999998,-0.0399999999999999,-0.02,-1.37,-0.4099999999999999,-0.38,-0.8,-9,-3,0
-12.700000000000015,11.0,-7.6200000000000045,-2.8399999999999994,0.0899999999999998,0.02,0.1699999999999999,2.41,0.1099999999999999,0.25,-1.2,4,2,0
-2.5400000000000205,6.0,2.539999999999992,-3.0299999999999994,-0.7399999999999998,-0.08,-0.0199999999999999,2.84,0.01,0.08,0.3,1,5,0
-2.5400000000000205,6.0,-2.539999999999992,-0.1499999999999999,-2.03,0.0199999999999999,0.12,0.7799999999999999,-0.0199999999999999,0.32,-0.0999999999999999,5,0,0
-5.079999999999984,3.0,-10.159999999999997,-0.8400000000000003,-0.0599999999999996,-0.0099999999999999,0.0,-1.31,0.07,0.19,-0.5,13,3,1
-5.0800000000000125,8.0,2.539999999999992,-3.54,-1.94,-0.0499999999999999,0.0,2.22,-0.76,-0.14,1.0,7,5,1
2.5400000000000205,0.0,2.5400000000000205,-1.1500000000000004,-0.3399999999999998,0.1,-0.04,1.38,0.07,-0.2199999999999999,2.7,26,7,1
5.0800000000000125,-4.0,5.0800000000000125,0.4599999999999999,-1.99,0.14,-0.0499999999999999,0.23,0.5,0.1499999999999999,0.7,12,4,1
-15.23999999999998,-3.0,-7.619999999999976,-2.7699999999999996,1.0300000000000002,-0.07,0.01,2.54,0.45,-0.13,1.4,5,2,1
-5.0800000000000125,5.0,2.539999999999992,-1.6999999999999995,0.2600000000000002,-0.12,0.07,-5.8100000000000005,-0.24,0.14,-2.0,0,3,1
2.539999999999992,7.0,0.0,-0.8500000000000001,-0.1600000000000001,-0.1099999999999999,0.13,-0.1699999999999999,-0.32,-0.1999999999999999,-0.9000000000000001,-7,6,1
-15.23999999999998,2.0,-5.0800000000000125,-0.1899999999999999,-0.3900000000000001,-0.08,0.05,-0.74,0.19,-0.05,0.0,3,5,1
-10.159999999999997,-3.0,2.539999999999992,0.54,3.3000000000000003,0.02,0.05,1.54,0.37,0.25,0.0,0,1,0
7.6200000000000045,3.0,-2.539999999999992,1.5,-2.03,0.07,0.14,1.12,0.21,0.1599999999999999,-0.5,2,2,1
5.079999999999984,-3.0,2.539999999999992,-0.3399999999999998,1.6100000000000003,-0.0999999999999999,0.0,2.01,0.4399999999999999,0.0599999999999999,-0.7,-2,3,0
-5.0800000000000125,4.0,0.0,0.9700000000000002,-1.44,-0.01,0.02,-0.0499999999999998,-0.1999999999999999,0.24,-1.0,-2,-2,0
-7.6200000000000045,-1.0,-5.079999999999984,-1.3199999999999998,-0.1800000000000001,0.05,-0.02,0.4299999999999999,0.02,-0.02,-0.6000000000000001,-2,-1,1
10.159999999999997,1.0,5.0800000000000125,1.84,0.3599999999999999,-0.01,-0.01,-1.65,0.0,-0.36,-1.2,-3,1,0
-10.159999999999997,1.0,-7.6200000000000045,-0.6200000000000001,-3.37,0.15,0.0999999999999999,6.53,-0.02,0.27,0.1,-1,-7,1
0.0,4.0,-2.539999999999992,0.5800000000000001,0.5,-0.0999999999999999,0.0499999999999999,-1.6,-0.06,0.0999999999999999,0.5,9,0,1
7.6200000000000045,-3.0,2.539999999999992,0.81,-1.35,0.09,-0.1499999999999999,-0.7599999999999998,-0.4999999999999999,-0.32,0.1999999999999999,4,-1,1
5.079999999999984,11.0,2.5400000000000205,1.16,2.01,-0.02,-0.0599999999999999,1.39,-0.07,0.18,0.4,24,3,1
-2.539999999999992,-9.0,-10.159999999999997,0.2199999999999997,0.4199999999999999,-0.05,0.03,0.04,-0.02,-0.13,-1.1,-22,-10,0
-5.0800000000000125,8.0,0.0,2.83,0.6599999999999993,0.1099999999999999,-0.01,0.88,0.0,-0.21,-0.1,0,0,1
0.0,1.0,-10.159999999999997,0.77,-1.5600000000000005,-0.02,0.06,-1.2999999999999998,0.15,0.75,-1.0,6,-2,1
2.5400000000000205,1.0,5.0800000000000125,-0.3600000000000003,-0.5900000000000003,-0.0399999999999999,0.0499999999999999,-0.8899999999999999,-0.1099999999999999,-0.02,-0.7,3,2,1
-15.240000000000007,4.0,-5.0800000000000125,2.92,-1.0800000000000003,0.05,0.1499999999999999,3.17,-0.6,0.3799999999999999,1.1,11,6,1
-7.6200000000000045,2.0,0.0,-0.4199999999999999,-1.8299999999999996,-0.07,0.0,1.52,-0.09,0.06,0.1,8,-3,0
2.539999999999992,-2.0,-5.0800000000000125,0.3099999999999998,-1.2000000000000002,0.1499999999999999,-0.06,-0.03,-0.06,0.4399999999999999,-0.3,-3,-1,0
12.700000000000015,-1.0,-2.5400000000000205,0.2599999999999998,-1.3099999999999996,0.1699999999999999,0.13,0.3999999999999999,0.06,0.12,0.0999999999999999,9,-7,1
-2.539999999999992,3.0,0.0,2.7300000000000004,-0.3700000000000001,0.01,0.07,-2.07,0.01,0.12,-0.2999999999999999,-2,-3,0
0.0,3.0,2.5400000000000205,1.79,0.97,-0.01,0.01,-2.74,-0.0399999999999999,-0.2199999999999999,0.0,14,7,0
-15.240000000000007,7.0,-12.699999999999989,-2.38,0.71,-0.01,-0.0299999999999999,-2.78,-0.15,0.17,0.3,3,4,0
-12.700000000000015,3.0,0.0,-3.3800000000000003,-1.09,-0.07,0.09,2.3499999999999996,0.18,0.3,0.0999999999999999,-8,1,0
-10.159999999999997,7.0,-15.240000000000007,0.8099999999999998,-1.7200000000000002,0.1499999999999999,0.0999999999999999,2.25,0.4,-0.11,0.3,-1,-1,0
2.539999999999992,7.0,0.0,-1.4799999999999995,-0.3700000000000001,-0.15,0.0,-1.12,-0.0499999999999999,-0.15,0.1,12,0,0
0.0,6.0,-2.5400000000000205,0.3799999999999999,1.87,-0.02,-0.0899999999999999,0.97,0.4600000000000001,0.74,-1.7000000000000002,7,12,0
-15.240000000000007,-6.0,-5.0800000000000125,1.63,-0.6500000000000004,0.0999999999999999,0.05,1.38,-0.27,-0.02,0.4,3,-3,1
0.0,7.0,-7.6200000000000045,-0.5,1.1800000000000002,0.0499999999999999,0.0,0.54,0.38,-0.02,0.1,11,8,1
7.6200000000000045,-3.0,7.6200000000000045,0.9499999999999996,-0.2799999999999998,0.06,0.12,-0.8900000000000001,0.39,-0.05,-0.3,-7,-3,1
-22.860000000000017,6.0,-10.160000000000023,0.0300000000000002,3.2299999999999995,-0.12,-0.0999999999999999,-1.68,-0.3,-0.0899999999999999,0.3999999999999999,11,13,0
17.78,-5.0,-2.5400000000000205,-0.1799999999999997,-0.9300000000000002,0.0199999999999999,-0.1099999999999999,2.5500000000000003,0.25,0.01,0.6000000000000001,4,1,0
0.0,4.0,-2.539999999999992,-0.9000000000000004,-0.4199999999999999,-0.0299999999999999,0.0599999999999999,-0.31,0.1599999999999999,-0.05,-0.3,1,-1,1
5.0800000000000125,6.0,5.0800000000000125,1.6500000000000004,0.7399999999999998,0.08,-0.0899999999999999,0.04,-0.05,-0.21,-0.1,2,3,1
-7.6200000000000045,6.0,-5.0800000000000125,-0.5800000000000001,-0.0099999999999997,-0.11,0.0699999999999999,-0.7399999999999998,0.0399999999999999,-0.07,-1.0000000000000002,3,8,0
-10.159999999999997,-2.0,-5.079999999999984,-0.6600000000000001,0.0699999999999998,0.0,-0.02,0.36,-0.71,-0.09,0.4,6,1,1
2.539999999999992,1.0,2.5400000000000205,1.8099999999999996,0.3400000000000003,-0.03,0.0999999999999999,-0.5800000000000001,0.07,0.0599999999999999,0.3,17,13,0
-2.539999999999992,0.0,2.539999999999992,1.7799999999999998,-1.11,0.1599999999999999,0.0299999999999999,1.5,-0.1999999999999999,-0.02,-0.7,7,1,0
0.0,1.0,0.0,-1.9099999999999997,-0.3199999999999998,0.01,-0.03,0.6399999999999999,0.08,-0.46,1.2000000000000002,12,9,0
0.0,4.0,7.6200000000000045,0.33,0.3999999999999999,0.2,-0.04,1.08,0.0399999999999999,-0.06,0.0999999999999999,-10,3,0
-5.079999999999984,-2.0,-7.6200000000000045,1.2399999999999998,0.5,-0.01,0.0699999999999999,-0.3899999999999999,-0.0899999999999999,0.1599999999999999,-1.6,0,-2,1
-15.240000000000007,1.0,-2.539999999999992,-0.4999999999999995,0.5499999999999998,-0.07,0.02,0.0,0.0,0.27,0.0,-3,-3,0
0.0,12.0,-5.0800000000000125,-3.01,2.3100000000000005,-0.1,0.0899999999999999,1.11,-0.36,-0.2399999999999999,1.0,0,0,0
0.0,-1.0,7.6200000000000045,3.0999999999999996,-1.79,0.0899999999999999,0.0999999999999999,-0.8999999999999999,0.26,0.27,-0.8999999999999999,9,4,1
2.539999999999992,0.0,-2.539999999999992,-3.0000000000000004,-1.14,0.04,0.0,2.29,0.01,-0.09,0.3,7,-1,1
10.159999999999997,1.0,0.0,1.15,-0.4500000000000002,-0.0999999999999999,-0.0299999999999999,0.4500000000000002,-0.2099999999999999,-0.03,-0.4,3,7,0
7.619999999999976,-5.0,2.539999999999992,2.8200000000000003,-1.7400000000000002,0.19,-0.0199999999999999,-1.14,-0.15,0.03,0.0,5,-1,1
7.6200000000000045,4.0,-2.5400000000000205,-0.29,1.4000000000000004,0.06,-0.04,-0.35,-0.15,0.0499999999999999,0.3,-5,-5,0
-2.539999999999992,-3.0,-2.539999999999992,-1.0799999999999996,1.1,-0.04,0.0199999999999999,2.79,0.0899999999999999,-0.15,0.1999999999999999,7,-2,0
-2.539999999999992,-2.0,-2.5400000000000205,-0.81,-0.4499999999999997,0.03,0.01,0.1199999999999996,-0.0499999999999999,0.1999999999999999,0.0,-11,-2,0
5.0800000000000125,-2.0,7.6200000000000045,0.7200000000000002,0.29,-0.0299999999999999,0.0699999999999999,-0.2699999999999999,-0.25,-0.0699999999999999,-0.2,3,-5,0
0.0,-1.0,0.0,0.7800000000000002,-1.7799999999999998,-0.0499999999999999,0.03,-0.52,0.02,-0.2,-0.1,0,-5,1
-12.699999999999989,-5.0,-2.5400000000000205,1.58,1.2500000000000004,-0.01,-0.07,-1.82,-0.3299999999999999,-0.1899999999999999,-1.3,5,-1,1
-10.159999999999997,2.0,-10.159999999999997,1.66,-0.29,0.0299999999999999,0.07,-0.2099999999999999,0.2,0.05,-0.6,-4,-5,0
7.6200000000000045,7.0,-5.0800000000000125,1.2000000000000002,-1.1399999999999997,-0.07,0.04,-0.4399999999999999,0.0199999999999999,-0.0999999999999999,0.0,3,0,1
-7.6200000000000045,1.0,-10.159999999999997,-0.98,0.9400000000000004,0.04,-0.09,1.35,0.07,-0.32,-0.1,0,6,0
5.0800000000000125,9.0,5.079999999999984,0.5300000000000002,-1.7199999999999998,-0.02,0.13,0.3,0.5,0.2400000000000001,0.1,6,2,1
-7.6200000000000045,10.0,-5.0800000000000125,0.6699999999999999,0.3999999999999999,-0.0899999999999999,-0.02,1.2499999999999998,0.18,-0.01,-0.1,17,9,1
-15.240000000000007,14.0,-7.619999999999976,-0.56,0.33,-0.1599999999999999,-0.0599999999999999,-0.4499999999999999,-0.1099999999999999,0.28,0.2,5,12,0
0.0,-5.0,-2.539999999999992,0.6199999999999997,-0.0299999999999998,0.08,0.02,0.8800000000000001,0.13,-0.06,-0.4,2,1,0
2.539999999999992,1.0,-2.539999999999992,-3.51,2.5199999999999996,-0.06,-0.06,-0.28,-0.2,-0.62,-0.4,-5,2,0
-5.079999999999984,-8.0,-2.539999999999992,1.2600000000000002,0.1800000000000001,0.08,-0.01,3.08,0.35,0.2299999999999999,0.3999999999999999,-5,-3,1
12.699999999999989,3.0,15.240000000000007,-1.61,-0.5800000000000001,-0.06,-0.03,1.73,0.06,0.0399999999999999,0.5,14,10,0
0.0,4.0,-2.539999999999992,-1.6799999999999995,0.0300000000000002,-0.11,-0.0399999999999999,4.9,0.0899999999999999,-0.16,-0.4,7,2,1
2.539999999999992,5.0,2.539999999999992,-0.3700000000000001,0.33,-0.1,0.0,1.65,0.48,-0.1999999999999999,0.3,24,6,1
-5.079999999999984,0.0,2.539999999999992,-2.9800000000000004,1.8099999999999996,-0.12,-0.15,0.05,-0.19,-0.55,1.4,-18,-9,0
-10.159999999999997,8.0,-7.6200000000000045,0.3799999999999999,0.5499999999999998,-0.0199999999999999,0.03,-1.57,0.13,0.0599999999999999,-0.3,-2,-1,0
0.0,-5.0,10.159999999999997,-2.69,-0.1699999999999999,-0.0999999999999999,-0.2299999999999999,-1.0,-0.28,-0.1599999999999999,0.0,-18,-2,0
-15.23999999999998,3.0,-10.159999999999997,-0.8800000000000003,0.4699999999999997,-0.05,0.0599999999999999,-0.8699999999999999,-0.1,-0.3399999999999999,0.5,12,12,0
12.699999999999989,9.0,7.6200000000000045,1.2699999999999998,-4.16,0.0399999999999999,0.36,8.93,0.78,0.5,2.4,1,-1,1
-15.240000000000007,0.0,-10.159999999999997,1.2100000000000004,1.14,0.0499999999999999,0.07,-1.92,-0.0399999999999999,0.04,-0.4,7,5,0
-7.6200000000000045,-2.0,-5.0800000000000125,2.7900000000000005,2.620000000000001,0.0899999999999999,0.02,-2.0599999999999996,-0.07,0.0199999999999999,-0.3,-1,0,1
-2.539999999999992,7.0,-5.0800000000000125,-0.5500000000000003,-0.7999999999999998,-0.07,0.0299999999999999,-0.4900000000000002,0.07,0.04,-0.5,-1,4,0
12.699999999999989,-5.0,-2.539999999999992,1.5100000000000002,2.48,-0.19,0.04,-0.43,-0.42,-0.03,-0.3,-1,3,0
-7.619999999999976,-1.0,12.699999999999989,-0.02,-0.71,0.0299999999999999,-0.01,0.39,-0.03,-0.0999999999999999,0.4,5,3,0
0.0,7.0,-5.079999999999984,-0.6000000000000001,-0.4700000000000002,-0.12,0.02,-0.8499999999999999,-0.14,-0.1999999999999999,-0.4,4,0,1
-12.700000000000015,-1.0,0.0,-0.5699999999999998,0.7000000000000002,-0.0199999999999999,-0.06,0.42,-0.2299999999999999,-0.2199999999999999,1.7,6,6,0
7.619999999999976,-6.0,10.159999999999997,1.0,-1.09,0.0,0.13,1.04,-0.21,0.05,0.2,-1,1,1
-5.0800000000000125,0.0,2.5400000000000205,2.55,1.0299999999999998,0.01,0.1399999999999999,0.2099999999999999,0.24,0.0999999999999999,0.2,21,9,1
0.0,4.0,-5.079999999999984,0.4199999999999999,2.0,-0.0699999999999999,-0.02,1.58,0.02,0.16,0.5,-2,-1,1
-7.6200000000000045,-4.0,0.0,1.1999999999999995,-0.33,0.09,0.18,4.96,-0.0899999999999999,-0.3999999999999999,-0.3,1,1,0
-10.160000000000023,12.0,2.539999999999992,-4.540000000000001,-2.1700000000000004,0.16,0.0199999999999999,1.42,0.55,-0.02,0.8,29,17,1
-7.6200000000000045,-7.0,-2.539999999999992,0.3200000000000003,-0.2800000000000002,0.06,0.02,0.52,0.15,0.0799999999999999,0.2,10,1,1
-10.159999999999997,3.0,0.0,0.6200000000000001,-0.7000000000000002,0.01,0.0199999999999999,0.28,0.0799999999999999,0.03,-1.7,2,1,1
-2.539999999999992,1.0,2.539999999999992,-0.6599999999999993,2.21,0.05,-0.0799999999999999,0.0,0.28,0.1099999999999999,-0.3,-3,-1,0
-2.5400000000000205,-5.0,7.6200000000000045,0.1500000000000003,1.1800000000000002,0.0,-0.0899999999999999,-0.0799999999999999,-0.2,-0.0799999999999999,0.2,8,3,1
-10.159999999999997,-14.0,10.159999999999997,-1.4700000000000002,-1.59,-0.08,-0.15,0.0,0.0,-0.29,0.4,-6,-1,0
0.0,-7.0,2.539999999999992,1.010000000000001,-3.75,0.01,0.0,1.35,0.1699999999999999,0.16,0.2,4,-5,1
-2.539999999999992,-4.0,-10.160000000000023,-1.6100000000000003,-0.7999999999999998,-0.12,0.01,-0.47,-0.3999999999999999,-0.0899999999999999,0.5,5,1,1
-7.619999999999976,-1.0,2.539999999999992,0.1499999999999994,-3.66,0.0,0.03,0.86,0.66,-0.13,-0.3,11,0,1
15.240000000000007,-7.0,10.159999999999997,2.5200000000000005,-0.8400000000000003,0.1499999999999999,0.01,0.85,0.38,0.47,0.6,3,0,1
10.159999999999997,-4.0,-2.539999999999992,-0.0300000000000002,-1.3800000000000003,0.07,0.0799999999999999,-1.4,0.65,0.34,-1.2000000000000002,-1,-3,0
17.78,-1.0,7.6200000000000045,-1.4300000000000002,-2.25,0.05,-0.0899999999999999,1.69,0.1,-0.0599999999999999,0.3,-1,5,0
0.0,2.0,-5.0800000000000125,-0.31,-0.3999999999999999,0.0899999999999999,0.0499999999999999,-1.01,-0.0199999999999999,-0.1,-0.2,-8,-3,1
-15.240000000000007,3.0,-12.700000000000015,0.0299999999999998,1.3499999999999996,-0.14,0.06,-0.46,-1.0,0.01,-0.8,-7,-3,0
15.240000000000007,4.0,5.079999999999984,-1.35,-0.54,-0.08,-0.0599999999999999,1.67,0.36,0.25,-0.1999999999999999,-1,3,0
-5.0800000000000125,13.0,-5.0800000000000125,-0.8699999999999997,-2.640000000000001,0.06,0.01,1.74,0.16,-0.0599999999999999,-0.5,-13,-1,0
-7.6200000000000045,1.0,-10.159999999999997,1.5100000000000002,1.3200000000000005,-0.1999999999999999,0.0999999999999999,0.95,-0.1299999999999999,0.01,0.8,1,1,1
-20.319999999999993,5.0,-15.240000000000007,0.1499999999999999,1.0499999999999998,-0.21,0.0599999999999999,-3.1599999999999997,-0.3399999999999999,-0.33,0.6,11,-1,1
-10.159999999999997,-1.0,-12.700000000000015,2.16,1.4,0.08,0.0,-0.8299999999999996,0.0499999999999999,0.26,-0.1999999999999999,6,-1,1
-2.539999999999992,-3.0,-2.539999999999992,-2.2999999999999994,-1.59,0.0,-0.21,2.46,0.28,0.05,0.3,-2,1,0
-2.539999999999992,-4.0,5.079999999999984,-0.2799999999999998,-1.35,-0.0399999999999999,-0.0499999999999999,-0.1,-0.74,0.48,0.0,5,2,1
0.0,-2.0,7.6200000000000045,0.6299999999999999,-2.37,0.1699999999999999,0.0899999999999999,0.94,0.2699999999999999,0.0399999999999999,-0.7,-9,-5,1
2.539999999999992,6.0,-10.159999999999997,-0.7200000000000002,0.5299999999999994,-0.05,0.0,0.01,0.1699999999999999,0.14,-0.0999999999999999,1,3,0
5.079999999999984,8.0,7.619999999999976,0.0899999999999998,-0.6799999999999997,-0.0099999999999999,0.01,0.3499999999999998,-0.07,-0.05,1.0,22,9,1
-10.159999999999997,-4.0,-5.079999999999984,1.4199999999999997,1.15,0.06,-0.05,0.9,0.27,-0.0599999999999999,0.2999999999999999,6,5,0
5.079999999999984,5.0,2.5400000000000205,1.3099999999999996,-1.5400000000000005,0.0799999999999999,0.0199999999999999,0.26,-0.0999999999999999,0.24,-0.4,4,-1,1
7.6200000000000045,-6.0,10.159999999999997,-0.29,-2.49,0.09,0.02,1.18,-0.5700000000000001,-0.1099999999999999,-0.1999999999999999,4,-5,1
-10.159999999999997,2.0,-10.159999999999997,-0.0300000000000002,1.2800000000000002,0.07,-0.01,-0.8099999999999999,0.33,0.24,-0.7,2,0,1
12.699999999999989,4.0,10.159999999999997,-0.1299999999999999,0.9299999999999996,-0.0499999999999999,-0.04,-0.4399999999999999,-0.1099999999999999,0.38,-1.2000000000000002,5,4,1
-5.079999999999984,-1.0,-7.6200000000000045,0.9900000000000002,-0.2800000000000002,0.0,0.1,-5.13,-0.0199999999999999,0.83,0.6,5,3,1
5.079999999999984,-4.0,-10.159999999999997,-1.59,-2.38,0.05,0.02,-1.2799999999999998,-0.21,0.27,-0.5,-18,-8,1
2.539999999999992,-4.0,0.0,-0.9899999999999998,-0.1599999999999999,-0.0499999999999999,-0.03,-2.3,-0.01,-0.23,2.4,-3,-4,0
-7.6200000000000045,-3.0,0.0,-0.0900000000000003,2.18,-0.01,-0.15,-0.4099999999999999,-0.58,-0.1099999999999999,-0.2,0,1,1
-17.78,6.0,-10.159999999999997,1.82,0.4399999999999999,0.02,0.14,1.3,0.18,0.27,0.4,-5,-9,1
15.240000000000007,-5.0,2.5400000000000205,0.4500000000000002,0.4399999999999999,-0.0399999999999999,-0.12,1.0300000000000002,0.0399999999999999,0.08,-0.5,-11,-3,0
2.539999999999992,2.0,5.079999999999984,-3.0199999999999996,-2.22,-0.13,-0.0299999999999999,2.11,-0.0999999999999999,-0.2,0.0,5,0,0
2.5400000000000205,-1.0,2.539999999999992,-0.1700000000000003,-1.7700000000000005,0.26,0.0099999999999998,0.72,0.4,0.2199999999999999,0.5,-14,-4,1
-7.619999999999976,6.0,-7.6200000000000045,-0.4200000000000004,-0.06,-0.01,-0.05,3.0900000000000003,0.19,0.0799999999999999,0.5,-1,6,0
-2.539999999999992,-5.0,0.0,1.39,0.7000000000000002,-0.0199999999999999,-0.0799999999999999,-0.1399999999999999,-0.0399999999999999,0.2699999999999999,0.5,6,-2,0
-5.079999999999984,-3.0,-7.6200000000000045,0.9499999999999996,-2.27,0.13,0.0599999999999999,0.5499999999999998,0.21,0.36,0.1999999999999999,-17,-14,1
-5.079999999999984,1.0,-2.539999999999992,1.38,-0.54,-0.06,0.05,0.49,0.3,0.4199999999999999,0.4,7,2,0
-7.6200000000000045,-2.0,-5.0800000000000125,2.11,0.4299999999999997,-0.02,0.12,0.07,0.6,0.0899999999999999,-1.3,-1,-7,1
12.699999999999989,-4.0,0.0,3.03,2.71,0.09,0.08,-0.2799999999999999,0.08,0.45,-0.5,-6,-5,1
15.240000000000007,-6.0,10.160000000000023,-2.0200000000000005,-1.0299999999999998,-0.1899999999999999,-0.03,-0.99,-0.12,-0.01,-0.0999999999999999,-12,-8,0
-2.539999999999992,-1.0,-5.079999999999984,1.38,-0.5499999999999998,-0.01,0.09,0.0799999999999999,0.07,0.32,-0.5,-18,-12,0
20.319999999999993,0.0,2.5400000000000205,0.7499999999999996,-0.9900000000000002,-0.0199999999999999,0.0699999999999999,0.2299999999999999,0.1599999999999999,0.29,0.0,10,4,1
2.5400000000000205,-6.0,2.539999999999992,-0.3999999999999999,-0.29,0.01,0.0199999999999999,-0.3399999999999998,-0.0199999999999999,0.48,1.6,5,2,1
0.0,6.0,2.539999999999992,-1.8699999999999997,0.5499999999999998,-0.06,-0.0899999999999999,0.81,0.12,-0.1099999999999999,0.1,-6,4,1
-2.5400000000000205,-5.0,5.0800000000000125,1.0699999999999998,1.7599999999999998,-0.0399999999999999,0.13,-1.51,-0.2399999999999999,0.24,-1.0,-10,-2,1
-7.6200000000000045,-3.0,-5.0800000000000125,-2.82,-0.6500000000000004,-0.06,-0.01,1.8300000000000003,0.27,-0.0299999999999999,-0.3,-7,-6,0
-5.079999999999984,9.0,0.0,-2.25,-1.71,0.1,0.04,1.09,0.12,-0.04,-0.2,-13,1,0
0.0,9.0,0.0,-2.1,0.3899999999999997,-0.0999999999999999,-0.14,0.92,0.6000000000000001,0.0499999999999999,0.3,-4,0,0
10.159999999999997,5.0,7.6200000000000045,3.1100000000000003,4.3999999999999995,0.07,0.08,-2.17,-0.17,0.47,-1.2,5,3,1
-2.539999999999992,-2.0,7.6200000000000045,-0.8400000000000003,-0.4599999999999999,-0.0799999999999999,-0.05,-0.95,-0.01,0.0499999999999999,0.3,0,4,0
0.0,0.0,-10.159999999999997,-0.5800000000000001,3.41,-0.11,-0.23,-1.5000000000000002,0.75,-0.36,-0.7,-3,0,0
0.0,6.0,-5.0800000000000125,-1.9399999999999995,-1.0499999999999998,-0.0199999999999999,0.1399999999999999,1.28,0.25,0.13,-0.5,3,-2,1
-7.619999999999976,3.0,-5.079999999999984,0.2000000000000001,-0.6599999999999997,0.07,-0.0399999999999999,0.75,0.46,0.05,0.3,7,3,1
-10.159999999999997,0.0,2.5400000000000205,-1.2200000000000006,-2.91,-0.01,0.1099999999999999,4.65,-0.07,0.1799999999999999,0.7000000000000001,7,-6,1
10.159999999999997,3.0,2.539999999999992,1.8900000000000008,0.9700000000000002,-0.0199999999999999,0.01,-0.2199999999999999,-0.15,0.07,-0.2,2,0,1
7.619999999999976,6.0,-2.539999999999992,-1.7200000000000002,-0.4500000000000002,-0.03,-0.01,0.7400000000000001,0.0799999999999999,-0.13,0.0999999999999999,15,13,0
-2.539999999999992,4.0,-10.159999999999997,-2.6699999999999995,-0.52,-0.0699999999999999,-0.14,0.04,-0.37,-0.1999999999999999,-0.2,-10,2,1
-7.6200000000000045,-1.0,-2.539999999999992,-0.2799999999999998,-1.0,0.09,0.01,0.3399999999999998,0.0399999999999999,-0.05,-0.1,4,2,1
5.079999999999984,-8.0,2.539999999999992,2.46,0.5700000000000003,-0.02,0.01,-0.97,0.05,-0.1999999999999999,-0.1999999999999999,-5,-3,0
-5.0800000000000125,4.0,-10.159999999999997,-0.8499999999999996,0.5200000000000005,0.04,0.11,0.16,0.0499999999999999,-0.13,-0.5,8,2,1
-10.160000000000023,-13.0,-2.5400000000000205,2.62,0.6300000000000008,0.0499999999999999,0.0899999999999999,0.63,0.1699999999999999,0.29,-0.3,-10,-5,1
-12.700000000000015,0.0,-5.0800000000000125,2.5,0.71,0.0699999999999999,0.12,-1.13,0.23,0.24,-0.0999999999999999,-1,2,1
-7.6200000000000045,8.0,2.5400000000000205,-1.4700000000000002,0.8400000000000003,-0.01,-0.06,-0.5900000000000001,-0.26,0.0499999999999999,0.0,-4,0,0
5.0800000000000125,5.0,2.539999999999992,-1.52,-0.6099999999999999,-0.1499999999999999,0.16,-0.3899999999999997,0.1499999999999999,0.38,-0.5,-17,-5,0
2.5400000000000205,6.0,2.539999999999992,0.2099999999999999,-0.7299999999999998,0.03,0.05,1.42,0.1699999999999999,-0.1,-0.8,-3,-3,0
2.539999999999992,4.0,2.5400000000000205,0.31,-1.6,0.01,0.03,-0.91,0.07,-0.14,0.0,6,3,1
2.539999999999992,6.0,0.0,-1.1799999999999995,-1.5700000000000005,0.14,-0.1499999999999999,-0.56,-0.06,0.63,0.6,11,9,1
0.0,-10.0,0.0,0.8499999999999996,1.29,0.09,-0.0699999999999999,-0.5800000000000001,-0.3,0.1999999999999999,-0.7000000000000001,10,8,0
-12.699999999999989,1.0,-5.0800000000000125,-0.5000000000000004,-0.9700000000000002,-0.04,0.0599999999999999,1.13,-0.34,0.19,0.4,17,0,0
7.6200000000000045,0.0,0.0,0.56,0.2399999999999997,0.11,0.0,-0.6100000000000003,0.03,0.03,2.3000000000000003,14,-2,1
0.0,3.0,-2.5400000000000205,-2.2,-0.8700000000000001,0.06,-0.01,-0.8400000000000001,0.0899999999999999,-0.19,-0.5,10,0,1
-12.699999999999989,-2.0,-7.6200000000000045,-1.61,-1.69,0.0299999999999999,0.0199999999999999,1.7999999999999998,0.01,0.03,-0.5,-11,-4,0
-2.539999999999992,-2.0,-2.539999999999992,-1.4400000000000004,-2.8200000000000003,0.0399999999999999,-0.04,0.14,-0.0999999999999999,-0.1799999999999999,0.0,0,-7,1
-12.700000000000015,1.0,-5.0800000000000125,-0.81,0.1499999999999999,-0.08,0.0799999999999999,1.0,-0.02,0.0899999999999999,-0.9,-8,-7,1
7.619999999999976,4.0,2.539999999999992,1.23,1.7400000000000002,0.1099999999999999,-0.03,-1.8499999999999996,-0.0499999999999999,0.25,0.6000000000000001,-3,-5,1
17.78,-4.0,10.159999999999997,-0.8900000000000001,-0.3599999999999999,-0.06,-0.01,0.4100000000000001,-0.2099999999999999,-0.47,0.6000000000000001,-6,-1,1
0.0,9.0,7.6200000000000045,1.6999999999999995,-0.4899999999999997,0.0199999999999999,0.0,-0.6800000000000002,-0.0199999999999999,-0.3199999999999999,-0.1999999999999999,15,4,1
0.0,-12.0,0.0,-1.2200000000000002,-1.4999999999999996,-0.09,0.06,0.2299999999999999,0.04,-0.13,0.3999999999999999,9,-1,1
-20.319999999999993,4.0,-10.159999999999997,-0.48,-0.8999999999999999,-0.0499999999999999,0.07,-1.31,0.09,0.27,-1.7,-47,-3,0
2.539999999999992,9.0,-2.539999999999992,-0.9699999999999998,0.4399999999999999,-0.05,0.09,-1.2,0.12,0.15,-1.1,-1,1,1
2.5400000000000205,3.0,0.0,1.3699999999999997,0.1800000000000001,0.01,0.0199999999999999,-0.63,0.1299999999999999,0.31,0.1,14,15,0
0.0,-1.0,-2.539999999999992,-0.06,-0.5899999999999999,0.03,0.01,-0.4599999999999999,-0.2699999999999999,0.17,-0.3,-3,-13,1
0.0,-10.0,-5.0800000000000125,2.15,-2.18,0.2199999999999999,0.24,3.95,0.4599999999999999,-0.29,-1.2,-3,-7,1
-5.079999999999984,1.0,2.5400000000000205,0.04,-3.2699999999999996,0.17,0.0599999999999999,0.2299999999999999,0.26,-0.15,0.1,8,1,1
-5.0800000000000125,-2.0,-7.6200000000000045,-0.4900000000000002,0.5700000000000001,-0.0799999999999999,0.01,2.41,0.0399999999999999,-0.01,-0.1,1,-9,1
0.0,1.0,-2.5400000000000205,-0.7200000000000002,0.52,-0.07,-0.0499999999999999,-0.28,0.13,0.13,0.0,4,-2,1
2.539999999999992,-4.0,0.0,-1.97,-1.0499999999999998,-0.02,0.0499999999999999,0.85,0.1099999999999999,0.28,0.0,2,-6,1
-12.699999999999989,0.0,-12.700000000000015,-3.27,3.4999999999999996,-0.3899999999999999,-0.17,-3.25,-0.42,-0.75,-1.2,-1,1,0
2.539999999999992,4.0,-5.079999999999984,0.6999999999999997,-0.69,-0.0499999999999999,0.01,0.3700000000000001,-0.04,0.41,0.1999999999999999,8,2,1
-7.6200000000000045,-4.0,-5.0800000000000125,0.4800000000000004,-3.7,0.0899999999999999,0.0699999999999999,5.93,0.1399999999999999,0.36,0.3,0,-5,1
0.0,10.0,-7.6200000000000045,0.06,-0.5500000000000003,0.0199999999999999,-0.02,0.51,-0.06,0.18,0.4,1,2,1
-5.0800000000000125,-6.0,-5.0800000000000125,0.75,-0.1899999999999995,0.07,-0.0499999999999999,2.0900000000000003,0.28,-0.02,0.2,9,5,1
2.539999999999992,0.0,7.619999999999976,0.2099999999999999,-1.62,0.13,0.06,4.4799999999999995,0.14,0.2,0.7000000000000001,4,-9,1
5.0800000000000125,-5.0,2.539999999999992,0.8300000000000001,0.3199999999999998,0.0,-0.01,0.17,-0.01,0.1,0.1,1,-7,1
-7.6200000000000045,4.0,-5.079999999999984,-2.09,-1.6099999999999994,0.06,0.07,0.19,0.18,-0.14,-0.4999999999999999,-3,-1,1
-7.619999999999976,3.0,-10.159999999999997,-2.109999999999999,1.31,-0.2299999999999999,0.04,-2.98,-0.26,-0.53,-0.6000000000000001,9,7,0
17.78,0.0,2.5400000000000205,0.3400000000000007,-1.2199999999999998,0.05,-0.04,-0.3699999999999999,-0.15,-0.31,0.8,2,-2,1
5.0800000000000125,-1.0,2.539999999999992,-1.59,-1.9700000000000009,0.0399999999999999,0.0599999999999999,-0.6500000000000001,0.13,0.14,0.1,-7,-4,1
-2.5400000000000205,7.0,-5.079999999999984,0.3800000000000003,-0.6600000000000001,0.1,0.07,0.75,0.0499999999999999,-0.27,1.4,-2,-1,0
-10.159999999999997,9.0,-10.159999999999997,1.46,-0.2599999999999998,-0.03,0.17,1.51,0.24,-0.0399999999999999,0.0,17,4,1
0.0,5.0,-10.159999999999997,-0.7999999999999998,0.1100000000000003,0.0,-0.02,0.66,0.1599999999999999,-0.2299999999999999,1.2,24,11,1
2.539999999999992,7.0,2.539999999999992,1.56,2.5,0.03,0.0599999999999999,-0.39,0.2299999999999999,0.0999999999999999,-0.4999999999999999,1,-2,1
10.159999999999997,8.0,7.619999999999976,-1.16,0.1200000000000001,-0.06,-0.1599999999999999,-0.9300000000000002,0.05,-0.1899999999999999,0.0999999999999999,-5,0,0
-15.23999999999998,-2.0,-10.159999999999997,3.22,4.1899999999999995,0.2099999999999999,-0.0699999999999999,-0.13,-0.08,0.18,-0.7,12,-1,1
-2.5400000000000205,4.0,-2.539999999999992,0.4199999999999995,-0.2800000000000002,0.02,0.0599999999999999,-1.54,-0.06,0.1200000000000001,-0.3,0,8,1
7.6200000000000045,-3.0,10.159999999999997,-1.1500000000000004,-0.9400000000000004,-0.1099999999999999,-0.0599999999999999,-0.3399999999999999,-0.03,-0.36,0.4,-6,-3,1
-2.539999999999992,5.0,-7.6200000000000045,-2.879999999999999,-1.7599999999999998,-0.0899999999999999,0.1599999999999999,1.91,0.2499999999999999,0.36,0.1,13,3,0
-5.0800000000000125,4.0,2.539999999999992,-0.5100000000000002,-0.91,-0.12,0.05,-1.0299999999999998,-0.21,-0.1399999999999999,-0.5,-3,4,0
-2.539999999999992,-1.0,-2.5400000000000205,0.3400000000000003,0.6200000000000001,0.0899999999999999,0.02,-0.02,-0.14,-0.2099999999999999,0.1,1,3,1
2.539999999999992,4.0,7.6200000000000045,1.54,-0.0999999999999996,0.01,0.1099999999999999,-0.3900000000000001,-0.32,-0.21,0.0,13,2,1
-2.539999999999992,-12.0,5.0800000000000125,2.61,0.6099999999999999,-0.01,0.0899999999999999,-0.0799999999999998,-0.29,0.04,-0.5,-18,-6,1
2.5400000000000205,0.0,0.0,1.6999999999999995,1.3799999999999994,-0.0399999999999999,-0.02,1.7399999999999998,0.1099999999999999,0.2299999999999999,-1.0,1,2,1
2.5400000000000205,-11.0,5.0800000000000125,-0.5899999999999999,1.83,0.07,-0.0799999999999999,-0.1600000000000001,0.0999999999999999,-0.02,1.2,-10,-2,1
-7.619999999999976,-4.0,-7.6200000000000045,1.34,0.4900000000000002,0.0,-0.0899999999999999,0.29,-0.15,0.06,-0.9,17,8,1
0.0,1.0,0.0,-5.0200000000000005,-2.6,-0.15,0.0,2.15,0.02,-0.48,1.7,15,6,1
5.0800000000000125,6.0,-5.0800000000000125,2.03,-0.4399999999999999,0.0099999999999999,0.02,0.4599999999999999,-0.04,-0.03,0.8,4,0,1
5.079999999999984,0.0,-2.539999999999992,-0.3399999999999998,-1.63,0.08,0.07,1.36,0.24,-0.0999999999999999,0.3,11,-1,0
-5.079999999999984,6.0,-7.6200000000000045,0.29,0.04,0.03,-0.01,-0.71,0.05,-0.1099999999999999,-0.1999999999999999,11,8,0
0.0,0.0,0.0,-1.0599999999999996,-1.8800000000000003,-0.06,-0.0699999999999999,0.1099999999999999,0.08,-0.28,1.9,0,1,0
-12.700000000000015,9.0,-2.539999999999992,-0.52,-0.6200000000000001,-0.01,0.03,0.03,-0.0499999999999999,0.1099999999999999,-0.5,-3,0,1
-15.240000000000007,5.0,-2.5400000000000205,2.4600000000000004,2.390000000000001,-0.06,0.03,-4.41,-0.31,0.24,-0.5,3,7,1
-15.240000000000007,0.0,-10.160000000000023,-0.3500000000000001,2.2,-0.1,-0.03,2.0700000000000003,-0.2499999999999999,0.07,0.1,7,3,1
-2.539999999999992,-8.0,0.0,-0.1400000000000001,0.4100000000000001,-0.1099999999999999,0.0199999999999999,1.15,0.03,0.0399999999999999,-0.1,-3,-4,1
-10.159999999999997,-3.0,-2.539999999999992,1.83,-0.8300000000000001,-0.01,-0.02,0.36,0.16,0.28,0.7,-3,0,0
0.0,1.0,5.079999999999984,-0.25,-6.699999999999999,0.1,0.0899999999999999,0.9799999999999998,0.1099999999999999,0.0699999999999999,1.0,16,7,1
-7.6200000000000045,0.0,-10.159999999999997,-3.1900000000000004,-0.1299999999999999,-0.22,0.1799999999999999,-2.09,-0.2199999999999999,0.0399999999999999,-0.2,-15,1,0
2.5400000000000205,-4.0,-2.539999999999992,2.6999999999999993,2.4600000000000004,0.07,-0.06,-2.75,-0.0299999999999999,-0.07,0.5,3,0,1
-7.6200000000000045,5.0,0.0,-1.13,0.0299999999999993,-0.1,0.02,1.59,0.0,0.29,-0.8999999999999999,-1,-2,0
-2.539999999999992,0.0,-5.079999999999984,0.3999999999999999,0.6900000000000004,0.06,0.02,-0.6699999999999999,0.16,0.26,-0.3,3,-11,1
12.699999999999989,2.0,12.699999999999989,1.54,-0.3399999999999998,0.0,0.01,-0.39,0.48,0.19,0.0,3,-1,1
5.079999999999984,-4.0,0.0,2.15,1.93,-0.1,0.01,-1.16,-0.02,-0.0999999999999999,-0.4,3,2,1
2.539999999999992,1.0,2.539999999999992,-1.6699999999999997,-1.62,0.03,0.1099999999999999,1.22,0.36,0.16,-0.0999999999999999,8,3,1
2.539999999999992,0.0,-10.159999999999997,0.9300000000000006,-3.01,0.09,-0.0599999999999999,-0.44,-0.18,0.08,-0.2,-3,-2,1
12.699999999999989,7.0,2.539999999999992,0.0100000000000002,0.32,-0.18,0.03,-1.63,-0.2299999999999999,-0.28,-0.8,-2,12,0
-12.699999999999989,7.0,-5.079999999999984,-2.3600000000000003,0.7799999999999998,0.12,-0.0699999999999999,0.91,-0.2099999999999999,-0.76,1.4,3,-2,0
-2.539999999999992,-1.0,0.0,1.8399999999999992,0.0600000000000005,0.0899999999999999,0.06,-0.74,-0.35,0.1099999999999999,0.0,-2,-7,1
0.0,4.0,-7.6200000000000045,0.0499999999999998,-0.0300000000000002,0.1499999999999999,-0.0799999999999999,0.6399999999999999,0.29,-0.1599999999999999,0.3999999999999999,3,5,0
-2.539999999999992,4.0,-2.539999999999992,-0.7200000000000002,-0.9700000000000002,-0.09,-0.0999999999999999,1.5299999999999998,-0.09,-0.41,-0.8,0,4,1
-2.539999999999992,0.0,-2.539999999999992,-1.4199999999999997,-0.3700000000000001,-0.02,0.0299999999999999,0.8800000000000001,-0.0499999999999999,-0.2099999999999999,-0.3,0,5,0
-2.5400000000000205,3.0,0.0,0.99,0.27,0.0299999999999999,-0.04,0.0,0.0,-0.33,-0.5000000000000001,0,-2,1
0.0,7.0,-7.6200000000000045,0.3599999999999999,-1.6799999999999995,0.02,0.08,1.5199999999999998,0.2199999999999999,0.01,0.0999999999999999,-10,-5,0
-7.6200000000000045,10.0,-2.539999999999992,-0.6999999999999997,2.2099999999999995,0.0299999999999999,-0.0799999999999999,-2.78,-0.1699999999999999,-0.2299999999999999,0.9,19,4,0
2.5400000000000205,7.0,10.159999999999997,-1.4,-1.37,0.02,0.0699999999999999,-0.05,0.18,0.08,0.2,-2,1,0
-15.240000000000007,2.0,-20.319999999999993,0.48,-0.69,0.01,0.09,0.8699999999999999,-0.13,0.24,-1.6,-8,-5,1
-2.539999999999992,3.0,2.539999999999992,-0.6599999999999997,-0.81,-0.0199999999999999,-0.05,-0.73,-0.24,0.0,-1.5,1,1,1
-2.539999999999992,-3.0,0.0,3.24,2.61,0.0399999999999999,0.12,-2.98,-0.2299999999999999,0.12,0.0,-1,-2,1
-10.160000000000023,2.0,-7.6200000000000045,-0.71,0.3500000000000001,-0.13,-0.03,0.0799999999999999,-0.22,0.4899999999999999,-0.2,0,-2,0
-2.539999999999992,-2.0,-2.539999999999992,0.29,1.0699999999999998,-0.29,-0.13,-6.85,-0.3699999999999999,-0.33,1.0,-6,0,0
-2.5400000000000205,-4.0,-7.6200000000000045,-0.69,1.12,-0.0999999999999999,-0.1199999999999999,-1.92,-0.41,-0.0899999999999999,0.2,1,1,0
5.079999999999984,3.0,0.0,-0.6599999999999997,2.5200000000000005,-0.1099999999999999,-0.04,-0.59,0.25,-0.48,0.0,-5,1,0
-5.0800000000000125,9.0,-5.0800000000000125,1.8499999999999996,1.1399999999999997,-0.19,0.09,-1.8,-0.13,0.61,-2.9,1,5,0
-10.159999999999997,1.0,0.0,0.2000000000000001,-0.2000000000000001,0.01,-0.0899999999999999,-2.01,-0.3,-0.3299999999999999,0.0,2,4,0
-5.079999999999984,3.0,-2.539999999999992,-0.4999999999999998,0.1099999999999998,0.0299999999999999,-0.02,2.39,0.1499999999999999,-0.13,-0.4,-3,-1,0
10.160000000000023,3.0,12.699999999999989,1.2400000000000002,-0.8700000000000001,0.0699999999999999,0.03,-0.3899999999999999,0.0999999999999999,0.2,0.0,2,3,1
-2.539999999999992,-9.0,2.539999999999992,0.9500000000000002,-0.77,0.16,0.0,0.8400000000000001,0.05,-0.1599999999999999,0.1999999999999999,-6,-5,1
-10.160000000000023,3.0,-15.240000000000007,0.48,-1.0299999999999998,0.03,0.0799999999999999,3.34,0.27,0.1399999999999999,0.7000000000000001,-5,1,0
5.0800000000000125,-1.0,7.6200000000000045,-1.09,-2.2699999999999996,0.04,0.06,0.08,0.19,0.0999999999999999,-0.1999999999999999,3,-2,0
17.78,-3.0,10.160000000000023,0.1600000000000001,-0.1899999999999999,-0.07,-0.01,-1.97,0.0,-0.5,0.0,-1,-1,0
0.0,-5.0,0.0,-0.6300000000000003,-1.89,0.2,-0.12,2.15,0.02,-0.08,0.0,1,-4,1
5.079999999999984,5.0,2.5400000000000205,-0.0500000000000002,0.5799999999999996,-0.06,0.07,-0.2,0.11,0.16,-0.1999999999999999,1,7,0
0.0,4.0,10.160000000000023,-2.72,-0.1699999999999999,-0.18,-0.0599999999999999,1.07,-0.02,-0.1399999999999999,0.9000000000000001,2,7,0
-10.160000000000023,0.0,-2.539999999999992,0.0100000000000002,0.0300000000000002,0.04,-0.0199999999999999,2.41,0.47,0.1599999999999999,-0.8999999999999999,-7,2,0
7.6200000000000045,1.0,10.159999999999997,-0.8499999999999996,-0.7199999999999998,-0.08,-0.13,-1.15,0.0399999999999999,-0.3899999999999999,0.3,3,3,0
5.079999999999984,5.0,5.079999999999984,-1.5699999999999998,-2.01,0.16,0.0599999999999999,2.15,0.24,0.07,0.1999999999999999,-8,-3,1
-5.0800000000000125,-2.0,2.539999999999992,1.5399999999999998,-0.0499999999999998,0.0799999999999999,-0.02,-0.14,-0.01,0.07,-1.2,5,3,1
-2.539999999999992,4.0,5.0800000000000125,0.8300000000000001,-0.1799999999999997,0.19,0.01,0.1899999999999999,0.04,-0.3299999999999999,0.2,14,2,1
20.319999999999993,-4.0,12.699999999999989,0.5700000000000003,0.8999999999999999,0.01,0.0,0.03,-0.0999999999999999,-0.12,-0.4,-2,1,0
10.159999999999997,-2.0,2.539999999999992,-0.1,-0.3199999999999998,-0.09,0.0099999999999999,0.2299999999999999,0.36,0.1799999999999999,0.3,-10,-9,0
-2.539999999999992,7.0,2.539999999999992,-0.6200000000000001,-1.7200000000000002,-0.0299999999999999,-0.04,-0.52,-0.12,-0.14,0.0,3,-2,0
7.6200000000000045,-1.0,7.619999999999976,-1.1799999999999995,-1.74,-0.0699999999999999,0.0,2.72,0.0,0.0,-0.1,-6,-3,0
-7.6200000000000045,6.0,-2.539999999999992,3.25,0.3900000000000005,0.1899999999999999,0.03,0.0,0.0,0.42,-0.1,-13,-3,0
17.78,7.0,-2.539999999999992,-2.97,-2.53,-0.0999999999999999,0.07,0.09,-0.37,-0.16,0.1,4,8,0
-12.700000000000015,5.0,-7.6200000000000045,-2.31,-1.15,-0.03,0.0999999999999999,0.7599999999999999,0.04,0.32,-0.0999999999999999,8,2,1
2.539999999999992,-4.0,0.0,0.1899999999999995,1.36,-0.1,0.03,-0.69,0.07,0.0099999999999998,0.3,-2,5,0
0.0,-2.0,7.6200000000000045,-0.06,-0.8599999999999999,-0.0299999999999999,0.04,-1.02,0.5900000000000001,-0.1100000000000001,-0.3,-3,-5,1
10.159999999999997,-3.0,5.079999999999984,1.79,1.34,0.0,-0.03,-1.4500000000000002,-0.0399999999999999,0.3,-0.0999999999999999,1,5,1
5.079999999999984,3.0,-10.159999999999997,2.01,1.02,0.2,0.1099999999999999,-0.8999999999999999,-0.45,-0.1999999999999999,-0.5,0,-2,0
-15.23999999999998,2.0,-7.6200000000000045,-0.5500000000000003,0.04,-0.0499999999999999,-0.01,0.73,0.12,0.04,-0.1,-4,7,0
-7.6200000000000045,4.0,-2.539999999999992,1.7,1.6000000000000003,0.15,0.0999999999999999,-0.64,0.5,0.72,0.5,5,2,1
5.079999999999984,5.0,5.0800000000000125,-3.5,-2.7899999999999996,0.1099999999999999,0.12,-2.04,0.33,-0.2099999999999999,0.7,10,11,1
10.159999999999997,-3.0,7.6200000000000045,-0.69,1.0300000000000002,0.0,-0.15,1.35,0.23,0.3,-1.2,15,17,1
5.0800000000000125,1.0,-5.0800000000000125,-1.5400000000000005,-1.5500000000000005,-0.0499999999999999,0.0999999999999999,1.46,0.39,0.2999999999999999,-2.6,4,3,1
15.240000000000007,-4.0,10.159999999999997,0.1600000000000001,-0.7600000000000002,-0.07,-0.1299999999999999,-0.3199999999999998,-0.52,-0.02,0.0,8,3,1
17.78,-2.0,15.240000000000007,1.6800000000000002,0.8600000000000003,-0.31,-0.14,-7.32,-0.33,0.48,1.2,6,2,1
5.079999999999984,7.0,5.079999999999984,-2.28,1.92,-0.15,-0.1499999999999999,7.08,0.42,-0.57,-1.0,-8,0,1
-2.5400000000000205,4.0,-7.6200000000000045,1.1,0.8999999999999999,-0.1099999999999999,-0.1399999999999999,-0.4500000000000002,0.34,0.3699999999999999,-1.6,-7,-2,0
0.0,6.0,0.0,-0.3999999999999994,-1.4900000000000002,0.0099999999999999,0.0499999999999999,-0.7799999999999999,0.02,-0.03,-0.3999999999999999,3,-2,0
2.5400000000000205,2.0,2.539999999999992,-0.1199999999999996,-0.56,-0.07,0.02,1.56,-0.02,-0.0399999999999999,0.1,25,14,1
-2.5400000000000205,8.0,-2.5400000000000205,1.66,2.140000000000001,-0.07,-0.01,-0.09,-0.01,0.03,0.7999999999999999,14,14,0
2.539999999999992,8.0,0.0,0.1299999999999999,0.9299999999999996,-0.12,-0.09,0.3400000000000001,0.06,0.17,-0.3,17,12,1
-5.079999999999984,-1.0,-2.539999999999992,-0.1299999999999999,-0.6800000000000006,0.14,0.0299999999999999,1.08,0.0199999999999999,0.05,-0.2,-4,-2,0
0.0,4.0,2.539999999999992,0.6600000000000001,-0.6500000000000004,0.0899999999999999,0.0099999999999998,0.92,-0.09,0.6,0.0,13,6,1
5.079999999999984,1.0,0.0,-1.88,-0.7300000000000004,-0.09,-0.0499999999999999,-1.23,-0.35,-0.55,-0.1,-7,2,0
15.23999999999998,10.0,0.0,-2.12,-1.2999999999999998,0.02,0.0899999999999999,0.27,0.0699999999999999,-0.31,0.4999999999999999,-3,2,0
-7.6200000000000045,3.0,0.0,-2.1500000000000004,-0.9900000000000002,-0.03,0.0,-0.33,0.02,0.04,0.0,-4,-1,0
-2.539999999999992,-1.0,2.539999999999992,0.7700000000000005,1.2999999999999998,0.08,-0.0899999999999999,-0.5900000000000001,-0.5,0.61,0.0,16,5,1
-7.619999999999976,9.0,-10.159999999999997,-0.0699999999999998,1.19,0.1299999999999999,-0.1499999999999999,0.24,-0.24,0.13,-0.6,-9,-4,0
0.0,-4.0,-10.159999999999997,-2.8499999999999996,0.9200000000000004,-0.14,-0.03,-0.61,0.3399999999999999,-0.4199999999999999,0.2,-4,-1,0
-2.539999999999992,8.0,-2.539999999999992,0.5600000000000005,1.1899999999999995,0.03,-0.0499999999999999,0.59,0.44,-0.0999999999999999,-1.5,5,7,1
-7.6200000000000045,1.0,-12.700000000000015,-0.7200000000000002,1.0299999999999998,0.01,0.03,-2.4799999999999995,0.23,0.1,-0.3999999999999999,-14,-1,0
15.240000000000007,-2.0,2.5400000000000205,1.34,1.41,-0.0499999999999999,-0.0599999999999999,0.0,0.0,-0.5,0.1,5,3,1
0.0,-13.0,0.0,1.1300000000000003,0.4000000000000003,-0.07,-0.01,-0.76,0.08,0.0399999999999999,0.0,13,2,1
-5.079999999999984,3.0,-7.6200000000000045,-0.3999999999999999,0.2299999999999999,0.0899999999999999,0.0499999999999999,-1.84,-0.09,-0.12,0.3999999999999999,15,12,0
-7.6200000000000045,8.0,-10.159999999999997,1.45,-0.56,-0.06,0.19,0.38,0.0499999999999999,0.25,-0.4,4,1,1
5.0800000000000125,14.0,2.539999999999992,-0.1800000000000001,-1.8499999999999996,-0.0399999999999999,0.1399999999999999,0.38,0.36,0.19,0.2,19,16,0
0.0,10.0,0.0,0.1400000000000001,0.6099999999999999,0.14,-0.02,-4.3,0.02,0.42,0.8,29,15,0
0.0,-1.0,7.6200000000000045,1.15,1.8800000000000003,0.0099999999999999,0.0199999999999999,-0.1900000000000004,0.07,0.1099999999999999,0.3999999999999999,-2,-2,1
2.539999999999992,8.0,0.0,0.6999999999999997,1.07,0.06,0.0,-2.1399999999999997,-0.19,-0.46,0.5,7,4,0
-10.159999999999997,-2.0,-10.159999999999997,0.7400000000000002,0.3099999999999996,0.11,0.07,-2.02,-0.3,0.29,-1.0,4,1,0
-2.539999999999992,9.0,-10.159999999999997,-1.0699999999999998,-2.05,-0.1099999999999999,0.1699999999999999,2.49,0.18,0.25,-0.6,-18,-11,0
-10.159999999999997,9.0,-5.079999999999984,-0.3599999999999999,-0.2400000000000002,-0.0299999999999999,-0.04,0.5599999999999999,-0.1,-0.05,0.1999999999999999,10,3,0
-10.159999999999997,8.0,-7.6200000000000045,-0.8999999999999999,-0.1800000000000001,-0.2,0.0999999999999999,0.81,-0.04,0.12,-2.1,4,12,0
-5.0800000000000125,2.0,7.6200000000000045,-0.3199999999999998,0.06,0.0399999999999999,-0.2099999999999999,1.6,0.24,-0.0499999999999999,0.8,1,5,0
2.539999999999992,-1.0,-5.079999999999984,0.6600000000000001,-0.6300000000000003,0.0,0.0599999999999999,0.01,-0.1399999999999999,0.46,-0.1999999999999999,0,-5,0
-2.539999999999992,-4.0,-7.6200000000000045,0.1800000000000001,-0.2000000000000001,0.05,-0.01,3.86,-0.06,0.77,0.6000000000000001,0,-2,1
-12.699999999999989,7.0,-5.079999999999984,0.4499999999999997,-1.97,0.04,0.08,-0.45,-0.38,0.7,0.1,7,7,1
-15.240000000000007,-1.0,-12.700000000000015,-0.7599999999999998,-0.75,-0.1099999999999999,0.0899999999999999,1.84,0.0699999999999999,0.1999999999999999,-0.9,9,2,0
2.5400000000000205,-2.0,5.0800000000000125,1.2999999999999998,-0.8300000000000001,-0.1,0.12,-0.07,0.12,0.35,0.1,11,2,1
2.539999999999992,1.0,2.539999999999992,1.1,1.84,0.0,0.03,0.39,0.09,0.01,-0.1,-16,-4,0
0.0,-2.0,-2.539999999999992,0.25,-1.82,0.0399999999999999,0.0199999999999999,0.8699999999999999,0.19,-0.0299999999999999,0.1999999999999999,-8,1,1
-12.699999999999989,5.0,-2.539999999999992,-1.2500000000000004,-0.2799999999999998,0.0399999999999999,-0.05,2.36,-0.01,-0.34,1.2,22,10,0
-7.6200000000000045,-2.0,-7.6200000000000045,3.4499999999999997,0.02,0.2299999999999999,0.0799999999999999,0.6299999999999999,0.0899999999999999,0.77,-0.0999999999999999,9,-1,1
5.079999999999984,-6.0,0.0,1.7500000000000002,0.0,0.15,0.0599999999999999,-2.46,-0.03,-0.17,-0.8,-10,-6,1
5.0800000000000125,15.0,2.5400000000000205,-2.96,-0.9999999999999996,-0.1099999999999999,0.0699999999999999,-1.52,-0.2799999999999999,-0.12,-0.0999999999999999,8,7,0
-7.6200000000000045,-1.0,-2.539999999999992,-2.25,-8.18,0.1,0.12,3.26,0.2399999999999999,-0.06,0.6,5,1,0
2.539999999999992,10.0,0.0,1.8100000000000005,-0.2800000000000002,0.0,-0.02,-0.29,-0.05,-0.0399999999999999,0.0,-1,2,0
10.159999999999997,3.0,2.539999999999992,2.24,-0.8599999999999999,0.06,0.13,2.17,0.4,0.04,-0.5,15,3,1
2.5400000000000205,0.0,0.0,2.1100000000000003,0.2000000000000001,-0.0099999999999999,0.0999999999999999,-2.43,0.03,0.53,0.0,10,0,1
-2.539999999999992,-4.0,0.0,1.62,0.04,-0.1099999999999999,0.0499999999999999,-2.65,-0.12,0.12,0.5999999999999999,3,-4,0
-7.6200000000000045,-1.0,-5.079999999999984,-1.1800000000000002,0.3799999999999999,-0.09,-0.2,0.91,-0.5,-0.29,1.1,-1,-3,1
-2.5400000000000205,4.0,2.539999999999992,0.6600000000000001,2.4299999999999997,0.0,0.07,-0.4399999999999999,-0.25,0.0799999999999999,0.9,0,-2,0
-7.619999999999976,14.0,-7.6200000000000045,0.2800000000000002,1.8299999999999996,-0.12,0.01,1.86,0.34,0.08,-0.8,1,1,0
-7.6200000000000045,7.0,2.5400000000000205,-1.04,0.3500000000000001,0.05,-0.06,-3.82,-0.25,0.1399999999999999,-0.1,3,2,1
2.539999999999992,4.0,5.079999999999984,-0.6499999999999999,0.1899999999999995,0.0399999999999999,-0.04,-2.5900000000000003,-0.29,0.63,0.7,0,3,0
2.5400000000000205,-5.0,2.539999999999992,-3.18,-1.8200000000000005,-0.0299999999999999,-0.0699999999999999,0.7099999999999997,0.0499999999999999,0.0,0.4,-1,2,1
0.0,-8.0,-5.0800000000000125,0.9000000000000004,-0.92,-0.13,0.02,-0.4299999999999999,-0.0399999999999999,-0.01,-0.7,1,-7,1
-10.159999999999997,10.0,2.539999999999992,-2.5600000000000005,-0.6700000000000004,-0.09,0.0899999999999999,-0.3299999999999996,-0.21,-0.28,0.9,8,7,0
0.0,-3.0,0.0,0.4000000000000003,2.5700000000000003,-0.2,0.0699999999999999,-5.79,-0.1599999999999999,-0.41,-0.3,5,3,0
0.0,6.0,-12.699999999999989,-0.0700000000000002,0.3599999999999999,0.02,0.1099999999999999,0.08,0.1399999999999999,-0.17,-0.4,5,2,0
2.539999999999992,-12.0,5.0800000000000125,-2.07,-0.6999999999999997,-0.15,0.01,-0.48,0.0499999999999999,0.0,0.5,0,-6,0
-12.699999999999989,-7.0,-5.079999999999984,-1.4200000000000004,0.3399999999999998,-0.01,-0.1599999999999999,-0.5800000000000001,-0.1699999999999999,0.0199999999999999,-0.1999999999999999,-5,-5,0
10.159999999999997,-5.0,2.539999999999992,0.3899999999999997,1.5600000000000005,0.1,-0.13,-0.01,0.0599999999999999,-0.16,0.7,9,5,1
20.319999999999993,-3.0,15.240000000000007,0.5800000000000001,0.4000000000000003,-0.12,-0.0199999999999999,-3.32,-0.0799999999999999,0.19,0.0,-1,3,0
7.6200000000000045,-3.0,5.0800000000000125,-0.4500000000000002,-0.27,-0.0499999999999999,0.0899999999999999,-0.4600000000000002,-0.0199999999999999,-0.04,-0.5,-6,3,0
2.5400000000000205,0.0,10.159999999999997,-2.5000000000000004,-4.42,0.1399999999999999,-0.0399999999999999,0.85,0.57,-0.0699999999999999,-0.3,2,2,1
0.0,6.0,-7.6200000000000045,2.6999999999999997,-0.5300000000000002,0.0,0.21,-2.66,0.0399999999999999,-0.0699999999999999,0.5,9,5,1
-5.079999999999984,1.0,-7.6200000000000045,-0.7699999999999996,-1.65,0.06,0.1,3.46,0.03,0.09,0.1999999999999999,3,-5,1
7.6200000000000045,0.0,5.0800000000000125,-0.4699999999999997,1.1799999999999995,-0.0499999999999999,0.01,-1.74,-0.31,-0.0899999999999999,0.5,3,1,0
-12.700000000000015,-12.0,-5.079999999999984,-3.84,0.9799999999999998,-0.01,-0.1299999999999999,2.17,-0.64,-0.1099999999999999,1.2,5,2,1
5.079999999999984,0.0,2.539999999999992,0.4100000000000001,-0.6699999999999999,-0.01,-0.03,1.83,0.27,0.1899999999999999,0.0,7,-4,1
2.539999999999992,12.0,10.159999999999997,-1.02,-0.3999999999999999,0.06,0.04,1.61,0.09,-0.02,1.2,8,1,0
-2.539999999999992,-1.0,2.539999999999992,-0.2399999999999997,0.8899999999999997,-0.0399999999999999,0.0,-0.74,-0.23,0.0,-0.5,10,0,1
2.5400000000000205,-4.0,-7.619999999999976,1.97,-0.3700000000000001,-0.0099999999999999,0.02,-1.18,0.1699999999999999,0.07,-0.0999999999999999,7,-6,1
0.0,1.0,-2.539999999999992,-0.9999999999999998,1.26,-0.07,-0.1099999999999999,-0.1899999999999999,-0.05,-0.2199999999999999,0.1999999999999999,2,6,0
10.159999999999997,6.0,0.0,-0.6699999999999999,0.02,-0.09,-0.0399999999999999,1.97,0.13,0.42,0.0,4,2,1
15.23999999999998,13.0,-2.539999999999992,-0.69,-2.28,-0.03,-0.08,0.28,0.09,-0.63,1.9,46,11,1
10.160000000000023,-2.0,0.0,-0.0099999999999997,-0.1699999999999999,0.02,-0.0299999999999999,1.09,0.07,0.0,0.6,-4,-1,1
-7.6200000000000045,4.0,-5.079999999999984,-1.3900000000000006,-1.0,0.01,-0.05,-0.42,-0.51,-0.0899999999999999,0.2,-4,1,1
-5.0800000000000125,-6.0,0.0,1.84,2.01,0.0299999999999999,-0.06,-0.4099999999999999,0.12,-0.1999999999999999,0.9,0,4,1
2.539999999999992,7.0,0.0,-2.96,-0.6999999999999997,-0.0399999999999999,-0.04,0.5700000000000001,-0.0299999999999999,-0.5,0.7000000000000001,4,1,0
2.5400000000000205,5.0,5.079999999999984,0.7000000000000002,1.56,-0.07,-0.18,-0.52,-0.0899999999999999,-0.16,-0.7,-7,-5,0
-20.32000000000002,0.0,-7.6200000000000045,1.95,0.08,0.2099999999999999,0.31,0.81,0.25,0.77,1.0,4,2,1
-5.0800000000000125,7.0,5.0800000000000125,0.2999999999999998,0.7399999999999998,0.03,0.0699999999999999,-2.7,0.07,0.0,-0.7000000000000001,6,3,0
-5.0800000000000125,2.0,-5.0800000000000125,-0.9300000000000002,-1.02,-0.0999999999999999,0.06,1.2,-0.21,0.04,-0.1,-6,-2,1
0.0,2.0,-7.6200000000000045,-2.67,-4.08,0.1399999999999999,0.0499999999999999,0.87,0.16,-0.38,0.0,-8,-10,1
5.0800000000000125,2.0,-2.5400000000000205,-2.0600000000000005,-0.6599999999999999,-0.0899999999999999,0.03,1.67,-0.01,-0.22,-0.1,0,-5,1
0.0,2.0,0.0,1.8700000000000008,-1.4299999999999995,0.03,0.0499999999999999,-2.95,-0.25,-0.1299999999999999,-0.1999999999999999,6,2,1
-10.159999999999997,6.0,-10.159999999999997,-2.12,-1.5799999999999996,-0.06,0.0699999999999999,0.79,0.0999999999999999,-0.32,1.2999999999999998,14,5,0
5.0800000000000125,4.0,10.159999999999997,1.08,-1.1699999999999997,0.09,0.04,-1.5900000000000003,-0.08,-0.08,0.1,-1,-3,1
-2.539999999999992,2.0,0.0,1.4900000000000002,-1.2399999999999998,-0.02,-0.04,0.9399999999999996,-0.1,0.04,-0.1,-3,-1,0
-5.0800000000000125,9.0,-2.539999999999992,-1.25,0.04,-0.0699999999999999,-0.13,1.0,0.49,-0.2299999999999999,0.0,9,5,1
7.6200000000000045,-9.0,2.539999999999992,0.1699999999999999,-1.13,-0.0399999999999999,0.0399999999999999,0.3999999999999994,0.09,0.5499999999999999,-0.1,4,-2,1
0.0,-5.0,2.539999999999992,0.4500000000000002,-0.6100000000000003,0.01,0.0,-0.94,-0.2099999999999999,0.05,0.7,-17,-4,1
5.079999999999984,0.0,-5.0800000000000125,-1.8999999999999997,-3.1399999999999997,-0.0899999999999999,0.0,1.2000000000000002,0.1099999999999999,-0.12,1.4,5,4,1
-2.539999999999992,3.0,7.6200000000000045,0.6699999999999999,0.1200000000000001,-0.12,0.09,-1.7600000000000002,0.08,-0.25,0.4,10,2,0
15.23999999999998,4.0,10.159999999999997,-0.6299999999999994,-1.1300000000000003,0.0299999999999999,0.0,-1.61,-0.31,0.08,-0.4,5,-4,1
-12.700000000000015,2.0,-10.159999999999997,-0.73,0.1900000000000004,0.07,-0.06,1.0299999999999998,0.01,0.3099999999999999,0.1999999999999999,8,2,1
-12.699999999999989,9.0,-5.0800000000000125,0.9800000000000002,0.7599999999999998,0.08,0.0499999999999999,-1.97,-0.0499999999999999,0.0599999999999999,0.0,10,8,0
-17.78,-1.0,-5.079999999999984,0.81,0.3199999999999998,0.03,0.1599999999999999,0.32,0.22,0.1799999999999999,0.0,7,-1,1
-2.539999999999992,-1.0,-5.079999999999984,-0.7399999999999998,0.4900000000000002,-0.14,-0.01,4.53,0.1899999999999999,0.0299999999999999,-0.5000000000000001,4,3,0
7.6200000000000045,-2.0,0.0,-0.3999999999999999,-0.92,-0.01,0.0199999999999999,0.55,0.13,0.0099999999999998,0.1,4,-4,0
-5.079999999999984,0.0,-5.079999999999984,0.6200000000000001,-0.1400000000000001,0.0499999999999999,0.11,0.9900000000000002,0.1099999999999999,0.0499999999999999,0.0999999999999999,9,1,1
5.079999999999984,2.0,2.539999999999992,-0.7400000000000002,1.4300000000000002,-0.0399999999999999,-0.0799999999999999,0.14,0.0,-0.57,0.0,-1,2,0
0.0,-7.0,0.0,1.06,1.63,0.01,-0.02,-0.72,-0.0499999999999999,-0.1099999999999999,0.0999999999999999,-17,-3,0
-15.240000000000007,5.0,-10.160000000000023,0.6500000000000001,1.38,0.18,0.1099999999999999,1.32,0.42,0.42,-0.4,-1,-1,0
5.079999999999984,3.0,2.5400000000000205,-0.3200000000000003,0.5499999999999998,0.15,-0.0599999999999999,2.78,0.38,0.01,1.0,-13,-5,0
-15.23999999999998,-4.0,-5.0800000000000125,2.49,0.25,0.01,-0.02,-2.0,-0.1099999999999999,-0.28,-0.3,5,-1,1
0.0,-1.0,0.0,0.04,-2.78,0.0799999999999999,0.04,4.69,0.3,0.0999999999999999,0.6000000000000001,15,-7,1
0.0,-5.0,-2.539999999999992,-2.5900000000000003,0.2599999999999998,-0.07,0.01,1.11,-0.15,-0.21,0.4,-3,1,1
0.0,-2.0,0.0,-0.71,-3.3,0.0799999999999999,0.0599999999999999,1.38,0.18,-0.19,0.5,-5,-2,1
7.619999999999976,-4.0,15.23999999999998,2.26,-2.1100000000000003,0.1699999999999999,0.06,4.08,0.41,0.15,0.8,10,-4,1
7.6200000000000045,2.0,5.0800000000000125,-3.34,0.4299999999999997,-0.1799999999999999,0.02,2.18,-0.0499999999999999,-0.1099999999999999,2.0,13,11,0
-2.539999999999992,-1.0,-2.539999999999992,2.08,0.3599999999999994,0.06,0.1099999999999999,-0.7200000000000001,-0.02,-0.01,-0.6000000000000001,2,-3,1
0.0,7.0,2.5400000000000205,2.85,0.5699999999999998,-0.12,0.0599999999999999,-0.5399999999999998,0.0,0.09,0.5,7,4,0
-7.6200000000000045,-1.0,-5.0800000000000125,0.4500000000000002,1.0700000000000005,0.0799999999999999,0.0399999999999999,-0.24,0.18,0.18,0.4,1,2,0
-17.78,-2.0,-10.159999999999997,-1.3199999999999998,-1.0,0.01,0.03,2.17,0.32,0.2099999999999999,0.1,3,2,1
-7.619999999999976,11.0,-7.6200000000000045,-1.5099999999999998,-0.3599999999999999,-0.0499999999999999,0.01,1.26,-0.32,-0.42,1.0,-13,-1,0
2.539999999999992,3.0,-2.5400000000000205,0.02,1.06,0.04,-0.04,-0.56,-0.32,0.0199999999999999,0.1,-12,-4,0
-7.6200000000000045,-7.0,-2.539999999999992,-0.1899999999999995,-0.7700000000000005,0.13,0.12,-0.08,0.03,0.02,0.0,-1,-7,1
-2.539999999999992,-5.0,5.0800000000000125,0.6099999999999999,-0.56,0.13,-0.0399999999999999,-0.28,0.02,-0.07,-0.0999999999999999,5,-4,1
5.0800000000000125,-2.0,2.539999999999992,-1.7100000000000002,1.4000000000000004,-0.21,-0.06,-2.5,-0.5,-0.33,-1.5,12,4,0
-7.6200000000000045,4.0,2.539999999999992,0.8000000000000003,0.1800000000000001,0.03,0.13,-0.63,-0.07,0.57,0.2,11,6,1
0.0,3.0,10.159999999999997,-0.25,0.79,0.01,-0.11,0.74,0.33,-0.15,2.2,-1,0,1
2.539999999999992,5.0,0.0,-1.2200000000000002,0.6099999999999999,-0.07,-0.1399999999999999,0.74,-0.09,-0.49,1.6,-2,6,1
-12.699999999999989,-5.0,-2.539999999999992,1.2599999999999998,1.34,0.02,-0.0999999999999999,-0.79,0.09,-0.0699999999999999,0.3999999999999999,0,-4,0
0.0,6.0,2.539999999999992,1.02,0.77,-0.1699999999999999,0.19,-3.16,-0.66,-0.72,-3.2,2,4,0
0.0,4.0,5.0800000000000125,3.12,-0.7799999999999998,-0.04,0.14,-0.45,0.02,0.52,0.3,7,-6,1
-2.539999999999992,9.0,-5.0800000000000125,-0.3000000000000002,-3.72,0.02,0.16,1.12,0.0399999999999999,0.08,-0.8999999999999999,7,8,0
5.079999999999984,-6.0,5.0800000000000125,4.859999999999999,-0.7899999999999996,0.1699999999999999,0.13,-0.9,-0.11,0.04,0.0999999999999999,5,-7,1
17.78,-9.0,20.319999999999993,-0.6599999999999997,0.8399999999999999,0.0199999999999999,-0.1099999999999999,0.18,0.1,-0.2099999999999999,1.5,-1,-10,0
0.0,9.0,-5.0800000000000125,-0.4700000000000002,-2.29,0.2,-0.04,1.26,0.21,-0.5,0.2,-4,1,0
15.23999999999998,5.0,7.6200000000000045,0.1099999999999998,0.04,-0.01,-0.04,0.3,0.12,0.38,-0.7000000000000001,-5,4,0
0.0,3.0,2.5400000000000205,-0.8500000000000001,-2.2500000000000004,0.07,0.0099999999999998,0.7,0.03,0.2,0.8,8,-1,0
2.539999999999992,2.0,-7.619999999999976,-2.12,-2.6500000000000004,-0.0299999999999999,0.0499999999999999,0.1999999999999999,0.1,0.0,-0.5,2,3,1
12.699999999999989,-6.0,12.700000000000015,-0.3700000000000001,-0.77,0.0099999999999999,0.01,1.86,0.06,-0.15,0.7,-17,-1,1
5.0800000000000125,11.0,2.539999999999992,0.1100000000000003,0.1099999999999998,0.09,0.02,0.8300000000000001,0.06,0.13,1.1,10,7,0
10.159999999999997,5.0,5.0800000000000125,-1.86,-0.02,-0.1299999999999999,-0.0799999999999999,0.2299999999999999,-0.14,0.04,0.8,0,3,0
7.6200000000000045,-1.0,-2.539999999999992,-0.3999999999999999,-2.15,0.0099999999999999,0.1,3.25,0.42,0.36,1.2,2,-4,1
-2.539999999999992,2.0,-7.6200000000000045,0.8700000000000001,1.5600000000000005,-0.04,0.03,-0.2499999999999999,-0.01,-0.19,-0.3,-9,-15,0
5.079999999999984,-2.0,0.0,1.9299999999999995,1.7700000000000005,0.02,-0.0699999999999999,1.79,0.4,0.1099999999999999,0.3,12,6,1
17.78,-1.0,12.699999999999989,0.98,0.3899999999999997,0.0199999999999999,-0.09,-1.0099999999999998,0.01,-0.3299999999999999,0.2,10,8,0
-12.699999999999989,-6.0,-2.539999999999992,0.4000000000000003,1.35,-0.02,-0.0499999999999999,-0.6399999999999999,-0.0099999999999999,0.0999999999999999,-0.0999999999999999,-6,-2,0
10.160000000000023,0.0,0.0,0.3899999999999997,-0.7399999999999998,-0.0499999999999999,0.0299999999999999,-0.25,0.0,0.31,-0.1999999999999999,10,-6,0
-5.0800000000000125,-3.0,0.0,-0.9400000000000004,-1.6,0.05,-0.12,3.76,0.02,0.0,-0.3,4,-2,0
7.6200000000000045,-7.0,10.159999999999997,-1.0200000000000005,-0.0500000000000007,-0.1699999999999999,-0.0999999999999999,-0.03,-0.1,-0.33,0.5,-5,-7,0
10.160000000000023,-2.0,5.0800000000000125,-2.44,-0.1899999999999999,0.0,-0.0899999999999999,-0.31,-0.0399999999999999,0.08,1.0,5,6,0
2.539999999999992,2.0,-2.539999999999992,-2.3300000000000005,0.33,-0.11,-0.02,-0.11,-0.06,0.24,0.1,16,11,1
-7.6200000000000045,2.0,-2.5400000000000205,-0.1599999999999999,0.09,-0.03,-0.03,0.75,-0.13,-0.28,1.1,13,3,1
7.6200000000000045,1.0,0.0,-1.5500000000000005,-1.2600000000000002,-0.04,0.04,0.5700000000000003,0.07,-0.3599999999999999,-0.8,-12,-2,0
2.539999999999992,3.0,-2.5400000000000205,0.8900000000000001,1.2799999999999998,-0.26,0.1,-2.15,-0.19,0.7,-2.9,-7,2,0
-5.0800000000000125,4.0,7.619999999999976,0.0499999999999998,-1.1899999999999995,0.09,0.06,0.8299999999999998,-0.1699999999999999,0.0,0.5,21,9,1
2.539999999999992,1.0,0.0,-1.17,-0.8700000000000001,0.02,-0.15,-0.8999999999999999,-0.07,-0.26,-0.1,2,4,1
15.23999999999998,-8.0,15.240000000000007,1.0,0.6400000000000001,-0.06,0.0,-0.72,-0.0899999999999999,-0.03,0.1999999999999999,-15,-4,1
-15.23999999999998,4.0,-12.700000000000015,-0.1299999999999999,0.4699999999999997,-0.05,0.01,0.2799999999999999,-0.4,0.06,0.3,6,10,0
-5.079999999999984,0.0,0.0,0.08,1.3200000000000005,0.05,-0.0499999999999999,0.6799999999999999,-0.1599999999999999,0.07,0.6,5,1,0
-2.539999999999992,-9.0,5.079999999999984,-0.1,-3.68,0.18,0.0799999999999999,0.5800000000000001,-0.46,-0.42,0.3,-1,-3,1
-15.240000000000007,-4.0,0.0,0.7299999999999995,-0.02,0.1999999999999999,0.0099999999999998,1.24,0.18,-0.01,-0.7,2,1,0
-7.6200000000000045,1.0,-7.6200000000000045,1.82,-0.92,0.24,0.0299999999999999,0.46,0.44,0.87,-0.6,8,1,1
-5.0800000000000125,6.0,0.0,-2.26,-1.0399999999999998,0.04,-0.1699999999999999,2.66,-0.0899999999999999,-0.01,0.2999999999999999,-3,-2,1
0.0,6.0,-2.539999999999992,-1.4000000000000004,-0.25,-0.0299999999999999,-0.01,0.12,-0.06,-0.33,0.1,-8,-1,0
0.0,10.0,-2.539999999999992,-2.3299999999999996,-1.04,0.02,-0.0699999999999999,2.19,0.1399999999999999,0.2199999999999999,0.0,5,7,0
0.0,-3.0,-5.0800000000000125,0.2299999999999999,0.3800000000000003,0.14,0.03,-1.2000000000000002,0.0,-0.62,1.5,-4,-2,1
-10.160000000000023,7.0,-7.6200000000000045,-0.6599999999999997,0.3699999999999996,0.0,0.0699999999999999,0.8700000000000001,0.01,0.13,-1.0,-3,-1,1
-20.319999999999993,17.0,-15.23999999999998,-0.7199999999999998,1.0699999999999998,-0.07,-0.0799999999999999,-5.21,0.02,0.33,0.2,-5,10,0
2.539999999999992,-7.0,5.0800000000000125,0.6099999999999999,-0.7700000000000005,0.0999999999999999,0.08,-4.41,-0.62,-0.43,-0.9,6,3,1
5.079999999999984,-7.0,-2.539999999999992,-1.16,-1.2799999999999998,0.03,0.03,0.3400000000000001,-0.0099999999999999,0.02,0.6,0,-1,1
2.539999999999992,-5.0,5.0800000000000125,-1.1300000000000003,-0.5699999999999998,0.1099999999999999,0.09,-1.76,-0.1099999999999999,0.1699999999999999,0.8,1,2,1
-5.0800000000000125,4.0,-2.539999999999992,0.8200000000000003,0.7600000000000007,-0.0299999999999999,-0.04,-0.59,-0.26,0.2,0.7,1,1,0
0.0,-2.0,-2.539999999999992,-1.19,2.5500000000000003,0.02,-0.17,4.42,0.1099999999999999,-0.77,-0.1,-13,-1,0
0.0,4.0,-12.700000000000015,3.94,0.8599999999999999,0.1,0.1099999999999999,-3.95,-0.15,0.0399999999999999,0.2,15,3,1
5.0800000000000125,3.0,0.0,-2.09,-0.6699999999999999,-0.01,0.05,1.57,0.0199999999999999,0.24,-0.4,7,0,1
5.079999999999984,-3.0,2.539999999999992,0.3200000000000003,0.5899999999999999,0.0,0.0799999999999999,-0.6200000000000001,-0.15,0.17,-0.1,2,6,1
0.0,-1.0,-2.539999999999992,-0.3400000000000003,0.6299999999999999,-0.01,-0.1099999999999999,-2.2,-0.3099999999999999,-0.12,-0.6,1,2,0
2.539999999999992,4.0,0.0,-0.8699999999999997,-1.3200000000000005,0.0999999999999999,0.0199999999999999,-0.08,0.5,0.86,0.0,7,3,1
-2.539999999999992,9.0,0.0,-0.8200000000000003,-2.5999999999999996,0.06,0.1099999999999999,-0.5800000000000001,0.39,-0.04,0.3,8,0,1
2.539999999999992,1.0,-5.0800000000000125,-0.48,-4.92,0.08,0.19,2.41,0.3,0.0599999999999999,0.4,11,-2,1
-15.23999999999998,8.0,-10.160000000000023,-1.3200000000000005,0.0,0.0099999999999999,-0.12,2.32,-0.14,-0.28,0.6,3,-4,1
5.0800000000000125,8.0,0.0,-0.8399999999999994,-1.2199999999999998,-0.1299999999999999,-0.01,0.6400000000000001,-0.26,-0.18,-0.5,6,1,1
-5.0800000000000125,7.0,-2.539999999999992,-0.6499999999999995,-1.4900000000000002,-0.1099999999999999,0.0799999999999999,0.0799999999999999,0.07,0.0,-0.7,6,-4,1
0.0,5.0,-5.079999999999984,0.5100000000000002,-1.9,0.0,0.07,0.39,0.07,0.17,-0.5,-15,-8,1
-7.6200000000000045,1.0,-5.0800000000000125,-2.6799999999999997,0.08,-0.07,-0.01,0.04,-0.0399999999999999,0.0999999999999999,0.2,-19,-9,1
10.159999999999997,3.0,5.0800000000000125,-1.5399999999999998,-0.3099999999999996,-0.0799999999999999,-0.19,2.2299999999999995,-0.22,0.0899999999999999,0.0999999999999999,1,-3,1
-12.700000000000015,11.0,-2.539999999999992,-1.4200000000000002,0.48,0.14,-0.2,3.0900000000000003,0.6699999999999999,0.12,-1.9,-7,-2,0
15.240000000000007,6.0,7.6200000000000045,-0.6399999999999997,-2.58,0.04,-0.18,0.59,0.41,-0.0999999999999999,-1.1,17,3,1
-2.539999999999992,7.0,-2.539999999999992,1.5,1.74,0.18,-0.0899999999999999,1.12,-0.06,0.35,-1.0,13,1,1
-12.700000000000015,4.0,0.0,-0.98,-0.2199999999999997,0.0,0.1099999999999999,-0.5700000000000003,0.06,-0.28,0.7000000000000001,3,1,1
-20.32000000000002,4.0,-12.700000000000015,0.5699999999999998,-1.0400000000000005,0.09,0.0799999999999999,1.73,-0.0699999999999999,0.13,0.8,-6,-2,0
2.539999999999992,-1.0,7.6200000000000045,-2.18,0.02,-0.17,0.02,-5.41,-0.13,-0.8,0.3999999999999999,0,6,0
-7.619999999999976,1.0,-5.0800000000000125,-2.22,-3.21,-0.06,0.0,-0.4000000000000001,-0.13,-0.1699999999999999,0.1,5,3,1
0.0,-2.0,0.0,-3.81,-0.9200000000000004,-0.1,-0.15,-0.1799999999999999,0.0499999999999999,0.07,0.7,-15,-9,0
-7.619999999999976,-3.0,2.539999999999992,0.1100000000000003,-1.43,0.0299999999999999,0.0999999999999999,3.61,0.45,0.5700000000000001,-1.1,0,-2,1
-2.539999999999992,-2.0,7.6200000000000045,2.04,2.0000000000000004,-0.0299999999999999,-0.0899999999999999,-1.52,-0.29,-0.16,0.0999999999999999,6,-3,1
-5.079999999999984,-4.0,-2.539999999999992,1.0300000000000002,0.9900000000000002,-0.01,0.0299999999999999,-0.5999999999999999,-0.0299999999999999,-0.1799999999999999,0.2,2,7,1
-20.319999999999993,1.0,-5.0800000000000125,-0.8600000000000003,-0.8200000000000003,0.12,0.0099999999999998,0.87,0.33,0.0,0.0,-2,-3,0
7.6200000000000045,6.0,5.0800000000000125,-0.0499999999999998,-2.01,0.06,0.0399999999999999,2.55,-0.0599999999999999,-0.41,-0.4999999999999999,1,-2,1
7.6200000000000045,-9.0,0.0,1.93,3.1799999999999997,0.0299999999999999,-0.0899999999999999,-0.6700000000000002,0.0,0.26,0.0,-2,0,1
5.079999999999984,1.0,2.539999999999992,-0.8100000000000005,2.98,-0.03,0.04,-0.9200000000000002,-0.15,-0.07,-0.0999999999999999,-1,2,0
-7.6200000000000045,4.0,0.0,2.49,1.6599999999999997,0.12,0.13,1.1,-0.2799999999999999,-0.0299999999999999,-0.3,3,1,1
-7.6200000000000045,11.0,-7.6200000000000045,-0.3399999999999998,-1.0,0.05,-0.01,1.2600000000000002,0.1099999999999999,0.0,0.3,3,-4,1
-7.6200000000000045,3.0,0.0,-2.28,0.3199999999999994,-0.13,-0.02,-0.01,-0.15,0.0,-0.3,8,4,1
2.539999999999992,-6.0,5.0800000000000125,1.61,2.4,-0.08,-0.0399999999999999,-1.7700000000000002,-0.0099999999999999,0.0,0.0,-2,7,1
-2.539999999999992,-4.0,-2.539999999999992,-0.6900000000000004,1.2799999999999998,-0.02,0.0499999999999999,-0.72,-0.2099999999999999,0.29,-0.3,2,-3,0
-5.079999999999984,4.0,-7.6200000000000045,-2.05,0.4900000000000002,-0.0399999999999999,0.0,0.3999999999999999,-0.27,0.05,-0.1,-6,-5,1
-2.539999999999992,-3.0,5.079999999999984,1.6100000000000003,2.92,0.0,-0.08,1.9099999999999997,0.12,0.16,-0.2,-1,2,0
-5.0800000000000125,2.0,0.0,-1.3800000000000003,-1.73,-0.0499999999999999,0.06,0.8099999999999996,-0.12,-0.15,-0.9,-8,3,1
2.539999999999992,-2.0,0.0,-0.6200000000000001,0.4199999999999999,0.09,-0.1100000000000001,0.5700000000000001,-0.0399999999999999,-0.37,-0.1,0,1,0
0.0,5.0,7.6200000000000045,0.4500000000000002,1.48,0.0,-0.1,-3.56,-0.1699999999999999,-0.05,0.0,5,4,0
-2.539999999999992,-8.0,0.0,0.51,-1.2399999999999998,0.29,-0.02,-0.91,0.0699999999999999,-0.02,0.1999999999999999,-8,-13,1
2.539999999999992,5.0,-2.5400000000000205,-1.5700000000000005,-1.8600000000000003,-0.13,0.0399999999999999,0.8699999999999999,0.18,0.15,0.4,14,15,1
2.539999999999992,-6.0,-2.539999999999992,-0.3799999999999999,-0.8899999999999997,0.01,-0.1599999999999999,-0.3899999999999999,-0.0899999999999999,-0.2799999999999999,0.7,-3,-4,0
5.079999999999984,1.0,2.539999999999992,1.8400000000000003,0.2100000000000004,0.13,0.16,2.57,0.12,0.42,-0.9,11,-1,1
-5.079999999999984,2.0,0.0,-0.8299999999999996,-0.56,-0.01,-0.0499999999999999,2.23,-0.06,-0.25,1.1,5,-8,1
5.079999999999984,2.0,5.0800000000000125,1.0300000000000002,1.0400000000000005,0.07,0.01,0.0399999999999999,-0.1,-0.12,0.4,15,3,1
0.0,-6.0,-5.0800000000000125,-2.29,-1.9499999999999995,0.0499999999999999,0.0,2.59,0.4,-0.04,0.9,3,-3,0
0.0,1.0,-12.699999999999989,-2.12,-2.29,0.0199999999999999,-0.0199999999999999,1.4600000000000002,-0.28,-0.48,0.3,-9,-3,0
12.699999999999989,-8.0,7.6200000000000045,-0.0899999999999998,0.4900000000000002,-0.07,0.04,-0.3999999999999999,0.0199999999999999,0.04,0.4,9,2,1
-17.78,3.0,-12.699999999999989,-1.2999999999999998,-1.2200000000000002,-0.17,0.1099999999999999,-0.51,-0.0499999999999999,0.0399999999999999,0.2,-4,-2,0
0.0,-4.0,-5.0800000000000125,-2.16,-0.8700000000000001,-0.08,0.15,0.79,-0.03,-0.31,-0.7000000000000001,-10,-9,1
-2.539999999999992,-4.0,0.0,4.07,-0.54,0.12,0.0799999999999999,-0.24,0.25,0.1599999999999999,0.3,6,-4,1
-12.699999999999989,-3.0,-2.539999999999992,-0.08,-2.59,0.0299999999999999,0.08,4.84,-0.02,0.0899999999999999,0.7000000000000001,5,-11,1
5.0800000000000125,3.0,5.079999999999984,2.54,2.1199999999999997,0.0799999999999999,-0.01,-2.5,-0.0899999999999999,0.14,0.4,6,5,1
2.539999999999992,0.0,7.6200000000000045,2.25,1.4300000000000002,-0.02,0.0899999999999999,-1.4200000000000002,0.09,0.3,0.5,-11,-1,0
-12.699999999999989,3.0,-2.539999999999992,0.1899999999999999,0.25,-0.07,0.03,-1.58,0.06,-0.16,0.7,3,2,0
7.619999999999976,1.0,-5.079999999999984,-1.0,-1.9399999999999995,-0.01,0.15,1.61,0.42,-0.18,-0.1,-5,-4,1
5.0800000000000125,1.0,7.6200000000000045,1.0099999999999998,0.9700000000000002,-0.06,-0.13,0.2099999999999999,-0.1,-0.6100000000000001,0.9,-2,5,0
2.539999999999992,8.0,2.5400000000000205,0.2600000000000002,-2.34,0.09,0.08,3.19,0.3399999999999999,0.1899999999999999,0.8,10,8,1
10.159999999999997,3.0,7.6200000000000045,0.3700000000000001,1.46,0.0,-0.01,-1.2999999999999998,0.29,0.0999999999999999,-0.6,-2,0,0
2.539999999999992,2.0,5.0800000000000125,-0.91,-1.7400000000000002,0.1099999999999999,-0.04,0.93,-0.0399999999999999,0.0,0.8,1,4,0
5.079999999999984,5.0,5.079999999999984,0.5800000000000001,-0.4900000000000002,-0.06,0.0899999999999999,-0.33,-0.1,-0.18,-0.2,16,-1,1
-2.5400000000000205,7.0,-2.539999999999992,-0.1299999999999999,1.3699999999999997,-0.02,-0.0599999999999999,-2.0400000000000005,-0.06,-0.16,-0.7999999999999999,18,0,1
-2.539999999999992,-1.0,-7.6200000000000045,1.2699999999999996,1.2199999999999998,0.02,0.0599999999999999,-0.6500000000000001,-0.08,-0.05,-0.3,-12,-4,0
-5.0800000000000125,0.0,5.0800000000000125,1.8100000000000005,1.7000000000000002,-0.01,0.03,-1.75,-0.45,-0.14,2.5,-3,-4,1
-2.539999999999992,-4.0,-2.539999999999992,1.1500000000000004,-0.04,-0.03,0.1099999999999999,-1.32,-0.4599999999999999,0.28,0.0,8,1,1
0.0,6.0,0.0,0.48,-1.11,0.12,0.16,1.7,0.67,0.16,-0.2,-3,-1,1
-5.0800000000000125,-2.0,0.0,2.8699999999999997,1.8400000000000003,0.08,0.09,-2.18,-0.45,0.4599999999999999,-0.4,3,1,1
-10.159999999999997,-2.0,2.539999999999992,0.8699999999999997,0.7399999999999998,-0.0899999999999999,0.0599999999999999,0.52,0.06,0.4599999999999999,0.0,7,3,1
-2.5400000000000205,-5.0,0.0,0.8500000000000001,-1.63,-0.0399999999999999,0.1999999999999999,0.7100000000000001,0.2299999999999999,0.0999999999999999,-1.2,12,3,1
2.5400000000000205,7.0,0.0,0.6299999999999999,-2.7,0.12,0.0999999999999999,-0.0799999999999998,0.25,0.04,-0.7999999999999999,13,10,0
0.0,-4.0,5.0800000000000125,-1.97,-1.2399999999999998,-0.0799999999999999,-0.1099999999999999,1.07,-0.19,-0.08,0.7,-3,-7,0
-10.159999999999997,1.0,-2.5400000000000205,-1.3600000000000003,2.12,-0.12,-0.0399999999999999,-1.1,0.1699999999999999,0.01,-0.5,0,6,1
-2.5400000000000205,4.0,-2.5400000000000205,2.2700000000000005,-0.5499999999999998,0.0299999999999999,0.16,1.5299999999999998,0.06,0.2,-0.4999999999999999,1,2,1
5.0800000000000125,1.0,0.0,0.81,0.4499999999999997,0.0,-0.02,0.98,0.01,0.02,-0.9,4,3,1
-2.539999999999992,3.0,-2.5400000000000205,-0.5799999999999996,-1.2199999999999998,-0.1,0.0,0.91,0.35,-0.03,-0.0999999999999999,-3,2,0
5.0800000000000125,-1.0,0.0,1.85,1.9400000000000004,-0.05,-0.0699999999999999,-1.62,-0.07,-0.31,0.3999999999999999,8,4,1
-7.6200000000000045,3.0,-7.6200000000000045,3.84,0.0600000000000005,0.08,0.01,-0.54,-0.23,0.14,0.0,0,-3,0
15.240000000000007,-5.0,-2.539999999999992,-2.38,0.79,-0.09,-0.1499999999999999,-0.8899999999999997,-0.1099999999999999,-0.1599999999999999,-1.0,-18,-6,0
-5.0800000000000125,10.0,0.0,-0.56,1.13,0.06,-0.0499999999999999,-4.6899999999999995,-0.0499999999999999,-0.19,-0.1999999999999999,-4,3,1
-10.159999999999997,-9.0,-7.6200000000000045,0.73,0.3900000000000001,-0.1,0.12,-0.8999999999999999,-0.4,0.0999999999999999,-0.5,-12,-1,1
-5.0800000000000125,0.0,5.0800000000000125,3.5399999999999996,1.52,0.1999999999999999,-0.04,-1.74,0.0999999999999999,-0.1799999999999999,-0.6,5,1,0
7.6200000000000045,5.0,7.6200000000000045,-1.91,1.6999999999999995,-0.22,-0.1299999999999999,1.88,-0.13,-0.71,0.2,-7,-3,0
-2.5400000000000205,-5.0,10.159999999999997,3.6,1.0099999999999998,0.0099999999999999,-0.01,-0.2199999999999999,-0.01,-0.07,0.1999999999999999,-6,-1,1
-7.6200000000000045,6.0,0.0,1.34,0.2799999999999998,0.23,0.1599999999999999,0.6599999999999999,-0.0699999999999999,0.02,0.5,30,16,0
-12.699999999999989,7.0,-5.079999999999984,-0.1099999999999998,0.3799999999999999,0.09,-0.05,1.14,-0.08,0.0799999999999999,-0.2,-2,-1,1
-2.5400000000000205,5.0,-5.0800000000000125,-3.0299999999999994,-3.1100000000000003,-0.19,0.02,2.79,0.1099999999999999,0.17,0.5,4,2,1
-5.079999999999984,-4.0,-5.0800000000000125,1.1800000000000002,-0.6000000000000005,0.0199999999999999,0.12,-0.7599999999999999,-0.18,-0.0899999999999999,-0.6,-5,-6,1
10.159999999999997,-5.0,-2.539999999999992,-0.1600000000000001,-0.25,0.09,0.03,2.03,0.12,-0.0899999999999999,2.5,17,3,0
2.539999999999992,0.0,2.539999999999992,-1.37,-3.12,0.14,-0.0099999999999999,2.02,-0.12,-0.0999999999999999,-0.0999999999999999,7,4,0
7.619999999999976,-2.0,0.0,0.3600000000000003,0.1299999999999999,-0.12,0.03,-0.8400000000000001,0.03,0.0899999999999999,0.0,-6,0,1
-5.0800000000000125,3.0,-7.6200000000000045,-0.4500000000000002,1.1900000000000004,-0.02,-0.07,0.6900000000000001,-0.0299999999999999,0.36,0.3,4,0,1
-2.539999999999992,-8.0,5.0800000000000125,2.0199999999999996,-1.7199999999999998,0.1599999999999999,0.09,1.13,0.13,0.0,1.4,-8,-4,1
-2.539999999999992,-3.0,5.079999999999984,1.6100000000000003,2.92,0.0,-0.08,1.9099999999999997,0.12,0.16,-0.2,-1,2,0
-12.700000000000015,-1.0,-10.159999999999997,-1.94,0.0699999999999998,-0.0399999999999999,0.01,1.0499999999999998,-0.08,-0.3,-0.4,3,4,0
5.0800000000000125,2.0,-5.0800000000000125,0.4199999999999999,-0.3800000000000003,0.0799999999999999,0.0099999999999998,-0.8900000000000001,0.33,-0.64,-1.2,-2,-2,1
-10.159999999999997,-6.0,-5.0800000000000125,2.2499999999999996,-1.2700000000000005,0.1099999999999999,0.13,0.8999999999999999,0.31,0.3899999999999999,0.3,-20,-18,1
2.539999999999992,-8.0,7.6200000000000045,3.61,-2.5500000000000003,0.29,0.12,-0.15,0.1999999999999999,0.18,0.3,1,-8,1
-5.0800000000000125,4.0,-2.539999999999992,-0.0099999999999997,-0.5800000000000001,-0.09,0.1099999999999999,-1.03,-0.25,-0.69,1.2,-6,-2,0
-10.160000000000023,1.0,0.0,0.5299999999999998,2.3499999999999996,0.0,0.02,-0.8599999999999999,-0.18,0.41,-0.6000000000000001,-24,-11,0
-15.240000000000007,5.0,-2.5400000000000205,0.5,1.5300000000000002,-0.08,0.14,-4.07,-0.28,0.12,0.8999999999999999,1,5,0
2.539999999999992,9.0,0.0,2.3,-0.2099999999999999,0.2199999999999999,0.2,5.79,0.69,-0.64,-0.8,-4,0,0
-5.079999999999984,-7.0,-5.0800000000000125,-3.390000000000001,-0.4300000000000006,-0.0499999999999999,-0.0899999999999999,2.1999999999999997,-0.64,0.42,0.0,3,4,0
2.5400000000000205,2.0,2.539999999999992,-1.34,-2.17,-0.2299999999999999,0.19,-2.03,-0.83,-0.66,-0.8,-1,-3,0
-7.6200000000000045,-1.0,0.0,1.1000000000000003,-0.8900000000000006,-0.0299999999999999,0.14,-0.84,-0.5,-0.14,0.0,0,0,0
0.0,-4.0,0.0,0.1099999999999998,0.1400000000000001,0.15,0.02,0.6299999999999999,-0.23,-0.2699999999999999,0.5,9,3,1
10.159999999999997,13.0,10.159999999999997,0.7800000000000002,-0.52,-0.0299999999999999,0.07,0.09,0.13,0.04,0.1999999999999999,12,0,0
-2.539999999999992,-1.0,2.539999999999992,1.83,1.11,0.06,-0.01,0.28,0.12,0.03,-0.4,2,1,1
-5.079999999999984,3.0,-2.5400000000000205,0.5700000000000003,0.3399999999999998,-0.07,-0.03,-0.56,-0.68,-0.64,-0.7,-1,-13,1
-5.079999999999984,3.0,5.0800000000000125,1.5499999999999998,-0.0899999999999998,0.2,0.03,-2.45,-0.12,0.0699999999999999,-0.1,4,-1,0
2.539999999999992,0.0,12.699999999999989,1.8899999999999997,-0.6400000000000001,0.06,0.01,5.22,0.56,0.24,0.8,7,-3,1
-7.6200000000000045,0.0,0.0,0.9400000000000004,2.4299999999999997,0.09,-0.01,-2.03,0.1699999999999999,-0.39,-1.6,12,4,1
5.079999999999984,-2.0,-2.539999999999992,-1.6599999999999997,1.19,-0.01,-0.0799999999999999,1.14,-0.09,-0.0899999999999999,0.6,-13,2,0
-12.699999999999989,-10.0,2.539999999999992,3.79,2.08,0.3299999999999999,-0.1699999999999999,0.66,0.4,0.72,0.2,16,5,1
5.0800000000000125,-8.0,2.539999999999992,3.63,3.63,0.01,-0.03,-0.92,0.27,0.29,-0.1,-4,4,0
-5.0800000000000125,-8.0,5.0800000000000125,0.5000000000000004,1.4300000000000002,-0.09,-0.01,-3.72,-0.22,0.3,0.0,6,0,0
0.0,2.0,2.539999999999992,-1.43,-1.4499999999999995,0.0499999999999999,0.04,2.98,0.2199999999999999,0.0899999999999999,0.4,11,2,0
5.0800000000000125,10.0,-7.6200000000000045,0.0,0.7300000000000004,-0.0899999999999999,0.0,4.41,0.62,0.6699999999999999,0.5,6,1,1
-2.539999999999992,8.0,2.539999999999992,-0.0100000000000002,-0.71,0.04,0.0,0.32,-0.02,-0.48,1.1,-1,1,1
0.0,-1.0,2.539999999999992,0.7500000000000004,2.1500000000000004,-0.09,-0.01,-0.95,-0.0199999999999999,0.06,0.1,-4,-1,0
7.6200000000000045,5.0,7.6200000000000045,0.5499999999999998,0.0099999999999997,0.06,0.03,-0.8200000000000001,0.07,-0.28,0.0,10,12,0
-7.6200000000000045,-6.0,-2.539999999999992,1.1199999999999997,0.25,0.1099999999999999,0.03,0.92,0.15,0.0699999999999999,0.0999999999999999,4,1,1
12.699999999999989,-11.0,2.539999999999992,0.5700000000000003,-2.2499999999999996,0.0399999999999999,-0.0799999999999999,-0.5900000000000001,-0.06,-0.19,-0.3,3,-1,1
-2.539999999999992,5.0,-5.0800000000000125,0.9699999999999998,-2.02,0.16,0.0599999999999999,1.15,0.19,0.0599999999999999,0.2,13,-4,1
2.539999999999992,-4.0,-2.539999999999992,0.93,-0.0100000000000002,-0.0399999999999999,0.1499999999999999,-0.26,0.06,0.3899999999999999,0.4,-3,5,1
-10.159999999999997,2.0,-5.0800000000000125,-0.8199999999999998,0.71,-0.12,-0.06,1.2199999999999998,-0.19,-0.3899999999999999,0.8999999999999999,12,8,1
2.539999999999992,11.0,-7.6200000000000045,0.8600000000000003,1.63,0.07,0.07,0.0,0.0,0.05,0.0,-6,-3,0
-12.699999999999989,5.0,0.0,-2.8999999999999995,-2.58,-0.08,-0.01,-0.43,-0.0399999999999999,-0.1999999999999999,0.7,-5,2,0
-7.619999999999976,17.0,-5.079999999999984,-0.1599999999999997,0.6199999999999992,0.13,0.02,1.85,0.0799999999999999,0.13,-1.7999999999999998,0,3,0
0.0,2.0,-2.539999999999992,-1.13,1.65,0.0,-0.0999999999999999,-2.28,0.15,0.0499999999999999,0.6000000000000001,-5,-1,0
-12.700000000000015,11.0,0.0,2.2300000000000004,1.15,0.27,-0.0299999999999999,2.21,0.0899999999999999,0.2,-0.4,5,7,0
0.0,-2.0,-2.5400000000000205,2.4000000000000004,0.9200000000000004,0.04,-0.01,0.7200000000000001,-0.14,0.03,0.2999999999999998,6,-2,1
7.6200000000000045,1.0,5.079999999999984,1.0699999999999998,-0.1,0.18,-0.01,0.1699999999999999,0.22,0.1699999999999999,0.5,-5,6,1
-7.6200000000000045,-12.0,0.0,0.2000000000000001,2.88,0.06,-0.0499999999999999,1.16,0.01,0.24,-0.2,-20,-17,0
-10.159999999999997,5.0,-2.539999999999992,0.81,-0.1200000000000001,0.07,0.02,-0.8199999999999998,-0.02,-0.14,0.3,22,11,0
-7.6200000000000045,4.0,-5.0800000000000125,0.0900000000000003,-1.23,-0.08,0.1099999999999999,-1.67,-0.2099999999999999,0.07,-1.1,18,6,1
2.539999999999992,-3.0,7.6200000000000045,0.1999999999999997,2.38,0.06,-0.0699999999999999,-0.7399999999999998,0.09,-0.13,1.4,-10,-5,0
-2.5400000000000205,4.0,-7.619999999999976,-0.1699999999999999,-0.9500000000000002,0.0,0.0699999999999999,-0.16,-0.1299999999999999,0.3599999999999999,-0.3,-1,2,0
7.619999999999976,3.0,10.159999999999997,1.5699999999999994,-3.1000000000000005,0.33,-0.0699999999999999,5.95,-0.39,0.72,0.7,-2,-2,1
-5.079999999999984,-11.0,5.079999999999984,0.6699999999999999,-4.0200000000000005,0.23,0.0999999999999999,1.81,0.34,0.0499999999999999,0.6,3,-1,1
0.0,1.0,-5.079999999999984,1.0500000000000007,1.4700000000000002,0.0499999999999999,0.0599999999999999,0.49,0.01,0.02,-0.4,5,6,0
-2.539999999999992,6.0,-5.079999999999984,-1.2800000000000002,-0.6499999999999999,-0.0399999999999999,-0.02,1.04,-0.39,-0.08,0.2,-6,6,0
10.159999999999997,-3.0,5.0800000000000125,1.97,0.5600000000000005,-0.02,-0.14,0.2599999999999999,0.25,-0.0799999999999999,0.0999999999999999,4,7,1
0.0,0.0,-2.539999999999992,0.48,0.8700000000000001,-0.06,-0.0899999999999999,1.03,0.0499999999999999,0.25,-0.4,3,2,0
-2.539999999999992,3.0,5.079999999999984,0.5500000000000003,1.31,-0.15,-0.0699999999999999,-3.1100000000000003,-0.31,-0.1999999999999999,-0.8,4,7,0
-5.0800000000000125,-6.0,5.0800000000000125,-2.03,0.4399999999999999,-0.0099999999999999,-0.02,-0.4599999999999999,0.04,0.03,-0.8,-4,0,0
0.0,5.0,2.539999999999992,2.5900000000000003,-0.2599999999999998,0.07,-0.01,-1.11,0.15,0.21,-0.4,3,-1,0
2.539999999999992,2.0,2.539999999999992,0.0600000000000005,-0.02,-0.0099999999999999,-0.0999999999999999,-1.12,-0.18,-0.0699999999999999,-0.3,-18,-10,1
-7.6200000000000045,8.0,-10.159999999999997,-2.71,-2.3899999999999997,-0.1299999999999999,0.06,3.38,-0.29,-0.17,0.3,4,5,0
7.6200000000000045,1.0,12.699999999999989,1.4499999999999995,-0.4699999999999997,0.0499999999999999,0.0599999999999999,-0.7,-0.33,-0.07,0.0,-3,0,1
0.0,0.0,2.5400000000000205,-0.9200000000000004,0.0300000000000002,-0.14,0.0,0.29,0.28,0.4199999999999999,0.1,0,6,0
2.539999999999992,6.0,0.0,-1.4,1.0999999999999996,0.0099999999999999,-0.12,-3.79,-0.14,-0.1599999999999999,0.5,13,12,1
10.159999999999997,1.0,2.539999999999992,1.4300000000000002,-0.92,0.0,0.05,-0.4299999999999999,0.09,0.38,-1.4,11,0,1
0.0,13.0,-5.079999999999984,-0.2399999999999997,1.97,-0.02,-0.1499999999999999,-3.899999999999999,-0.07,0.06,1.9,42,13,0
-10.159999999999997,8.0,-2.539999999999992,0.2200000000000002,-0.1300000000000003,0.06,0.14,-2.82,-0.4399999999999999,0.07,-0.7,-5,-4,0
7.6200000000000045,-5.0,0.0,0.92,1.4799999999999998,-0.06,-0.0999999999999999,1.93,-0.32,0.0999999999999999,0.1999999999999999,-1,1,1
0.0,10.0,5.079999999999984,-2.08,-0.91,0.0499999999999999,0.0799999999999999,-1.2999999999999998,-0.2,-0.06,0.8,11,7,0
-15.240000000000007,1.0,-5.0800000000000125,-0.2099999999999999,2.5800000000000005,-0.02,0.0,-0.38,-0.1699999999999999,0.3599999999999999,0.2,0,1,1
-2.539999999999992,5.0,2.539999999999992,0.1699999999999999,-0.5100000000000002,0.03,0.02,-0.6000000000000001,-0.02,0.12,-1.2,-9,-8,1
-2.5400000000000205,5.0,2.5400000000000205,-1.3699999999999997,-1.12,0.0399999999999999,-0.03,-0.65,0.03,-0.15,-0.3,-2,3,1
-7.6200000000000045,2.0,-12.699999999999989,1.0500000000000007,-1.2100000000000009,-0.0899999999999999,0.06,0.03,0.1899999999999999,-0.0299999999999999,-0.3,8,0,1
-2.539999999999992,-2.0,-2.539999999999992,-0.29,-0.4499999999999993,0.1,0.04,0.3400000000000001,0.3999999999999999,-0.02,0.0,7,2,1
15.240000000000007,0.0,5.0800000000000125,-0.7900000000000003,-2.0500000000000003,0.1699999999999999,-0.04,3.42,0.39,0.33,0.8,-12,-5,1
2.539999999999992,4.0,-2.539999999999992,-3.3099999999999996,-0.0899999999999998,-0.1599999999999999,-0.0199999999999999,0.55,-0.01,0.14,0.5,3,0,0
-7.6200000000000045,-1.0,0.0,0.5999999999999996,-0.48,-0.07,0.0,-1.02,-0.2799999999999999,0.0,0.1,4,-3,1
15.240000000000007,6.0,5.079999999999984,0.96,1.8,0.09,-0.1099999999999999,-2.89,-0.1299999999999999,-0.1099999999999999,1.0,9,1,1
-2.5400000000000205,9.0,2.539999999999992,2.1100000000000003,1.1700000000000004,0.0,-0.03,0.6099999999999999,-0.13,0.04,1.2,18,12,0
0.0,1.0,5.0800000000000125,1.8200000000000005,-1.8200000000000005,0.12,0.0699999999999999,-0.39,0.05,-0.0899999999999999,0.2,10,1,1
7.6200000000000045,8.0,5.0800000000000125,0.3800000000000003,-0.33,-0.04,0.09,-1.0799999999999998,0.18,0.1,0.1999999999999999,15,1,1
2.539999999999992,-2.0,-5.0800000000000125,0.3799999999999999,-1.7200000000000002,0.04,-0.05,0.24,-0.6,-0.42,1.5,4,0,1
-2.539999999999992,4.0,-2.5400000000000205,-4.37,-3.23,-0.0999999999999999,-0.17,2.15,0.26,-0.41,1.3,7,2,1
10.160000000000023,-3.0,-2.539999999999992,-1.53,-1.5399999999999996,-0.0499999999999999,-0.02,0.9000000000000001,-0.06,-0.1699999999999999,-0.0999999999999999,-14,-9,0
-2.539999999999992,1.0,10.159999999999997,0.75,1.4899999999999998,-0.01,-0.13,-2.31,-0.1499999999999999,0.1599999999999999,-0.6,13,12,0
-22.860000000000017,4.0,-5.0800000000000125,-0.33,0.71,0.0399999999999999,-0.01,-1.77,-0.2199999999999999,-0.1699999999999999,-0.3,-10,4,0
0.0,1.0,-2.539999999999992,-0.6499999999999999,-1.34,-0.0199999999999999,0.0799999999999999,-1.35,-0.5,0.0299999999999999,-0.9,-5,-3,0
-2.539999999999992,13.0,2.5400000000000205,-1.09,-0.7800000000000002,0.08,-0.0299999999999999,-1.04,-0.1999999999999999,-0.15,-0.5,1,5,0
7.619999999999976,-3.0,5.0800000000000125,-1.67,-1.95,0.09,0.03,0.02,0.0999999999999999,-0.05,0.6,-1,6,0
-2.5400000000000205,9.0,5.0800000000000125,1.0600000000000005,0.81,0.03,0.05,-2.79,-0.08,-0.0799999999999999,0.0999999999999999,8,2,1
7.619999999999976,7.0,-2.539999999999992,1.91,-0.27,0.02,0.19,-0.54,0.06,0.19,-0.5,14,-2,1
0.0,6.0,-2.5400000000000205,0.54,-0.69,0.13,0.01,1.46,0.0299999999999999,-0.3899999999999999,1.1,11,-1,1
10.159999999999997,-4.0,2.5400000000000205,-0.5599999999999996,1.67,-0.0199999999999999,0.0,-1.92,-0.14,-0.3,0.0,-5,-4,0
2.5400000000000205,-3.0,0.0,2.1600000000000006,2.63,0.01,-0.0799999999999999,-0.1099999999999999,-0.06,0.0399999999999999,0.8,8,2,1
2.539999999999992,5.0,2.539999999999992,-1.0300000000000002,0.7199999999999998,-0.08,0.04,-2.23,-0.17,-0.31,1.1,5,5,1
10.159999999999997,6.0,0.0,-1.25,-0.1599999999999997,-0.0299999999999999,-0.03,1.32,0.01,-0.51,1.1,8,-1,0
12.699999999999989,-2.0,2.539999999999992,0.9699999999999998,1.0699999999999998,0.0899999999999999,-0.13,-0.8799999999999999,-0.03,-0.1699999999999999,0.0,-7,5,1
2.5400000000000205,3.0,7.6200000000000045,-3.36,-0.79,-0.09,0.0299999999999999,0.5799999999999996,-0.12,-0.14,0.2999999999999999,-7,-7,0
0.0,10.0,-10.159999999999997,0.9700000000000002,-0.5799999999999996,0.0,0.0599999999999999,-0.04,0.12,0.3,0.8,19,3,0
-7.6200000000000045,6.0,-7.6200000000000045,3.1999999999999997,-0.71,-0.02,0.13,-0.25,-0.14,0.78,-0.2,-13,-3,1
0.0,-1.0,-2.539999999999992,0.2199999999999997,-0.8399999999999999,0.07,0.01,0.2,-0.04,-0.38,0.0,1,0,1
-10.159999999999997,4.0,-12.700000000000015,-0.7400000000000002,-0.1600000000000001,-0.0199999999999999,0.14,-1.2099999999999995,-0.08,0.46,-0.6,2,2,1
2.539999999999992,6.0,0.0,-2.7899999999999996,-0.9699999999999998,-0.0499999999999999,0.0,1.3099999999999998,0.26,0.13,0.0,11,1,1
-5.079999999999984,2.0,-10.159999999999997,0.2999999999999998,0.5800000000000001,0.1499999999999999,-0.1299999999999999,1.58,-0.84,-0.1099999999999999,0.0,-3,-2,1
-15.240000000000007,-7.0,-10.159999999999997,-0.6500000000000004,-0.5800000000000001,-0.0799999999999999,0.05,0.1,-0.5,-0.73,-0.2,-7,-5,1
-2.539999999999992,-3.0,5.0800000000000125,2.4399999999999995,0.7700000000000002,0.0999999999999999,-0.03,-1.85,-0.03,0.22,1.0,-6,0,1
-5.079999999999984,-5.0,-2.539999999999992,0.2800000000000002,-5.75,0.0799999999999999,0.12,0.81,0.4,0.78,0.2,1,4,1
-12.699999999999989,11.0,-17.78,-0.1899999999999999,-1.1199999999999997,-0.0199999999999999,0.07,1.2,0.2199999999999999,0.29,-0.0999999999999999,-3,-9,0
-7.6200000000000045,3.0,-17.78,0.6800000000000002,-0.8300000000000001,0.13,-0.01,6.86,0.48,0.7,-0.1999999999999999,3,-4,1
10.159999999999997,-5.0,0.0,1.9400000000000004,-0.9899999999999998,0.1,-0.0499999999999999,1.62,0.07,0.14,-0.3,6,-2,1
7.619999999999976,-1.0,7.6200000000000045,0.2000000000000001,-0.3800000000000003,-0.14,0.0299999999999999,-1.65,-0.06,-0.0199999999999999,0.5,6,1,0
-15.240000000000007,10.0,-5.079999999999984,1.31,-2.28,0.3,-0.01,1.88,-0.24,0.78,0.0,9,6,0
-5.079999999999984,-5.0,2.539999999999992,-0.25,-1.62,-0.06,0.0299999999999999,0.79,0.01,0.1799999999999999,0.0,6,-5,0
0.0,1.0,2.539999999999992,-0.79,-0.48,-0.0899999999999999,-0.02,0.0899999999999998,0.02,-0.27,-0.5,-10,-3,0
7.6200000000000045,-1.0,7.6200000000000045,1.27,0.5100000000000002,-0.01,-0.05,0.1699999999999999,-0.0899999999999999,0.1099999999999999,0.2999999999999999,0,1,1
25.399999999999977,-3.0,17.78,-0.0099999999999997,-0.79,-0.0099999999999999,-0.0799999999999999,0.2199999999999999,0.05,-0.01,-0.3,-3,-4,0
-2.539999999999992,-2.0,0.0,1.94,0.25,0.17,0.0499999999999999,-3.16,-0.0999999999999999,0.28,-0.3999999999999999,-7,-6,1
-15.240000000000007,9.0,-12.699999999999989,-0.8500000000000001,0.54,-0.1399999999999999,0.0,1.35,0.0499999999999999,0.5,-0.5,7,4,1
-5.079999999999984,-4.0,0.0,-0.27,0.52,0.07,-0.05,-0.48,-0.0299999999999999,-0.0599999999999999,0.2,6,11,1
-5.0800000000000125,11.0,-5.0800000000000125,-0.7800000000000002,-2.0,0.05,-0.04,2.87,0.21,-0.42,-0.0999999999999999,-1,3,0
0.0,-1.0,-2.539999999999992,-1.7500000000000004,-1.0099999999999998,0.0,-0.03,-0.2799999999999999,-0.01,-0.1699999999999999,0.8,0,2,1
-10.160000000000023,3.0,-15.240000000000007,0.3500000000000001,0.08,0.01,0.0599999999999999,2.58,0.31,-0.15,1.1,-9,-5,0
5.079999999999984,3.0,-5.079999999999984,-1.4099999999999997,0.2000000000000001,-0.0799999999999999,-0.13,-0.28,-0.13,-0.2099999999999999,-0.0999999999999999,-2,-1,0
-2.539999999999992,-7.0,2.5400000000000205,-0.52,-1.0299999999999998,-0.13,-0.12,1.36,-0.39,-0.5,1.0,1,4,0
7.6200000000000045,-2.0,2.539999999999992,0.6700000000000002,-0.55,0.0399999999999999,-0.01,0.7100000000000001,-0.43,-0.19,-0.2,-5,4,1
-10.160000000000023,-1.0,-10.159999999999997,1.9799999999999995,-1.04,0.0999999999999999,0.08,-0.07,0.1699999999999999,0.1799999999999999,-1.5,4,-3,1
-17.78,7.0,-10.159999999999997,0.1699999999999999,-2.43,-0.0999999999999999,0.0999999999999999,-3.1499999999999995,0.36,0.62,0.3,13,6,1
0.0,9.0,5.079999999999984,0.08,-0.52,-0.01,0.0399999999999999,-1.0,0.41,0.2199999999999999,0.3,3,4,1
5.0800000000000125,-2.0,5.0800000000000125,-2.5999999999999996,-2.25,0.05,0.1,1.12,0.12,0.1999999999999999,0.1,4,-9,1
-5.079999999999984,-4.0,0.0,0.1199999999999996,1.0,0.12,-0.0099999999999998,-0.12,0.21,0.1399999999999999,-0.5,3,-1,1
-10.160000000000023,-4.0,-7.6200000000000045,-2.4200000000000004,1.2299999999999998,-0.1099999999999999,0.05,0.3400000000000001,-0.37,0.17,0.0,19,4,1
-5.079999999999984,12.0,-5.0800000000000125,1.1,-0.2000000000000001,0.06,0.0599999999999999,0.4899999999999997,-0.1099999999999999,0.2499999999999999,0.1999999999999999,17,1,1
0.0,3.0,-5.0800000000000125,-1.7200000000000002,-0.3499999999999996,-0.12,-0.0399999999999999,2.33,-0.09,-0.14,0.1,1,-4,1
-7.6200000000000045,12.0,-7.6200000000000045,-1.2399999999999998,0.77,0.02,0.0599999999999999,1.4000000000000004,-0.01,-0.07,-0.2,5,4,0
-10.159999999999997,1.0,-7.619999999999976,-1.4499999999999995,0.5800000000000001,0.01,-0.28,-2.5599999999999996,-0.06,-0.24,0.3,1,11,0
5.079999999999984,-1.0,-2.539999999999992,1.48,2.6399999999999997,-0.1499999999999999,-0.04,0.38,0.6200000000000001,0.73,-1.8,0,2,1
-2.5400000000000205,0.0,-2.5400000000000205,0.0099999999999997,-0.7199999999999998,-0.07,0.06,-0.89,-0.06,0.04,-0.0999999999999999,-3,-3,1
-7.619999999999976,8.0,-2.539999999999992,-1.6999999999999995,-0.8500000000000001,0.0,0.0,0.7100000000000002,-0.1699999999999999,-0.0699999999999999,-0.3999999999999999,-5,9,0
-7.6200000000000045,8.0,0.0,0.2099999999999999,-1.8299999999999996,0.08,0.12,-0.1899999999999999,0.24,-0.06,-0.3999999999999999,2,0,0
0.0,1.0,-7.6200000000000045,5.4399999999999995,0.9299999999999996,-0.0199999999999999,0.1,-0.2999999999999998,-0.11,0.2299999999999999,-0.5,-3,-4,0
0.0,-7.0,5.0800000000000125,1.1399999999999997,1.21,0.07,-0.1099999999999999,-2.92,-0.3,0.0899999999999999,0.1,14,10,1
-7.6200000000000045,-1.0,-7.6200000000000045,0.6800000000000002,-1.1299999999999994,-0.09,0.12,-0.71,-0.31,0.12,0.0999999999999999,10,1,1
-2.5400000000000205,-1.0,0.0,-1.5699999999999998,0.6199999999999997,-0.03,0.0099999999999998,-1.21,-0.15,-0.17,0.2999999999999999,-13,-2,0
2.539999999999992,-2.0,7.6200000000000045,-0.3700000000000001,-0.1600000000000001,-0.08,-0.0899999999999999,-0.4800000000000004,0.1099999999999999,-0.1899999999999999,-1.2999999999999998,5,4,1
5.079999999999984,4.0,5.0800000000000125,1.88,2.9099999999999997,0.0499999999999999,0.03,-2.86,-0.32,0.28,-1.2999999999999998,-12,-3,0
0.0,1.0,0.0,2.23,0.8599999999999999,0.0499999999999999,0.12,0.91,-0.13,-0.22,-0.3,-1,3,1
7.6200000000000045,-9.0,0.0,0.6200000000000001,-0.06,-0.03,0.1399999999999999,-3.08,-0.12,-0.27,1.9,1,0,1
5.0800000000000125,-3.0,5.079999999999984,0.3299999999999998,1.08,0.03,-0.0399999999999999,-1.45,-0.35,0.13,-0.0999999999999998,-5,-1,0
5.0800000000000125,-5.0,-10.159999999999997,0.5599999999999998,0.69,0.0499999999999999,-0.0899999999999999,-1.4300000000000002,0.16,0.26,-0.6,-9,-4,1
-5.0800000000000125,-4.0,2.539999999999992,6.12,-1.7699999999999996,0.1,0.26,-0.27,0.25,0.6099999999999999,-0.5,2,-6,1
2.5400000000000205,2.0,-5.079999999999984,-0.56,0.1899999999999995,0.0099999999999999,0.0599999999999999,-0.5099999999999999,0.31,-0.0799999999999999,-1.2,-6,-1,1
10.159999999999997,10.0,-2.5400000000000205,-1.1599999999999997,0.0500000000000002,0.07,-0.06,-0.0399999999999999,-0.15,-0.1,0.3,-2,-1,0
0.0,10.0,-5.0800000000000125,0.1799999999999997,-0.1499999999999999,0.1399999999999999,0.0599999999999999,0.53,0.02,-0.0099999999999999,-0.7999999999999999,0,3,1
2.539999999999992,-3.0,2.5400000000000205,0.9500000000000006,-1.4899999999999998,0.16,0.01,0.48,-0.1699999999999999,-0.46,0.3,-11,-5,1
-7.6200000000000045,-1.0,-7.6200000000000045,-0.3399999999999998,2.74,-0.0899999999999999,-0.1099999999999999,-0.6300000000000001,-0.1999999999999999,-0.15,0.6,-2,-2,1
5.0800000000000125,-3.0,0.0,-1.27,-2.9899999999999993,-0.02,-0.03,1.7400000000000002,0.18,-0.22,0.1999999999999999,0,4,0
5.079999999999984,-1.0,5.0800000000000125,-0.94,-0.8099999999999996,-0.0399999999999999,0.15,-0.27,0.0699999999999999,-0.16,0.1999999999999999,1,3,0
15.240000000000007,3.0,7.619999999999976,0.4499999999999997,0.2199999999999999,-0.04,0.01,-1.71,-0.0599999999999999,-0.2299999999999999,-0.3999999999999999,-1,4,0
5.079999999999984,8.0,5.0800000000000125,-1.65,-1.1000000000000003,0.0299999999999999,0.0,1.82,0.18,0.1599999999999999,0.1999999999999999,1,3,0
17.78,7.0,12.700000000000015,-0.5699999999999998,0.04,0.02,-0.0799999999999999,2.64,0.13,0.06,0.7000000000000001,-3,-2,1
-12.700000000000015,-2.0,-10.160000000000023,0.98,-0.2000000000000001,0.08,0.0699999999999999,1.04,0.05,0.2599999999999999,0.0,-11,-2,0
0.0,5.0,-2.539999999999992,-0.1200000000000001,-2.1199999999999997,0.06,0.0,4.04,0.1799999999999999,-0.5499999999999999,0.1,-7,-7,1
-5.0800000000000125,2.0,-7.6200000000000045,-0.8099999999999996,-1.0299999999999998,-0.0299999999999999,-0.01,0.71,0.13,0.17,0.1,1,0,1
2.5400000000000205,1.0,2.539999999999992,0.8200000000000003,0.6799999999999997,0.06,0.06,-0.1599999999999999,0.87,0.0699999999999999,-0.4,-3,-1,0
5.0800000000000125,5.0,-2.539999999999992,-0.31,-1.69,0.0,0.0699999999999999,0.7599999999999998,0.08,-0.02,0.4,5,1,0
-5.079999999999984,4.0,5.079999999999984,-0.1,-0.6899999999999997,-0.1099999999999999,0.1699999999999999,-0.2200000000000002,0.06,-0.05,-0.3999999999999999,-8,-9,0
-7.6200000000000045,9.0,-7.6200000000000045,-2.04,1.0,-0.09,-0.01,-0.09,-0.5,-0.74,0.0,4,-7,0
-2.539999999999992,6.0,-10.159999999999997,0.4099999999999997,2.53,-0.15,0.1099999999999999,-4.590000000000001,-0.37,-0.04,0.0,-3,4,0
-10.160000000000023,6.0,-5.0800000000000125,-0.9199999999999996,-0.8400000000000007,-0.08,0.04,1.21,0.0199999999999999,-0.0999999999999999,-0.2,1,6,0
7.6200000000000045,6.0,0.0,-0.5499999999999998,-3.0,-0.06,-0.08,-0.4499999999999999,-0.13,-0.31,0.0,-2,-2,0
5.0800000000000125,-3.0,10.159999999999997,5.08,3.5500000000000003,0.14,0.09,0.06,0.37,0.56,-1.1,2,-3,1
7.619999999999976,-2.0,2.539999999999992,-0.06,0.4199999999999999,-0.12,0.03,-0.8500000000000001,-0.1,-0.05,-0.8,-2,1,0
-2.539999999999992,-2.0,-2.539999999999992,-3.0600000000000005,-1.67,0.2,-0.12,1.42,0.29,0.06,1.0,-11,-2,0
2.539999999999992,2.0,5.079999999999984,2.6899999999999995,0.7699999999999996,0.13,-0.13,-0.28,0.11,-0.19,-0.5,8,2,0
0.0,-5.0,-2.539999999999992,0.0299999999999998,-0.5099999999999998,0.0,0.06,0.46,0.18,-0.0899999999999999,0.3999999999999999,6,3,0
-7.6200000000000045,-8.0,-7.6200000000000045,-4.95,-1.34,-0.2299999999999999,-0.0299999999999999,-0.35,-1.0,-0.3799999999999999,0.0,13,7,1
0.0,-2.0,-5.0800000000000125,1.42,1.3199999999999998,-0.07,0.0499999999999999,-1.76,-0.22,0.2099999999999999,-1.5,-3,-2,1
-12.700000000000015,0.0,-7.619999999999976,-0.9700000000000002,0.9000000000000004,-0.2799999999999999,-0.1499999999999999,-0.96,-0.66,-0.1099999999999999,0.0,3,0,0
0.0,2.0,2.539999999999992,-0.2399999999999997,-0.2200000000000002,0.02,-0.01,-2.13,-0.24,-0.43,-1.4,10,4,1
7.6200000000000045,-11.0,2.539999999999992,0.7600000000000002,0.1099999999999998,0.08,-0.0799999999999999,1.4200000000000002,0.2099999999999999,0.14,-0.6000000000000001,11,-8,1
10.159999999999997,-1.0,17.78,2.12,0.2299999999999999,0.0499999999999999,-0.11,0.1799999999999999,0.15,-0.0999999999999999,1.9,5,0,1
-2.539999999999992,0.0,-5.079999999999984,-0.9500000000000002,-0.1200000000000001,0.14,-0.03,4.01,0.14,-0.12,0.8,10,-2,1
2.539999999999992,5.0,12.699999999999989,4.129999999999999,4.2,-0.14,0.07,-0.98,-0.63,0.05,-0.7,-4,4,1
0.0,13.0,0.0,-1.1300000000000003,-0.4000000000000003,0.07,0.01,0.76,-0.08,-0.0399999999999999,0.0,-13,-2,0
-7.619999999999976,3.0,0.0,-0.08,0.2000000000000001,-0.12,-0.0199999999999999,0.33,-0.24,-0.42,0.3999999999999999,-23,-10,0
-15.23999999999998,8.0,-10.159999999999997,-0.4399999999999999,1.46,0.0699999999999999,-0.12,-5.16,-0.27,0.37,0.1,1,4,0
2.539999999999992,-3.0,5.0800000000000125,0.0899999999999998,0.2599999999999998,0.0499999999999999,-0.0399999999999999,-0.97,0.06,0.12,-0.5999999999999999,-13,-7,1
7.6200000000000045,-2.0,2.539999999999992,1.87,-0.3400000000000003,0.07,-0.0199999999999999,0.28,-0.11,-0.2399999999999999,0.0999999999999999,-9,3,1
-2.539999999999992,-5.0,10.159999999999997,-0.3599999999999999,0.5099999999999998,-0.07,-0.02,-0.6100000000000001,0.22,0.38,-1.7,-42,-10,0
-17.78,5.0,-10.159999999999997,1.6300000000000003,-2.8,0.1599999999999999,0.1099999999999999,1.05,0.54,0.78,-0.7,6,-1,1
-2.5400000000000205,4.0,2.5400000000000205,0.54,-0.8000000000000003,0.0299999999999999,0.0,-1.29,-0.0499999999999999,0.31,-1.5,-14,-6,1
2.539999999999992,-1.0,2.539999999999992,-1.1999999999999995,-1.0900000000000003,0.01,0.12,-0.4199999999999999,0.2299999999999999,-0.27,0.0,8,9,0
-17.78,-3.0,-5.0800000000000125,0.3700000000000001,-2.4400000000000004,0.1499999999999999,0.12,1.84,0.17,0.32,0.0,4,-3,1
-17.78,-4.0,-10.159999999999997,2.62,-1.42,0.29,0.37,1.19,0.5,0.71,0.3,8,3,1
7.619999999999976,2.0,-2.539999999999992,-3.08,-3.67,-0.2099999999999999,0.0399999999999999,0.49,0.1599999999999999,0.06,0.0,-2,15,0
5.0800000000000125,-6.0,5.0800000000000125,1.1800000000000002,3.33,-0.26,0.1999999999999999,-6.0200000000000005,-0.1599999999999999,-0.27,-2.5,-14,-6,0
7.619999999999976,-5.0,2.5400000000000205,-1.79,-0.7599999999999998,-0.15,0.0,1.51,0.13,-0.02,0.0,3,5,0
-2.539999999999992,1.0,0.0,-0.8100000000000005,0.7599999999999998,0.01,0.02,-0.49,-0.02,0.22,0.0,4,7,1
12.699999999999989,-3.0,2.5400000000000205,-0.3799999999999999,-1.8799999999999992,0.0099999999999999,-0.1099999999999999,2.8,0.3399999999999999,0.25,0.7,1,-3,1
-12.699999999999989,3.0,-10.159999999999997,2.0200000000000005,0.8100000000000005,0.1099999999999999,0.14,-0.3600000000000001,0.07,0.0899999999999999,-0.5,8,4,1
2.5400000000000205,3.0,-2.5400000000000205,0.6600000000000001,1.13,0.01,-0.12,-1.59,-0.07,-0.03,-0.1999999999999999,10,7,0
-12.699999999999989,-8.0,-10.159999999999997,2.8000000000000003,1.48,0.0399999999999999,0.0599999999999999,-1.06,-0.1699999999999999,-0.0899999999999999,0.1,4,1,1
2.5400000000000205,12.0,5.079999999999984,-1.34,-0.9899999999999998,-0.12,0.13,2.41,0.3099999999999999,0.51,0.7,3,0,1
-5.0800000000000125,5.0,10.159999999999997,-2.01,-1.9,-0.0199999999999999,0.04,0.1499999999999999,0.07,-0.15,0.1999999999999999,0,-1,0
12.700000000000015,3.0,7.6200000000000045,-0.56,-1.0900000000000003,0.0499999999999999,0.0399999999999999,-2.38,-0.12,-0.04,0.5,3,5,1
2.539999999999992,4.0,-2.539999999999992,-0.6699999999999999,0.6000000000000005,-0.1099999999999999,-0.0899999999999999,0.21,-0.0499999999999999,0.25,0.7000000000000001,7,6,1
-2.5400000000000205,11.0,-2.539999999999992,-0.9700000000000002,-0.48,-0.09,-0.0199999999999999,-0.36,-0.28,-0.8,-0.4,2,2,0
7.6200000000000045,4.0,12.700000000000015,3.2899999999999996,0.6200000000000001,0.18,0.01,-2.5600000000000005,-0.1,-0.01,0.1,18,9,1
0.0,0.0,7.6200000000000045,-1.1100000000000003,0.5300000000000002,0.1599999999999999,-0.0899999999999999,0.3199999999999999,0.23,0.0899999999999999,0.2,-7,3,0
-2.539999999999992,7.0,-7.6200000000000045,0.31,0.1899999999999999,-0.0899999999999999,0.14,2.11,-0.06,-0.14,-0.4,22,15,1
7.6200000000000045,15.0,2.539999999999992,-1.5799999999999996,-1.29,0.0,0.0199999999999999,-0.71,0.1,-0.1899999999999999,-0.3,-7,-2,0
-10.159999999999997,4.0,-15.240000000000007,-2.26,-2.1999999999999997,0.07,0.04,2.5200000000000005,0.1099999999999999,0.0499999999999999,-0.3,9,1,1
7.619999999999976,0.0,5.079999999999984,0.8300000000000001,-0.54,-0.03,0.12,-0.35,-0.5,-0.47,-0.0999999999999999,-4,0,0
-12.699999999999989,-4.0,-2.5400000000000205,2.4799999999999995,-2.5800000000000005,0.2799999999999999,0.0899999999999999,1.95,0.4,0.26,0.0,12,3,1
2.539999999999992,0.0,5.079999999999984,-1.27,-0.0700000000000002,-0.01,-0.03,-0.99,-0.18,-0.0399999999999999,0.8,-5,0,1
5.0800000000000125,6.0,5.0800000000000125,0.4100000000000001,-0.2999999999999998,0.08,0.05,-1.41,-0.2,0.37,1.0,-11,0,0
12.699999999999989,2.0,7.6200000000000045,-1.16,-2.1399999999999997,-0.0299999999999999,0.0,0.51,0.12,-0.0699999999999999,0.1,4,0,1
-2.539999999999992,7.0,0.0,0.1799999999999997,-0.1499999999999999,-0.0299999999999999,0.0199999999999999,-1.0499999999999998,0.0299999999999999,-0.03,0.1,9,15,0
10.159999999999997,6.0,7.6200000000000045,-1.7599999999999998,-1.09,0.1099999999999999,0.0299999999999999,-0.8599999999999999,-0.01,0.0399999999999999,0.3999999999999999,5,0,0
0.0,-2.0,5.0800000000000125,0.5699999999999998,-0.1499999999999999,0.0,0.02,-1.43,0.01,0.2899999999999999,-0.5,-16,-9,0
-7.619999999999976,6.0,-10.159999999999997,0.81,-0.2200000000000002,0.0099999999999999,0.0,0.81,0.32,0.13,-0.1999999999999999,25,9,0
-7.6200000000000045,-2.0,-12.700000000000015,0.3000000000000002,2.49,0.0,-0.19,4.12,0.3399999999999999,0.3,0.8,-4,-6,0
10.159999999999997,2.0,5.0800000000000125,1.12,-1.5399999999999996,0.13,0.1099999999999999,0.26,0.48,-0.04,0.7,12,7,1
-12.700000000000015,-3.0,-7.6200000000000045,1.4,-0.3399999999999998,0.1,0.05,0.3900000000000001,0.2,0.41,-0.7,-10,-1,0
-5.079999999999984,2.0,5.079999999999984,-2.0999999999999996,-3.6000000000000005,-0.04,0.0599999999999999,0.1399999999999999,0.0999999999999999,-0.13,0.0,-3,-2,1
0.0,-1.0,10.159999999999997,1.93,-0.56,-0.02,0.1599999999999999,-1.37,-0.33,-0.06,2.5,5,-1,1
12.699999999999989,5.0,-2.539999999999992,1.69,1.58,-0.01,0.05,-0.55,-0.27,-0.16,-0.6,-5,-2,0
17.78,-11.0,12.699999999999989,-0.3799999999999999,-0.4199999999999999,0.07,-0.1099999999999999,0.02,-0.29,-0.1099999999999999,-0.2,14,-2,0
17.78,-6.0,2.539999999999992,-0.1100000000000003,-1.59,0.0899999999999999,-0.0999999999999999,1.28,-0.01,0.0699999999999999,0.3,10,5,1
15.240000000000007,-5.0,10.159999999999997,1.4,0.6699999999999999,0.0799999999999999,-0.1099999999999999,0.05,-0.0099999999999999,0.05,0.4,3,-4,1
-2.539999999999992,-4.0,-5.0800000000000125,0.5500000000000003,-1.85,-0.1699999999999999,0.0699999999999999,3.92,0.4299999999999999,0.54,-0.2,3,5,1
2.539999999999992,2.0,5.0800000000000125,-0.1199999999999996,-0.3499999999999996,0.0399999999999999,-0.0299999999999999,3.48,0.1399999999999999,-0.04,0.0,5,5,0
10.159999999999997,-7.0,-2.5400000000000205,2.8000000000000003,-0.06,0.16,0.0399999999999999,0.4199999999999999,-0.13,0.12,0.1,8,-6,1
-10.159999999999997,-2.0,0.0,0.1,2.3600000000000003,-0.0899999999999999,-0.0799999999999999,-2.32,-0.27,0.3,0.4999999999999999,3,9,0
-5.0800000000000125,0.0,2.539999999999992,0.6100000000000003,0.75,-0.06,0.0799999999999999,-2.7,0.5800000000000001,0.0999999999999999,0.0,-1,-4,1
-2.5400000000000205,2.0,0.0,0.6199999999999999,-1.1100000000000003,0.0,0.13,0.0799999999999999,0.07,0.1099999999999999,1.1,6,4,1
-2.539999999999992,5.0,-2.539999999999992,-0.7599999999999998,1.19,0.08,-0.1699999999999999,0.6200000000000001,-0.0899999999999999,-0.2899999999999999,-0.1,1,0,0
2.5400000000000205,5.0,-10.159999999999997,-3.6,-1.0099999999999998,-0.0099999999999999,0.01,0.2199999999999999,0.01,0.07,-0.1999999999999999,6,1,0
-2.539999999999992,-3.0,2.539999999999992,-2.61,-0.9799999999999996,-0.02,-0.02,2.67,0.1599999999999999,-0.16,0.4999999999999999,2,-2,1
0.0,2.0,0.0,-1.12,0.5100000000000002,-0.0299999999999999,-0.05,-0.8500000000000001,0.0899999999999999,-0.1699999999999999,-0.2,-9,-5,1
-15.240000000000007,-4.0,5.079999999999984,3.75,3.68,0.0999999999999999,-0.08,-0.4899999999999999,0.42,0.43,0.0,8,-1,1
-2.539999999999992,3.0,5.079999999999984,-1.8600000000000003,-1.4900000000000002,0.1099999999999999,0.02,0.52,-0.15,-0.1699999999999999,0.7,4,1,0
-2.5400000000000205,6.0,-2.539999999999992,-0.1499999999999999,-2.03,0.0199999999999999,0.12,0.7799999999999999,-0.0199999999999999,0.32,-0.0999999999999999,5,0,1
15.240000000000007,-3.0,2.5400000000000205,-1.76,-3.5799999999999996,-0.03,-0.03,2.11,0.19,-0.2199999999999999,-0.1999999999999999,-1,-1,1
5.0800000000000125,8.0,0.0,-0.1799999999999997,-0.5099999999999998,-0.1099999999999999,0.0799999999999999,-3.0999999999999996,-0.3999999999999999,-0.13,-0.9,18,9,0
12.700000000000015,6.0,7.6200000000000045,-0.6699999999999999,-1.8499999999999996,0.04,-0.05,-0.3,0.21,0.0,0.1,11,-5,0
-5.079999999999984,-5.0,0.0,-1.8099999999999996,0.4800000000000004,-0.21,-0.07,-0.75,0.79,-0.2199999999999999,0.2,9,-1,1
2.539999999999992,1.0,7.6200000000000045,-1.0100000000000002,-1.53,-0.18,0.12,-0.95,0.06,-0.1199999999999999,-1.4,-14,3,0
7.6200000000000045,-7.0,7.6200000000000045,0.3000000000000002,-0.8999999999999999,-0.0899999999999999,0.0,-0.5799999999999998,0.06,0.2299999999999999,-0.5,-15,-1,1
-5.0800000000000125,-3.0,-2.539999999999992,0.73,0.8599999999999999,-0.04,-0.0199999999999999,-3.5800000000000005,-0.06,0.04,-1.6,4,-2,1
-5.0800000000000125,-3.0,-5.0800000000000125,-1.09,-0.6800000000000002,-0.0999999999999999,0.0699999999999999,1.33,-0.08,0.1099999999999999,-0.8,-5,-6,1
0.0,2.0,-5.079999999999984,0.3999999999999999,1.1500000000000004,0.1399999999999999,0.0,-1.69,-0.07,-0.15,0.0,-9,0,0
7.6200000000000045,-10.0,-2.539999999999992,-1.2800000000000002,0.9299999999999996,-0.15,-0.29,-1.0699999999999998,-0.6,-0.73,0.0,-8,-5,0
0.0,2.0,-7.6200000000000045,0.9699999999999998,-0.9600000000000004,0.01,0.09,1.53,0.3,0.3,-0.0999999999999999,17,4,1
-12.700000000000015,3.0,2.539999999999992,3.46,3.1300000000000003,0.07,0.04,-2.13,-0.1699999999999999,0.3899999999999999,-0.0999999999999999,10,3,1
0.0,6.0,2.539999999999992,-0.2799999999999998,0.3500000000000001,0.11,-0.05,1.43,0.13,0.03,0.1999999999999999,-9,-3,1
10.159999999999997,10.0,7.6200000000000045,-1.1,-1.1999999999999995,0.05,0.12,2.72,-0.2699999999999999,0.25,-0.1999999999999999,1,1,0
-2.539999999999992,2.0,0.0,1.38,1.4899999999999998,0.0099999999999999,0.0,0.4899999999999999,-0.06,0.2699999999999999,-0.3,-2,-1,0
2.5400000000000205,0.0,0.0,-1.23,-0.2799999999999998,0.09,-0.0199999999999999,0.55,0.46,0.1899999999999999,-0.3,2,-1,1
2.539999999999992,-5.0,0.0,-1.95,-1.2399999999999998,-0.1399999999999999,-0.15,1.68,-0.09,0.0299999999999999,1.1,9,0,0
7.619999999999976,1.0,0.0,0.33,0.4899999999999997,0.06,-0.02,1.56,-0.1599999999999999,-0.13,-0.1,-1,-5,1
7.6200000000000045,4.0,12.699999999999989,-0.3899999999999997,-2.1100000000000003,-0.02,0.0799999999999999,-2.18,0.0799999999999999,0.08,-0.3,-9,-7,1
-5.0800000000000125,7.0,5.079999999999984,-2.25,-0.98,-0.0399999999999999,-0.01,1.1100000000000003,-0.35,-0.1099999999999999,0.7,-7,-6,1
-7.6200000000000045,11.0,-12.700000000000015,-0.8800000000000003,-1.1700000000000004,-0.06,0.13,1.6,0.0399999999999999,0.07,-0.3999999999999999,7,6,1
-2.539999999999992,-8.0,0.0,1.32,0.32,0.0299999999999999,0.0099999999999998,-1.2199999999999998,0.07,0.3899999999999999,0.1,2,0,0
2.539999999999992,7.0,2.539999999999992,-0.9400000000000004,0.1899999999999999,0.07,-0.02,0.4299999999999999,0.03,-0.0799999999999999,0.5999999999999999,-1,-2,0
5.0800000000000125,-8.0,12.699999999999989,1.2199999999999998,-0.0299999999999993,-0.11,0.02,0.09,0.5,0.12,0.0,7,8,1
12.699999999999989,-2.0,10.159999999999997,-1.87,-2.2099999999999995,0.02,0.01,0.26,0.33,0.1099999999999999,0.7,5,-2,1
-10.159999999999997,5.0,-10.159999999999997,0.6399999999999997,3.1900000000000004,0.1099999999999999,-0.02,0.5499999999999999,-0.06,0.1099999999999999,-0.3,10,-2,0
2.539999999999992,1.0,2.539999999999992,1.0099999999999998,1.2899999999999996,0.0,-0.06,-3.96,0.0499999999999999,-0.1099999999999999,0.7,6,7,0
15.23999999999998,8.0,10.159999999999997,1.6999999999999995,-0.92,-0.14,0.06,-5.08,-0.36,0.0,-1.4,-6,-2,0
12.700000000000015,3.0,-2.539999999999992,1.1800000000000002,-0.9800000000000004,0.09,0.0899999999999999,0.7000000000000001,0.27,0.0899999999999999,0.4,16,-2,1
-5.079999999999984,-6.0,0.0,1.3699999999999997,1.5100000000000002,0.03,0.0499999999999999,-0.88,-0.06,0.2799999999999999,-0.6000000000000001,-17,-6,1
12.699999999999989,2.0,5.0800000000000125,-0.6700000000000004,0.4199999999999999,-0.0999999999999999,-0.04,-0.2999999999999998,-0.09,0.08,0.0,5,7,1
-7.6200000000000045,0.0,-10.159999999999997,-0.1999999999999997,-0.1799999999999997,0.11,-0.07,0.3699999999999999,-0.0499999999999999,-0.04,-0.1,-2,-4,1
2.539999999999992,5.0,0.0,-0.8900000000000001,2.4599999999999995,-0.0499999999999999,0.0,1.64,-0.01,-0.01,1.4,5,7,0
0.0,7.0,-2.5400000000000205,-1.85,-2.33,-0.0799999999999999,0.0799999999999999,1.23,0.0699999999999999,0.0799999999999999,0.2,17,7,0
7.6200000000000045,5.0,-2.5400000000000205,-1.15,-0.6399999999999997,-0.0399999999999999,0.0,2.04,0.13,-0.52,1.0,-5,-9,1
-12.700000000000015,5.0,-5.0800000000000125,-0.9300000000000002,-1.46,0.0,-0.0299999999999999,1.2699999999999998,-0.1,-0.1099999999999999,-0.4,-2,0,0
17.78,7.0,12.699999999999989,-0.2299999999999999,1.44,0.02,-0.2499999999999999,1.12,0.0099999999999999,-0.3399999999999999,0.3999999999999999,5,4,0
0.0,-4.0,5.079999999999984,1.9599999999999995,0.6599999999999997,0.12,-0.1499999999999999,0.13,0.22,-0.1999999999999999,-1.5,7,7,1
-15.240000000000007,3.0,-15.240000000000007,-0.9200000000000004,-2.2299999999999995,0.14,0.0999999999999999,2.9000000000000004,-0.19,0.2099999999999999,0.3999999999999999,-2,-4,1
2.539999999999992,-2.0,-2.539999999999992,1.6,-1.38,0.25,0.12,-1.8000000000000005,0.14,0.18,-0.0999999999999999,4,-7,1
7.6200000000000045,-7.0,5.079999999999984,0.1299999999999999,-0.6800000000000006,-0.05,0.14,-0.04,0.1499999999999999,-0.1099999999999999,-0.1999999999999999,-5,-6,1
-2.539999999999992,11.0,2.539999999999992,-2.0400000000000005,-0.6200000000000001,0.0499999999999999,0.03,1.7599999999999998,0.01,-0.25,1.3,0,3,0
-2.539999999999992,3.0,-5.0800000000000125,-1.2400000000000002,-0.75,-0.0699999999999999,-0.02,-0.6400000000000001,-0.0899999999999999,-0.0699999999999999,-0.1999999999999999,10,14,0
17.78,-12.0,17.78,2.9199999999999995,-1.79,0.2099999999999999,0.08,-0.6499999999999999,0.36,0.0799999999999999,0.1,15,-4,1
12.699999999999989,12.0,2.539999999999992,0.29,-1.1799999999999995,0.06,-0.0999999999999999,2.29,0.1599999999999999,0.54,0.5,-8,4,0
2.539999999999992,-2.0,2.5400000000000205,1.739999999999999,0.6900000000000004,0.03,0.0799999999999999,0.5299999999999999,-0.1999999999999999,-0.15,0.0999999999999999,11,13,0
5.0800000000000125,-5.0,5.079999999999984,1.2799999999999998,1.4500000000000002,0.0299999999999999,-0.03,-2.04,-0.12,-0.2699999999999999,0.8,-4,-4,0
15.240000000000007,-7.0,2.5400000000000205,2.3100000000000005,-1.5,0.18,0.0199999999999999,0.2199999999999999,-0.09,-0.35,0.8,17,2,1
-7.6200000000000045,-2.0,-7.6200000000000045,-2.77,-1.84,0.1,-0.06,1.46,-0.01,-0.09,-0.5,1,-1,1
5.079999999999984,0.0,7.6200000000000045,-1.09,-0.6299999999999999,0.0499999999999999,-0.0399999999999999,-2.0599999999999996,-0.0999999999999999,-0.52,0.6,24,12,1
15.240000000000007,-6.0,5.079999999999984,-0.92,0.5100000000000002,-0.17,-0.0599999999999999,-2.55,-0.1899999999999999,0.16,0.6,10,0,1
-2.539999999999992,4.0,0.0,0.9900000000000002,0.6699999999999999,-0.0699999999999999,0.02,-0.56,-0.22,-0.42,-0.6,-8,3,0
-15.240000000000007,5.0,-7.6200000000000045,1.0,1.09,0.05,-0.0599999999999999,-0.6000000000000001,-0.1299999999999999,0.03,-0.1999999999999999,0,-3,1
5.0800000000000125,1.0,0.0,-0.77,2.06,-0.07,-0.18,2.01,-0.1699999999999999,0.06,-0.3,-27,1,0
-12.699999999999989,-4.0,-5.0800000000000125,0.92,0.2099999999999999,-0.07,0.14,0.0299999999999999,0.3999999999999999,0.2,0.0999999999999999,0,4,1
-5.0800000000000125,3.0,0.0,0.7199999999999998,-0.6499999999999999,0.0599999999999999,0.05,-0.2399999999999997,0.1099999999999999,0.2699999999999999,-2.4000000000000004,-16,-5,0
5.079999999999984,-2.0,-2.539999999999992,-0.27,-2.59,0.0299999999999999,0.15,1.8000000000000005,0.39,-0.3299999999999999,0.3,3,-3,1
0.0,3.0,-2.539999999999992,-1.5499999999999998,-1.59,0.11,-0.0799999999999999,1.97,-0.19,0.12,-0.1,-8,-2,1
15.240000000000007,-4.0,5.0800000000000125,4.32,2.9200000000000004,0.16,0.09,-1.24,0.09,0.53,-0.6,1,-5,1
-5.0800000000000125,2.0,0.0,0.8499999999999996,0.4399999999999999,0.0,0.02,3.4000000000000004,-0.09,-0.4,-0.1999999999999999,-19,-3,1
2.539999999999992,-1.0,-10.159999999999997,1.54,-0.7000000000000002,0.03,0.0299999999999999,6.010000000000001,0.3,0.9,-1.3,2,-2,1
-7.619999999999976,5.0,-10.160000000000023,0.3399999999999998,2.1000000000000005,-0.1,-0.0799999999999999,-0.7100000000000001,-0.13,-0.29,0.1,-4,-4,0
0.0,-1.0,0.0,-0.6600000000000001,-1.8499999999999996,-0.06,0.05,0.15,-0.35,-0.26,0.0999999999999999,3,-1,1
7.6200000000000045,0.0,0.0,-2.16,1.6999999999999995,-0.09,0.01,-2.3,0.26,-0.24,0.8,-7,3,0
0.0,10.0,-5.0800000000000125,-0.9999999999999996,1.75,0.08,-0.0999999999999999,-4.359999999999999,-0.32,-0.13,0.4,3,1,1
-2.539999999999992,-7.0,-2.539999999999992,-3.83,-0.77,0.1099999999999999,-0.1099999999999999,1.39,0.1499999999999999,0.08,0.7,2,-2,1
-5.0800000000000125,14.0,-5.0800000000000125,-1.2899999999999996,-0.8500000000000005,-0.18,0.05,1.94,0.0499999999999999,-0.12,-0.5,2,5,0
-5.079999999999984,-5.0,-5.0800000000000125,2.06,-0.0699999999999998,-0.0399999999999999,0.1499999999999999,-2.94,0.07,0.4,-0.7000000000000001,2,-6,1
0.0,-9.0,-2.539999999999992,0.1700000000000003,0.4699999999999997,-0.12,-0.12,-2.21,0.33,-0.25,0.1999999999999999,2,-1,1
-2.539999999999992,-11.0,-2.539999999999992,0.2799999999999998,0.2200000000000002,-0.07,-0.1099999999999999,-0.4700000000000002,0.21,-0.1599999999999999,0.1,-7,1,0
-7.6200000000000045,2.0,-7.6200000000000045,-0.3400000000000003,0.2099999999999999,0.1199999999999999,0.0299999999999999,-0.53,0.02,-0.0099999999999998,0.1,7,4,0
-2.539999999999992,0.0,7.6200000000000045,-2.42,-2.8100000000000005,0.01,0.02,0.2099999999999999,-0.2599999999999999,0.0799999999999999,-0.2999999999999999,0,-6,1
-5.0800000000000125,-5.0,-7.619999999999976,-0.0299999999999998,-1.27,-0.14,0.05,0.98,0.18,-0.3399999999999999,-1.5,9,4,1
2.539999999999992,-1.0,-5.0800000000000125,0.4900000000000002,0.7899999999999996,-0.05,0.0499999999999999,-0.12,-0.03,-0.02,0.0,-3,2,1
-5.0800000000000125,13.0,-2.539999999999992,-0.9900000000000002,0.04,0.18,-0.07,-0.03,0.0,-0.19,-0.6,-4,-1,1
0.0,4.0,-5.0800000000000125,-0.81,-2.6799999999999997,0.06,-0.01,1.5599999999999998,0.2499999999999999,-0.3399999999999999,0.7,10,0,1
7.6200000000000045,4.0,2.539999999999992,0.3999999999999999,1.69,-0.0299999999999999,0.0,-1.42,0.1599999999999999,-0.05,-0.8,2,5,1
10.159999999999997,8.0,2.539999999999992,-0.1,0.4099999999999999,-0.13,0.16,-2.0700000000000003,-0.15,0.41,-0.4,10,3,0
2.539999999999992,-4.0,-7.6200000000000045,-2.109999999999999,-1.1,0.02,-0.1399999999999999,1.1900000000000002,-0.0399999999999999,-0.02,0.3999999999999999,-11,-3,1
-17.78,14.0,0.0,-0.75,-0.9300000000000002,0.03,0.0999999999999999,-2.2,-0.01,-0.15,-0.3,10,1,0
5.079999999999984,4.0,15.240000000000007,-0.2200000000000002,0.29,0.0499999999999999,0.0299999999999999,-0.75,-0.02,-0.0799999999999999,-0.1999999999999999,4,2,1
5.0800000000000125,2.0,0.0,-1.7699999999999998,-3.6,-0.0399999999999999,-0.17,2.01,0.11,-0.4599999999999999,0.0,10,4,0
-12.699999999999989,-1.0,-10.160000000000023,-0.31,-0.6200000000000001,0.0399999999999999,0.0599999999999999,1.41,0.0,-0.25,0.3,-2,-12,1
5.079999999999984,9.0,-10.159999999999997,-0.1800000000000001,0.56,-0.02,0.06,-5.140000000000001,-0.22,-0.3,0.8,3,6,0
0.0,9.0,0.0,-2.64,-3.44,-0.0399999999999999,-0.0199999999999999,0.7,-0.53,-0.46,0.9,-1,3,0
-2.539999999999992,0.0,-7.6200000000000045,-1.7500000000000004,-0.27,0.0199999999999999,0.0,0.8,-0.0099999999999999,0.2199999999999999,0.4,2,0,1
-5.079999999999984,-2.0,0.0,-0.1700000000000008,1.23,0.02,0.0,0.1500000000000001,0.0399999999999999,-0.08,0.3,4,5,0
12.699999999999989,-2.0,0.0,-1.48,-2.22,-0.01,0.02,1.12,0.0999999999999999,-0.05,-0.3,6,4,0
0.0,-4.0,-2.539999999999992,-0.8600000000000003,-0.92,0.06,-0.13,-0.27,-0.06,-0.49,1.0,-6,-1,0
20.319999999999993,-7.0,15.23999999999998,0.8599999999999999,-0.4599999999999999,0.21,0.0599999999999999,0.91,0.0,0.0899999999999999,0.6000000000000001,34,5,1
10.159999999999997,8.0,2.539999999999992,1.79,1.13,0.0499999999999999,0.08,-1.66,-0.0299999999999999,0.29,-0.9,15,3,1
-2.539999999999992,-6.0,-5.0800000000000125,-1.0099999999999998,-1.47,0.0299999999999999,0.0499999999999999,1.13,0.17,0.36,-0.7000000000000001,-15,-7,0
10.159999999999997,5.0,7.6200000000000045,-3.89,-1.58,-0.07,-0.01,0.73,0.32,-0.12,0.6000000000000001,22,5,1
-12.699999999999989,7.0,-7.6200000000000045,1.37,-2.0,0.18,0.08,-0.74,-0.66,0.28,0.0,7,1,1
7.6200000000000045,-4.0,0.0,0.48,-0.4699999999999997,0.1299999999999999,0.11,-1.0,0.0799999999999999,0.13,-0.8,-7,-2,1
5.079999999999984,-3.0,0.0,1.04,-0.3499999999999996,-0.09,0.07,-0.3399999999999999,-0.18,0.12,0.0,-6,-4,1
0.0,-2.0,-7.6200000000000045,-0.5,-1.8299999999999996,0.09,-0.0199999999999999,-0.6799999999999999,-0.42,-0.2199999999999999,-0.2,9,5,1
-5.0800000000000125,-6.0,0.0,0.4700000000000002,0.6400000000000001,-0.01,0.0,2.14,-0.0199999999999999,-0.14,-0.2,-16,-2,1
2.5400000000000205,1.0,5.0800000000000125,-1.83,-0.6299999999999999,-0.1099999999999999,0.02,-1.68,-0.01,0.1699999999999999,-0.6,2,5,0
-7.6200000000000045,-4.0,0.0,2.2900000000000005,-0.0499999999999998,0.0,0.0,-1.42,-0.25,-0.25,-0.5,3,-5,1
-5.0800000000000125,8.0,0.0,-1.4700000000000002,-1.6,-0.0399999999999999,-0.03,0.04,0.13,0.1699999999999999,0.3,6,0,1
2.5400000000000205,5.0,2.539999999999992,-1.2400000000000002,-2.05,0.1,0.05,1.46,0.46,0.13,0.0,-15,0,0
0.0,-2.0,-7.6200000000000045,-0.81,-0.4100000000000001,-0.0299999999999999,-0.0299999999999999,2.1,0.0699999999999999,-0.05,0.0999999999999999,9,-5,0
7.6200000000000045,-5.0,2.539999999999992,-0.3299999999999996,0.7199999999999998,0.0299999999999999,0.12,-1.77,-0.11,0.54,-0.8,-2,-3,1
-7.6200000000000045,-6.0,-5.0800000000000125,-0.98,1.6200000000000006,-0.2299999999999999,0.03,-0.88,-0.33,-0.45,-0.1,1,-1,0
2.5400000000000205,-6.0,-5.0800000000000125,-4.51,-2.16,-0.0299999999999999,-0.0599999999999999,1.82,-0.62,-0.2399999999999999,1.6,26,14,1
-5.0800000000000125,3.0,-2.539999999999992,0.4899999999999997,0.6499999999999999,-0.06,-0.0899999999999999,0.9,0.3,0.09,-0.3,5,2,0
0.0,8.0,2.5400000000000205,-0.4599999999999999,-1.0,0.14,0.0899999999999999,-2.64,0.44,-0.16,0.2,11,2,1
-5.0800000000000125,1.0,2.539999999999992,-0.4000000000000003,-0.0699999999999998,-0.03,0.05,1.12,0.0499999999999999,-0.02,0.5,5,-3,1
-2.5400000000000205,4.0,7.6200000000000045,-0.9499999999999996,0.2999999999999998,-0.03,-0.0799999999999999,1.67,-0.0899999999999999,-0.03,0.9,16,3,1
2.539999999999992,-5.0,2.539999999999992,2.49,1.1800000000000002,0.09,-0.0499999999999999,-0.25,-0.08,0.15,-0.3,-7,-9,1
15.240000000000007,-2.0,10.159999999999997,-0.1799999999999997,-0.31,0.03,-0.0299999999999999,-1.2,0.04,-0.19,0.3,-5,2,0
-15.240000000000007,5.0,-15.240000000000007,-0.33,0.54,-0.12,0.05,2.120000000000001,-0.01,0.06,-0.6,2,4,1
-5.0800000000000125,7.0,-5.0800000000000125,0.98,1.98,-0.13,-0.1099999999999999,0.1299999999999999,-0.2799999999999999,-0.47,0.1999999999999999,5,11,0
-5.079999999999984,-6.0,7.6200000000000045,2.15,1.6199999999999997,0.08,-0.05,-0.4399999999999999,-0.15,0.24,-0.2999999999999999,11,0,1
-5.079999999999984,-5.0,5.079999999999984,1.4300000000000002,0.04,-0.06,0.01,-0.92,0.02,-0.25,-1.2,-7,-8,1
-15.240000000000007,0.0,-2.5400000000000205,0.4899999999999997,-1.4499999999999995,0.05,0.0699999999999999,3.1900000000000004,-0.0399999999999999,0.0999999999999999,0.5000000000000001,0,1,0
2.539999999999992,-9.0,2.539999999999992,0.8300000000000001,-1.2400000000000002,0.06,0.0999999999999999,-0.6700000000000002,0.1699999999999999,-0.16,-0.2,2,-7,0
-15.23999999999998,3.0,-17.78,-1.48,-1.0,0.0199999999999999,-0.01,1.92,0.12,-0.1699999999999999,-0.2999999999999999,2,3,0
12.699999999999989,6.0,2.539999999999992,-1.56,-0.6000000000000001,0.0,-0.08,0.5300000000000001,0.0299999999999999,-0.13,0.4,8,10,0
5.079999999999984,5.0,10.160000000000023,0.08,-1.4999999999999996,0.19,-0.19,2.17,0.3399999999999999,0.03,-0.5,6,6,0
-5.0800000000000125,-7.0,-5.0800000000000125,1.2299999999999995,0.4199999999999999,0.0,-0.0699999999999999,1.7200000000000002,0.2,-0.03,0.3,9,-1,1
10.159999999999997,1.0,7.6200000000000045,-4.17,-1.75,-0.1699999999999999,-0.03,1.53,-0.1599999999999999,-0.26,2.3,4,-2,1
12.699999999999989,-5.0,10.159999999999997,1.24,1.7500000000000002,0.0,0.0699999999999999,0.6200000000000001,0.2199999999999999,0.29,0.4999999999999999,5,3,1
-10.159999999999997,-1.0,-12.699999999999989,0.2599999999999998,-2.0700000000000003,0.06,0.04,-0.0499999999999999,-0.26,-0.07,-0.3,6,-2,1
-2.539999999999992,5.0,0.0,-2.5199999999999996,-0.7899999999999996,0.07,-0.06,2.83,0.33,-0.0799999999999999,-0.1,-9,-2,0
-7.6200000000000045,2.0,-2.539999999999992,0.1199999999999996,-0.1899999999999999,0.05,0.12,0.6200000000000001,0.0799999999999999,0.48,-0.4,11,-1,1
-2.5400000000000205,1.0,5.079999999999984,0.3600000000000003,1.4300000000000006,-0.0099999999999999,-0.1099999999999999,-0.2199999999999999,-0.2599999999999999,0.01,0.8999999999999999,1,0,0
-15.23999999999998,8.0,-2.539999999999992,1.4499999999999995,1.04,0.04,0.1599999999999999,-0.38,-0.26,0.05,-0.0999999999999999,17,20,0
5.079999999999984,4.0,0.0,1.21,-0.0899999999999998,0.1699999999999999,0.12,-0.75,0.37,0.17,-1.0,1,9,0
-2.539999999999992,7.0,-5.0800000000000125,-0.5699999999999998,-1.31,0.0499999999999999,0.03,1.81,0.37,-0.12,0.7000000000000001,2,1,0
-12.700000000000015,7.0,-5.0800000000000125,-1.5100000000000002,0.0899999999999998,-0.1,0.08,-0.32,0.15,0.33,-0.6000000000000001,5,6,1
7.6200000000000045,-2.0,0.0,-1.04,0.1100000000000003,-0.0499999999999999,-0.0599999999999999,1.12,-0.0799999999999999,0.4,1.6,-11,-4,0
-7.6200000000000045,-1.0,2.539999999999992,0.4399999999999999,2.64,0.13,-0.13,-3.0,-0.2799999999999999,-0.78,-1.0,4,5,0
-2.5400000000000205,3.0,2.539999999999992,0.3900000000000001,2.28,0.06,-0.0599999999999999,-0.1499999999999999,-0.19,-0.0799999999999999,1.0,-1,-1,1
7.6200000000000045,5.0,2.539999999999992,0.8900000000000001,-0.94,0.1099999999999999,0.02,-0.01,0.25,0.0899999999999999,0.5,7,2,1
-2.539999999999992,0.0,-2.539999999999992,1.7500000000000004,2.02,0.07,-0.13,-0.6299999999999999,-0.03,0.21,0.8,15,-1,1
2.539999999999992,-14.0,5.0800000000000125,1.8900000000000008,0.79,-0.0199999999999999,-0.04,-0.5,-0.28,-0.16,0.1999999999999999,0,-9,1
0.0,7.0,2.5400000000000205,1.43,3.3699999999999997,0.0499999999999999,0.07,-0.0699999999999998,-0.01,0.17,0.7,5,9,1
-5.0800000000000125,-1.0,-7.6200000000000045,1.4,0.1,-0.13,0.0899999999999999,1.69,-0.15,0.0299999999999999,-0.9,0,-1,0
-7.6200000000000045,10.0,0.0,-1.31,-0.3600000000000003,0.06,-0.0899999999999999,-0.2299999999999999,-0.17,-0.23,0.7000000000000001,1,2,0
7.619999999999976,0.0,7.6200000000000045,-1.4500000000000002,0.27,-0.14,-0.01,-1.78,-0.3,-0.68,0.6,-5,2,0
2.539999999999992,2.0,0.0,1.52,-0.4100000000000001,0.1299999999999999,-0.04,-0.01,-0.02,-0.19,0.1,7,5,0
7.619999999999976,13.0,-2.539999999999992,1.71,1.2599999999999998,0.12,-0.12,-1.47,0.18,-0.63,1.9,50,13,1
5.079999999999984,-1.0,0.0,-1.0799999999999996,-0.48,-0.0499999999999999,-0.02,-0.21,-0.01,-0.0299999999999999,0.5,4,0,1
0.0,0.0,5.0800000000000125,-1.4299999999999995,1.36,-0.14,0.01,0.1,-0.08,0.08,-0.5,-5,-3,0
-2.539999999999992,6.0,2.5400000000000205,-2.99,-3.3200000000000003,-0.06,0.02,0.1999999999999999,-0.2199999999999999,-0.04,0.1,-3,-2,1
-7.6200000000000045,-2.0,-10.159999999999997,-2.55,2.66,-0.06,0.0099999999999999,0.0,0.0,0.33,0.0,-4,0,0
0.0,3.0,5.0800000000000125,-1.91,-2.01,0.0299999999999999,0.2,-4.41,-0.62,-0.25,-0.9,0,-1,0
7.6200000000000045,-2.0,2.539999999999992,0.3799999999999999,-1.5199999999999996,-0.01,0.1299999999999999,-3.53,-0.14,0.3199999999999999,-4.1,11,3,1
7.6200000000000045,7.0,0.0,0.8500000000000001,-1.3000000000000005,-0.07,0.0999999999999999,1.7199999999999998,0.0799999999999999,0.0299999999999999,0.1,10,-1,0
0.0,5.0,7.619999999999976,-0.2700000000000004,-0.7999999999999994,0.0099999999999999,0.0599999999999999,1.0,-0.2799999999999999,0.0999999999999999,0.2,-13,-4,1
15.23999999999998,5.0,10.159999999999997,-1.9299999999999995,-1.1700000000000002,0.02,-0.04,2.41,0.07,-0.13,0.5,6,-3,1
12.699999999999989,2.0,12.699999999999989,3.15,2.1800000000000006,-0.05,0.05,-2.2,-0.15,-0.14,0.8,4,4,0
-27.94,4.0,-15.240000000000007,0.02,1.5700000000000005,-0.01,0.01,1.66,0.06,0.0899999999999999,0.0,-11,-4,0
12.699999999999989,4.0,5.0800000000000125,-2.609999999999999,-2.1,-0.03,-0.04,1.76,-0.06,-0.1599999999999999,0.3,-8,-2,1
5.0800000000000125,12.0,7.6200000000000045,0.9300000000000002,-0.1899999999999999,0.14,0.01,-1.92,-0.17,0.0399999999999999,1.4,12,8,0
-5.079999999999984,4.0,5.0800000000000125,-2.76,-1.97,0.0,0.04,0.6600000000000001,0.46,-0.14,0.0,-4,-2,0
7.6200000000000045,-8.0,2.539999999999992,-0.2099999999999999,-1.5700000000000005,0.06,-0.07,-0.1499999999999999,0.01,-0.3599999999999999,0.3,-10,-7,0
-7.6200000000000045,-4.0,-5.0800000000000125,0.6400000000000001,-2.29,0.06,0.0899999999999999,0.6000000000000001,0.04,0.0499999999999999,-1.2999999999999998,4,-3,0
-2.539999999999992,-1.0,0.0,-0.3700000000000001,-2.04,0.09,0.0899999999999999,-0.9300000000000002,-0.14,0.0,0.4,10,-3,1
5.079999999999984,10.0,5.079999999999984,1.3499999999999996,-1.39,0.03,0.0799999999999999,-0.3,0.0399999999999999,-0.2,0.0999999999999999,3,-1,1
0.0,-2.0,0.0,1.4700000000000002,2.4200000000000004,0.1399999999999999,-0.0499999999999999,-1.51,-0.0799999999999999,-0.15,-1.4,-3,-2,0
15.23999999999998,-3.0,15.23999999999998,-0.3599999999999999,0.3799999999999999,-0.07,0.0499999999999999,-0.7600000000000001,-0.14,-0.1999999999999999,1.7,3,1,0
0.0,-2.0,2.539999999999992,1.4699999999999998,1.61,0.0999999999999999,-0.11,-3.66,-0.22,-0.17,0.0999999999999999,1,8,0
-2.539999999999992,2.0,-2.539999999999992,-2.629999999999999,-0.31,0.07,-0.1799999999999999,-0.34,-0.22,0.29,-0.0999999999999999,-14,-4,0
2.5400000000000205,-1.0,-7.6200000000000045,-0.2800000000000002,0.9500000000000002,-0.1099999999999999,0.0599999999999999,-0.97,-0.19,-0.21,-0.1,5,-2,1
-5.0800000000000125,5.0,0.0,2.3199999999999994,2.08,0.0,-0.0599999999999999,-0.16,-0.5,-0.14,-0.2,-5,0,1
0.0,-1.0,0.0,0.0299999999999998,0.4899999999999997,-0.08,0.1100000000000001,-1.12,-0.2399999999999999,0.16,0.0,3,5,1
-2.539999999999992,-7.0,-2.5400000000000205,1.73,0.4400000000000001,0.26,0.04,0.6500000000000004,0.0,-0.13,1.4,11,2,1
5.079999999999984,-4.0,2.539999999999992,0.7700000000000002,0.1099999999999998,-0.1099999999999999,0.0099999999999998,-1.09,-0.13,-0.4499999999999999,0.5,0,3,0
-7.6200000000000045,-5.0,2.539999999999992,4.12,1.31,0.0,0.0499999999999999,-0.3399999999999999,0.03,0.24,-0.8,1,-3,1
-5.0800000000000125,-3.0,2.539999999999992,0.6500000000000004,1.5600000000000005,-0.09,-0.02,-0.52,-0.13,0.0999999999999999,-0.1,10,-2,1
0.0,8.0,-5.0800000000000125,-0.04,-1.0700000000000005,-0.03,0.0499999999999999,0.8,0.32,0.1099999999999999,0.4,15,9,1
7.6200000000000045,12.0,5.0800000000000125,-0.77,-1.39,0.06,0.04,1.62,0.0499999999999999,0.1099999999999999,0.6,0,-3,0
-2.5400000000000205,-1.0,2.539999999999992,0.8300000000000001,0.02,0.0499999999999999,0.3099999999999999,1.31,0.2499999999999999,0.19,-0.8,22,7,0
0.0,-5.0,0.0,0.52,-0.5899999999999999,0.04,-0.1299999999999999,-1.8600000000000003,-0.01,-0.2299999999999999,-0.3,15,0,0
0.0,0.0,2.539999999999992,-1.86,-1.2600000000000002,0.1099999999999999,0.04,1.65,0.15,0.1399999999999999,0.4,-16,-8,1
12.699999999999989,10.0,15.240000000000007,1.8099999999999996,0.92,0.07,0.0,0.52,-0.55,0.38,0.0999999999999999,-5,4,0
-10.159999999999997,2.0,-5.0800000000000125,-0.3700000000000001,-1.52,-0.0399999999999999,0.0599999999999999,-2.16,-0.35,-0.0599999999999999,0.5999999999999999,2,1,0
-7.6200000000000045,6.0,-2.539999999999992,1.0,-0.6099999999999994,0.0399999999999999,0.13,-1.09,-0.37,0.17,-0.3,6,2,0
-5.079999999999984,1.0,7.6200000000000045,0.52,0.7799999999999998,0.0499999999999999,-0.13,-1.62,-0.0099999999999999,-0.38,-0.1,-12,0,0
-2.539999999999992,5.0,-2.539999999999992,-1.0,0.0700000000000002,-0.01,0.0599999999999999,0.7000000000000002,-0.06,0.04,0.1999999999999999,1,0,0
7.6200000000000045,-3.0,0.0,0.02,-0.54,0.06,-0.15,-0.48,0.03,0.08,-0.1,7,4,1
17.78,-6.0,-2.5400000000000205,-1.58,-0.8599999999999999,-0.24,-0.04,-1.86,0.2,-0.07,0.3,2,-6,1
12.699999999999989,-6.0,5.0800000000000125,-1.0300000000000002,-4.549999999999999,-0.0199999999999999,0.1399999999999999,4.89,0.5,0.53,-0.5,-3,-4,1
-5.0800000000000125,1.0,5.0800000000000125,0.3499999999999996,2.51,-0.0399999999999999,0.08,-2.07,-0.1799999999999999,0.4999999999999999,0.0,8,11,1
-12.699999999999989,-1.0,-5.0800000000000125,1.09,0.4599999999999999,0.0899999999999999,0.0999999999999999,-0.22,0.06,-0.16,-0.5,-1,-5,1
0.0,1.0,2.539999999999992,1.2200000000000002,-3.0599999999999996,0.2,0.0,0.78,0.39,0.74,-0.1999999999999999,11,0,1
-2.539999999999992,-8.0,-5.0800000000000125,1.0099999999999998,1.7899999999999996,-0.12,-0.01,0.8499999999999999,0.0399999999999999,0.4,-0.7,-2,-3,1
-12.699999999999989,3.0,-5.0800000000000125,-3.71,-2.55,-0.17,0.0299999999999999,0.2,-0.33,-0.5800000000000001,-0.1,5,4,0
0.0,3.0,2.539999999999992,-0.9000000000000001,-0.4700000000000002,0.0099999999999999,0.02,-1.54,-0.02,-0.16,0.3,-7,-3,0
-5.0800000000000125,11.0,0.0,-2.11,-2.4200000000000004,-0.02,-0.0499999999999999,1.01,0.06,0.0399999999999999,0.0,-4,-1,1
0.0,0.0,-10.159999999999997,0.04,-1.0000000000000002,0.1,0.1099999999999999,-0.3799999999999999,0.09,0.06,-0.5,6,-10,1
2.539999999999992,2.0,0.0,-0.25,-0.6200000000000001,-0.12,0.01,-0.5800000000000001,-0.02,-0.13,0.3999999999999999,12,4,1
-7.6200000000000045,0.0,-5.0800000000000125,-1.5799999999999996,-0.2199999999999997,-0.0799999999999999,-0.04,0.6600000000000001,-0.12,0.14,0.1,-4,-2,0
-5.0800000000000125,-10.0,5.079999999999984,-0.2399999999999993,-0.6999999999999997,-0.09,-0.12,3.73,0.1499999999999999,0.13,0.0,0,4,0
-5.0800000000000125,4.0,0.0,-2.37,-2.53,-0.0299999999999999,-0.07,3.4299999999999997,0.21,0.1599999999999999,-0.1999999999999999,-8,-5,1
5.0800000000000125,-4.0,5.0800000000000125,0.9900000000000002,-0.02,0.0499999999999999,0.01,1.46,0.24,-0.0899999999999999,0.0999999999999999,11,0,1
0.0,5.0,-2.5400000000000205,-0.4599999999999999,1.31,-0.18,0.01,2.69,0.38,0.81,-1.5000000000000002,4,5,0
2.539999999999992,2.0,0.0,1.2999999999999998,-0.9099999999999996,0.07,0.01,0.3,-0.09,-0.0399999999999999,-0.7,4,0,1
2.5400000000000205,-1.0,10.159999999999997,0.94,1.3299999999999996,-0.06,0.15,-0.9500000000000002,0.1,-0.0299999999999999,-0.6,10,8,1
0.0,-3.0,7.6200000000000045,-0.6199999999999997,0.75,-0.08,-0.12,1.0,0.36,0.1099999999999999,0.6,0,2,0
-10.159999999999997,2.0,-10.159999999999997,0.2000000000000001,-0.2000000000000001,-0.0799999999999999,-0.08,-0.49,-0.26,0.33,-0.6,-22,-13,0
-2.539999999999992,6.0,5.0800000000000125,0.1900000000000004,0.2999999999999998,0.0,0.1,-2.17,-0.32,0.29,0.9,-10,-1,0
-10.160000000000023,-7.0,-2.539999999999992,1.0600000000000005,0.4000000000000003,-0.0499999999999999,0.0799999999999999,-2.33,0.0499999999999999,-0.03,-0.6,3,-2,1
7.619999999999976,-9.0,0.0,1.0999999999999996,-0.4399999999999999,-0.0399999999999999,0.0599999999999999,0.7400000000000001,0.22,0.52,-1.5,7,4,0
7.6200000000000045,8.0,2.539999999999992,0.2599999999999998,-0.75,0.1599999999999999,0.0899999999999999,-1.05,0.09,0.01,0.6000000000000001,1,4,0
-7.6200000000000045,2.0,-5.0800000000000125,0.94,1.7899999999999996,-0.1999999999999999,-0.06,-0.76,-0.3,0.0799999999999999,-0.7000000000000001,4,0,0
5.079999999999984,3.0,5.079999999999984,1.4500000000000002,1.8400000000000003,0.1,-0.0999999999999999,-0.2,-0.2,-0.0399999999999999,0.0,8,4,0
-12.699999999999989,9.0,-5.0800000000000125,0.0500000000000002,1.6799999999999995,-0.06,0.0499999999999999,1.59,0.15,0.21,-0.2,-11,-9,1
-12.699999999999989,0.0,-2.539999999999992,0.6600000000000001,1.12,-0.02,-0.0999999999999999,0.26,-0.06,0.03,-0.3,7,7,1
-2.539999999999992,2.0,0.0,2.0,-2.0600000000000005,0.09,0.0699999999999999,-0.58,-0.0399999999999999,0.25,0.4,7,5,1
10.159999999999997,3.0,5.079999999999984,2.13,1.7399999999999998,0.1499999999999999,0.0,-0.52,0.03,0.33,-1.2999999999999998,3,7,0
15.240000000000007,-11.0,10.159999999999997,1.6499999999999997,3.5700000000000003,0.08,-0.1099999999999999,-0.56,-0.1099999999999999,0.0799999999999999,0.6000000000000001,18,5,1
-10.159999999999997,-2.0,0.0,0.0,-0.71,-0.21,-0.05,0.1099999999999999,-0.5,0.0699999999999999,-0.8,-5,-1,0
-2.539999999999992,-7.0,0.0,0.3899999999999997,-0.95,0.08,0.12,2.73,0.0,0.18,-0.4,0,-5,1
-5.079999999999984,0.0,-5.079999999999984,1.0299999999999998,0.9699999999999998,0.08,0.0499999999999999,-0.74,-0.2099999999999999,0.05,-0.2,15,1,1
-10.159999999999997,-1.0,-7.6200000000000045,-0.98,0.5700000000000003,0.0199999999999999,0.0199999999999999,2.6399999999999997,0.1099999999999999,0.1899999999999999,0.1999999999999999,8,-5,1
2.539999999999992,8.0,0.0,-0.8500000000000001,0.7600000000000002,-0.0199999999999999,-0.0499999999999999,0.77,-0.12,-0.52,1.0,4,3,0
-10.159999999999997,-3.0,-2.539999999999992,-1.1100000000000003,1.4699999999999998,-0.04,-0.04,-1.4699999999999998,0.0499999999999999,-0.0899999999999999,0.8,-5,3,0
0.0,4.0,2.539999999999992,-0.2099999999999999,1.0,0.06,0.01,0.2299999999999999,0.09,0.18,0.0,-3,-1,1
2.539999999999992,4.0,0.0,-3.19,-1.25,-0.02,-0.03,1.16,0.23,0.0399999999999999,0.0999999999999999,-11,0,1
12.699999999999989,1.0,5.079999999999984,1.62,-1.31,0.0199999999999999,0.1099999999999999,-3.68,0.09,0.59,-0.8999999999999999,2,2,0
10.159999999999997,3.0,5.0800000000000125,0.8200000000000003,0.3900000000000001,-0.0199999999999999,0.0799999999999999,-3.0399999999999996,-0.14,-0.1099999999999999,-0.2999999999999999,13,3,1
-2.539999999999992,6.0,-2.5400000000000205,1.7600000000000002,4.07,-0.08,0.01,-2.91,-0.45,0.0,0.0,9,4,1
-7.6200000000000045,-1.0,5.0800000000000125,0.52,-2.64,0.02,0.14,1.05,0.2199999999999999,-0.05,1.0,24,-5,1
-2.5400000000000205,5.0,-5.0800000000000125,-0.0499999999999998,1.1599999999999997,-0.0399999999999999,0.0799999999999999,-0.01,-0.11,0.1999999999999999,-0.6,-3,7,0
-7.619999999999976,4.0,-10.159999999999997,-1.6699999999999997,0.08,-0.1199999999999999,-0.1,0.6000000000000001,-0.39,-0.04,-0.2,-25,-6,0
-10.159999999999997,5.0,5.079999999999984,0.2600000000000002,1.1900000000000004,-0.03,-0.03,-0.1099999999999999,0.09,0.22,0.0,3,8,1
15.240000000000007,7.0,12.700000000000015,-0.3600000000000003,-1.1700000000000004,0.26,-0.16,2.87,0.64,0.46,1.0,-9,-5,0
2.539999999999992,-5.0,2.539999999999992,0.75,-0.6399999999999997,0.03,0.0999999999999999,-0.5099999999999998,0.08,-0.0999999999999999,-0.3,4,-4,1
15.240000000000007,-4.0,2.539999999999992,1.29,0.92,-0.1599999999999999,0.09,-0.1299999999999999,-0.07,0.52,0.4,4,4,1
7.619999999999976,-5.0,0.0,-0.6200000000000001,1.5200000000000005,-0.14,-0.05,0.23,0.5,0.1399999999999999,0.2,-4,0,1
2.539999999999992,0.0,-7.6200000000000045,1.22,0.5,-0.12,-0.0299999999999999,-1.04,-0.0699999999999999,-0.0599999999999999,0.5,1,-3,1
-12.700000000000015,5.0,0.0,-1.0,-0.2700000000000004,-0.08,0.01,2.25,-0.19,0.26,0.4,7,0,0
2.539999999999992,-2.0,7.619999999999976,0.3600000000000003,-2.3,0.0499999999999999,0.03,-0.0899999999999999,0.36,0.06,-0.1,0,-2,1
12.700000000000015,-7.0,5.0800000000000125,-0.4599999999999999,0.2200000000000002,-0.06,-0.0999999999999999,2.03,0.13,-0.13,0.8,2,2,0
-5.0800000000000125,2.0,-2.5400000000000205,-1.5199999999999996,-0.31,-0.07,-0.0899999999999999,1.12,0.0399999999999999,-0.0799999999999999,0.6000000000000001,4,0,0
-7.6200000000000045,5.0,-7.6200000000000045,0.6000000000000001,-0.2299999999999999,0.0,0.07,1.13,-0.07,0.0,-0.1,-5,-8,1
-7.619999999999976,-2.0,0.0,-0.1699999999999999,-2.08,0.0899999999999999,0.08,4.7,0.07,0.0299999999999999,0.8,6,-19,1
7.6200000000000045,-2.0,0.0,0.1699999999999999,-0.4199999999999999,-0.03,0.0,1.1,0.0,0.18,-0.3,0,-4,0
7.6200000000000045,-3.0,0.0,0.6200000000000001,1.5100000000000002,0.09,-0.0499999999999999,-0.94,0.25,-0.31,0.4999999999999999,-1,6,1
2.539999999999992,0.0,-2.539999999999992,-0.77,-0.2399999999999997,0.01,-0.04,0.8700000000000001,-0.1599999999999999,-0.15,1.4,14,2,1
-5.0800000000000125,5.0,-7.6200000000000045,-1.8000000000000005,-1.9700000000000009,0.2,-0.01,2.26,0.36,0.15,0.0,-5,1,1
-15.23999999999998,-1.0,-7.6200000000000045,-1.4600000000000004,-1.2000000000000002,0.0199999999999999,0.0499999999999999,1.56,0.0,-0.12,-0.3,6,6,0
2.539999999999992,10.0,2.5400000000000205,1.28,1.0,0.0299999999999999,0.09,-0.95,-0.22,0.09,-0.5,8,6,1
-7.6200000000000045,7.0,-5.0800000000000125,-0.4100000000000001,-0.3199999999999998,-0.06,0.0599999999999999,-0.4799999999999997,-0.07,-0.09,-1.8000000000000005,-14,-1,1
-2.539999999999992,3.0,-5.0800000000000125,6.1,2.94,-0.0999999999999999,0.0499999999999999,-0.5699999999999998,-0.01,0.25,-1.2,-2,-1,1
5.079999999999984,-5.0,2.5400000000000205,-0.6200000000000006,-0.3999999999999999,-0.01,0.0299999999999999,1.23,-0.2299999999999999,-0.0899999999999999,0.7,2,4,1
5.079999999999984,-13.0,-2.539999999999992,0.98,-1.67,-0.06,0.0799999999999999,0.0799999999999999,0.41,-0.21,0.3,9,-3,1
-12.699999999999989,-2.0,0.0,0.79,-0.5700000000000003,-0.0499999999999999,0.02,2.23,0.08,0.2799999999999999,-0.4999999999999999,-1,-4,1
10.159999999999997,0.0,5.0800000000000125,-1.29,-3.4400000000000004,-0.0399999999999999,-0.04,-0.15,0.29,-0.2399999999999999,-1.7,-10,-1,0
-7.6200000000000045,0.0,2.539999999999992,-1.13,-1.75,-0.0499999999999999,0.07,0.8400000000000001,-0.0499999999999999,-0.02,-0.3,-13,-5,0
2.539999999999992,5.0,2.539999999999992,-0.1899999999999999,0.6899999999999995,0.0399999999999999,-0.0499999999999999,-0.61,-0.46,-0.1799999999999999,0.3999999999999999,-13,3,0
-5.0800000000000125,4.0,-5.079999999999984,-0.8400000000000003,-1.0200000000000005,0.01,0.05,0.06,0.14,0.3199999999999999,-0.4,26,14,1
2.539999999999992,-8.0,5.079999999999984,1.89,0.0099999999999997,-0.0899999999999999,0.14,-0.47,-0.09,0.06,0.0,-2,-6,1
-5.079999999999984,8.0,-5.0800000000000125,-2.16,1.62,-0.0399999999999999,-0.18,-0.5700000000000001,0.0,-0.0599999999999999,-0.5000000000000001,-16,8,0
2.539999999999992,-4.0,5.0800000000000125,-0.4000000000000003,-0.6500000000000004,-0.07,-0.02,0.5700000000000001,0.18,-0.0299999999999999,0.0999999999999999,10,11,0
25.40000000000001,-5.0,27.94,0.0300000000000002,0.75,-0.0999999999999999,-0.0099999999999999,0.0,0.2,-0.13,1.6,14,5,1
0.0,-4.0,2.539999999999992,0.6800000000000002,0.1200000000000001,0.0099999999999999,0.0399999999999999,1.87,0.07,0.4,-0.4,-2,-4,1
-7.6200000000000045,2.0,-7.6200000000000045,0.2999999999999998,1.84,-0.14,0.06,1.0300000000000002,-0.18,-0.02,-0.4,-10,4,0
-2.5400000000000205,4.0,7.6200000000000045,2.9099999999999993,0.7199999999999998,0.06,0.03,-1.38,0.06,0.18,-0.3999999999999999,5,1,0
2.5400000000000205,0.0,7.6200000000000045,-1.0099999999999998,-1.0,0.11,-0.0399999999999999,1.05,0.14,-0.05,0.4,4,-1,1
-5.079999999999984,2.0,-5.0800000000000125,-0.48,1.2399999999999998,-0.05,0.0499999999999999,-2.28,-0.18,0.0,0.0,-4,-4,0
7.6200000000000045,4.0,7.619999999999976,-1.14,-1.4300000000000002,-0.0799999999999999,-0.02,-0.5700000000000001,-0.31,-0.21,0.0,4,0,0
7.6200000000000045,3.0,5.079999999999984,1.0199999999999998,1.2599999999999998,0.08,-0.1099999999999999,0.05,-0.55,0.0499999999999999,-0.2,-10,-2,1
2.5400000000000205,-6.0,0.0,2.16,0.6899999999999995,0.0,-0.0499999999999999,-0.1499999999999999,0.2999999999999999,-0.1499999999999999,0.6,9,-3,1
-10.159999999999997,1.0,-2.539999999999992,1.2699999999999996,-0.0099999999999997,0.0799999999999999,0.1,-0.27,0.13,0.1899999999999999,-0.3,-4,-8,0
0.0,6.0,-2.539999999999992,0.06,0.3999999999999999,0.07,-0.0699999999999999,1.5599999999999998,0.07,0.15,-0.1,11,9,0
-5.0800000000000125,2.0,5.079999999999984,0.7999999999999998,0.4800000000000004,0.0299999999999999,-0.0599999999999999,-0.05,-0.11,-0.31,1.3,-4,1,0
0.0,-11.0,0.0,0.1100000000000003,1.99,0.19,-0.06,0.25,0.14,0.22,0.2,0,-1,1
-12.700000000000015,6.0,-7.6200000000000045,-1.77,-0.8000000000000003,0.0399999999999999,0.04,0.3399999999999998,-0.0799999999999999,0.07,0.2,0,-5,0
-2.5400000000000205,2.0,-5.0800000000000125,-0.6399999999999997,-0.31,0.0499999999999999,0.01,0.72,-0.05,-0.2499999999999999,0.0,7,-2,1
0.0,2.0,0.0,-2.2899999999999996,-0.1299999999999999,-0.06,0.01,1.22,0.35,-0.05,-0.1,10,3,0
-5.079999999999984,7.0,-10.159999999999997,0.6400000000000001,0.7199999999999998,0.0,0.09,-0.4099999999999997,0.01,0.3699999999999999,-1.7,21,14,1
0.0,6.0,2.5400000000000205,-1.5200000000000005,2.22,0.0499999999999999,0.09,-3.8,0.43,0.04,0.0,-10,-7,0
7.6200000000000045,-4.0,2.539999999999992,4.59,-1.62,-0.03,0.2,0.14,0.28,0.47,0.3,11,-6,1
-5.079999999999984,-3.0,-7.6200000000000045,1.99,1.42,0.01,0.0099999999999998,0.5,0.1299999999999999,0.47,-0.1999999999999999,23,1,1
-22.860000000000017,3.0,-10.159999999999997,-0.71,1.7000000000000002,-0.09,-0.0399999999999999,0.3199999999999999,-0.0199999999999999,-0.01,-0.7000000000000001,3,2,1
0.0,6.0,-5.0800000000000125,-0.5700000000000003,-0.77,0.01,0.12,0.69,0.1399999999999999,-0.04,0.3,11,3,1
7.6200000000000045,3.0,2.5400000000000205,0.0100000000000002,-3.15,0.0299999999999999,-0.02,-0.43,0.13,-0.0999999999999999,-0.9,10,5,0
5.079999999999984,-1.0,-10.159999999999997,-0.8900000000000001,-1.52,-0.01,-0.04,0.01,-0.09,-0.48,1.5,-1,-1,1
10.159999999999997,-5.0,10.160000000000023,0.91,0.91,0.01,-0.0299999999999999,-1.6999999999999995,0.02,0.03,-0.0999999999999999,-4,3,0
0.0,6.0,2.539999999999992,-0.3799999999999999,-0.2199999999999999,0.0,0.0,0.4599999999999999,-0.06,-0.19,1.7,17,8,1
5.0800000000000125,3.0,0.0,-1.52,0.1699999999999999,-0.0499999999999999,0.0799999999999999,-1.1899999999999995,-0.01,0.35,0.5,4,0,1
-2.539999999999992,9.0,0.0,-1.66,0.9899999999999998,0.01,-0.13,0.53,0.2299999999999999,-0.2899999999999999,1.1,4,6,1
10.159999999999997,6.0,2.539999999999992,-1.91,0.02,-0.0399999999999999,-0.11,2.26,-0.13,-0.12,-0.3,-8,-5,1
5.0800000000000125,-4.0,0.0,4.2,2.7100000000000004,0.14,0.13,1.04,0.6,0.24,-3.0999999999999996,5,-1,1
15.240000000000007,-4.0,12.699999999999989,-1.39,1.16,-0.1,-0.0999999999999999,-4.18,-0.06,-0.24,-0.5,1,4,0
-2.539999999999992,-2.0,-2.5400000000000205,1.1800000000000006,0.5300000000000002,0.12,-0.0399999999999999,0.7100000000000001,-0.0499999999999999,-0.18,1.4,7,-11,0
5.079999999999984,-1.0,-2.539999999999992,-0.2799999999999998,0.8000000000000003,0.01,0.03,-2.6,0.0499999999999999,-0.2099999999999999,-0.5,-5,2,0
0.0,8.0,-5.079999999999984,1.39,-0.5599999999999996,-0.0399999999999999,0.0999999999999999,1.27,0.2,0.1099999999999999,0.6,-4,1,1
5.079999999999984,5.0,2.539999999999992,-2.26,-1.2,-0.0099999999999999,0.0999999999999999,1.6799999999999995,0.1599999999999999,0.26,0.5999999999999999,6,6,1
0.0,4.0,0.0,-0.76,0.48,-0.0699999999999999,-0.0999999999999999,-0.5699999999999998,-0.0899999999999999,-0.35,0.1,-13,2,0
2.539999999999992,-2.0,7.6200000000000045,-2.1000000000000005,0.02,-0.0399999999999999,-0.17,-0.1100000000000001,-0.0199999999999999,-0.24,2.0,7,-5,1
10.159999999999997,-3.0,0.0,2.46,0.71,0.0799999999999999,0.03,-1.21,0.07,-0.1499999999999999,0.0999999999999999,8,4,1
2.539999999999992,4.0,5.079999999999984,-1.09,-0.98,0.03,-0.0099999999999998,-1.98,-0.35,-0.27,-0.2,-8,0,0
-10.159999999999997,-4.0,-5.0800000000000125,1.16,-1.46,0.1699999999999999,0.0899999999999999,2.08,-0.53,-0.08,0.6,3,3,1
-12.700000000000015,5.0,-7.6200000000000045,-1.58,-1.27,-0.02,0.0999999999999999,1.51,-0.03,-0.0799999999999999,-0.5,-11,0,0
0.0,-2.0,0.0,1.1500000000000004,1.38,-0.1099999999999999,-0.0299999999999999,0.4400000000000001,-0.21,-0.0499999999999999,-0.8,-27,-15,1
-5.079999999999984,5.0,-5.0800000000000125,0.6599999999999997,-1.6699999999999997,0.11,0.13,0.54,-0.37,-0.44,1.0,6,2,1
-2.5400000000000205,13.0,-2.5400000000000205,-1.84,0.6200000000000001,-0.23,-0.0899999999999999,-0.3399999999999999,-0.19,-0.36,-1.9,-7,-4,0
-2.539999999999992,10.0,5.079999999999984,-1.3800000000000003,-1.31,0.0,0.04,0.66,0.0299999999999999,-0.3400000000000001,0.7000000000000001,12,6,0
-7.6200000000000045,-6.0,-12.699999999999989,-0.4299999999999997,0.4700000000000006,-0.01,0.03,0.9300000000000002,-0.01,0.14,0.1,8,4,1
5.079999999999984,-3.0,2.539999999999992,-0.5100000000000002,-0.7399999999999993,-0.06,-0.01,0.1899999999999999,0.22,-0.28,0.5,4,5,0
2.5400000000000205,0.0,0.0,1.11,0.3700000000000001,0.0299999999999999,-0.01,-0.27,0.11,0.2300000000000001,-1.6,10,7,1
-10.159999999999997,1.0,-15.240000000000007,1.2799999999999998,1.1000000000000003,0.01,-0.0699999999999999,0.71,0.18,0.26,-0.9,16,8,1
2.539999999999992,0.0,0.0,0.1200000000000001,1.6500000000000004,0.0499999999999999,-0.13,0.19,0.1699999999999999,0.0499999999999999,0.7,3,2,1
-2.539999999999992,-1.0,0.0,0.5799999999999996,1.0900000000000003,-0.0499999999999999,0.0,-0.88,-0.19,0.2099999999999999,-1.2,-1,15,0
2.539999999999992,-4.0,7.6200000000000045,0.6200000000000001,0.6199999999999997,-0.0999999999999999,-0.02,0.4399999999999999,-0.1099999999999999,0.1499999999999999,0.1,-11,-2,1
2.5400000000000205,-1.0,10.159999999999997,0.77,-1.5400000000000005,-0.02,0.1499999999999999,1.2600000000000002,0.09,-0.1999999999999999,0.1,6,-4,1
-12.700000000000015,-1.0,-7.6200000000000045,-0.0700000000000002,1.54,-0.03,-0.07,0.37,0.0,0.26,-0.5,-4,-5,1
2.539999999999992,-2.0,2.539999999999992,-1.89,-0.5300000000000002,-0.0299999999999999,0.0599999999999999,0.4199999999999999,0.02,0.17,0.4,-6,3,1
7.6200000000000045,8.0,10.159999999999997,0.7600000000000002,0.4900000000000002,-0.1099999999999999,0.07,-0.32,-0.1899999999999999,-0.0699999999999999,-0.4,-2,2,1
10.159999999999997,-9.0,-2.5400000000000205,1.83,-0.7999999999999998,0.09,0.03,-2.01,0.18,0.27,-0.7999999999999999,6,-2,1
-5.0800000000000125,0.0,5.0800000000000125,-2.06,-0.1699999999999999,0.02,-0.04,-1.09,-0.12,-0.15,0.2999999999999999,-10,-4,0
2.539999999999992,-1.0,-2.539999999999992,-0.4100000000000001,0.08,-0.1399999999999999,0.02,2.1900000000000004,0.0399999999999999,-0.04,-0.3,4,-2,1
-7.6200000000000045,7.0,-2.5400000000000205,-1.86,-0.6000000000000001,0.0399999999999999,0.0799999999999999,1.9000000000000004,-0.22,0.2299999999999999,0.0,-4,-3,1
-5.0800000000000125,3.0,0.0,-0.4900000000000002,0.25,-0.06,0.03,-1.71,0.0999999999999999,0.0499999999999999,-1.6,-10,1,1
2.539999999999992,-5.0,-5.079999999999984,-1.1300000000000003,-3.04,0.1,-0.1499999999999999,0.56,-0.07,-0.34,0.6,1,-3,1
0.0,-1.0,5.0800000000000125,-0.1200000000000001,2.2099999999999995,-0.0299999999999999,-0.0399999999999999,0.81,0.01,0.06,0.3,-9,-1,0
-5.0800000000000125,-5.0,7.6200000000000045,1.0099999999999998,-0.1299999999999999,-0.09,0.06,-0.73,-0.0799999999999999,0.5499999999999999,-0.3,24,13,1
0.0,-3.0,0.0,1.2800000000000002,-2.14,0.0999999999999999,0.1,3.0600000000000005,0.3,0.04,0.3,9,0,0
-5.0800000000000125,7.0,2.539999999999992,0.2400000000000002,-0.5,0.15,-0.1599999999999999,-0.31,-0.17,-0.4899999999999999,0.9,0,-1,0
-15.240000000000007,-2.0,0.0,-1.41,1.39,0.0899999999999999,-0.0399999999999999,0.3600000000000001,-0.72,0.1099999999999999,0.0,6,4,0
-2.539999999999992,0.0,0.0,1.1,-2.05,0.0799999999999999,0.15,-0.1799999999999999,-0.26,-0.0499999999999999,-0.3,1,-1,1
5.079999999999984,3.0,7.6200000000000045,-0.75,-0.8900000000000001,-0.0399999999999999,-0.02,0.38,-0.25,-0.25,1.2,0,7,0
5.0800000000000125,-4.0,0.0,-0.48,-2.5999999999999996,-0.02,0.0899999999999999,0.3200000000000003,0.2399999999999999,0.17,-0.3,-11,-3,1
-5.079999999999984,-1.0,-10.159999999999997,-0.6100000000000003,-2.3100000000000005,-0.05,0.0899999999999999,1.37,0.1499999999999999,-0.0999999999999999,-0.2999999999999999,-17,-8,0
15.240000000000007,7.0,12.699999999999989,0.1299999999999999,-0.0899999999999998,-0.06,-0.01,-0.5800000000000001,0.6,-0.05,0.0,-1,-1,0
7.6200000000000045,5.0,5.0800000000000125,0.1199999999999992,-3.26,0.01,0.13,-1.64,-0.08,-0.01,0.2,22,7,1
-10.159999999999997,-8.0,2.539999999999992,-0.31,0.6400000000000001,0.03,0.03,-0.3599999999999999,-0.2299999999999999,0.1,-0.1,-7,-6,1
5.0800000000000125,-2.0,2.5400000000000205,1.5399999999999996,0.2200000000000002,0.19,0.02,0.15,0.02,0.0999999999999999,0.4999999999999999,10,3,1
-10.159999999999997,2.0,-7.6200000000000045,-1.3199999999999998,-0.8999999999999999,0.0399999999999999,0.0299999999999999,0.7300000000000001,-0.0299999999999999,0.13,-0.3,1,2,0
20.319999999999993,-1.0,10.159999999999997,-0.0599999999999996,-0.3200000000000003,0.0,-0.1099999999999999,1.9,-0.0199999999999999,-0.25,0.1999999999999999,11,6,0
-10.159999999999997,-2.0,0.0,-0.04,-0.8300000000000001,-0.1099999999999999,-0.0199999999999999,2.34,0.03,-0.01,-0.0999999999999999,-3,-6,1
-5.079999999999984,-4.0,2.539999999999992,0.4900000000000002,1.06,-0.0399999999999999,-0.1099999999999999,0.1299999999999999,-0.41,-0.06,0.0,-5,-9,1
-17.78,-3.0,-2.5400000000000205,2.38,-0.0700000000000002,0.02,0.0599999999999999,3.3000000000000003,0.1,0.4599999999999999,0.3,3,2,1
7.6200000000000045,5.0,-2.5400000000000205,-1.44,0.0300000000000002,-0.0399999999999999,-0.04,1.83,0.08,-0.2699999999999999,0.6000000000000001,4,-4,1
-5.0800000000000125,-2.0,0.0,1.9400000000000004,1.7599999999999998,0.06,0.0599999999999999,-0.14,0.0199999999999999,-0.06,-0.6,5,0,1
17.78,-2.0,17.78,1.67,1.5799999999999996,0.04,-0.1999999999999999,0.4999999999999999,0.0399999999999999,-0.2799999999999999,0.3999999999999999,2,2,1
2.539999999999992,3.0,2.539999999999992,2.31,1.2600000000000002,-0.12,0.0999999999999999,-1.0600000000000005,-0.1699999999999999,-0.07,0.4,8,3,1
-2.539999999999992,-5.0,0.0,-2.02,-0.81,-0.12,0.01,1.86,-0.0499999999999999,0.2099999999999999,-0.1,-15,-4,0
2.5400000000000205,-5.0,2.539999999999992,2.66,1.83,0.06,0.0899999999999999,-2.54,0.04,-0.02,-0.7000000000000001,-7,2,1
-5.079999999999984,-1.0,0.0,2.69,1.83,0.06,0.03,-0.14,0.0,0.32,-0.2,7,8,0
0.0,1.0,5.0800000000000125,1.4900000000000002,1.91,-0.01,0.0499999999999999,-0.41,0.24,-0.2199999999999999,-0.4,11,9,0
2.539999999999992,-7.0,5.079999999999984,-2.23,-2.04,-0.02,0.04,1.02,0.2099999999999999,-0.15,0.3,-3,-1,0
10.159999999999997,4.0,7.6200000000000045,1.2899999999999996,0.0899999999999998,0.16,-0.0499999999999999,-0.3600000000000001,-0.0099999999999999,-0.2299999999999999,0.9,-5,4,0
5.0800000000000125,8.0,0.0,0.91,1.0700000000000005,0.0099999999999999,0.02,-2.1500000000000004,0.0799999999999999,-0.0099999999999998,0.3999999999999999,-6,1,0
7.6200000000000045,-10.0,5.079999999999984,1.2999999999999998,1.76,0.13,-0.03,-2.5599999999999996,-0.03,-0.12,0.4,7,6,1
0.0,-11.0,5.0800000000000125,1.0699999999999998,-1.2399999999999998,0.07,0.02,0.33,-0.0899999999999999,-0.0599999999999999,0.3999999999999999,3,-7,1
-12.700000000000015,0.0,-7.6200000000000045,-0.3699999999999996,1.04,-0.0699999999999999,-0.02,-0.6399999999999999,-0.24,0.03,-0.3,-15,-1,0
2.539999999999992,0.0,10.160000000000023,-0.0899999999999998,-4.630000000000001,0.29,-0.06,2.62,0.42,0.78,0.0,-5,4,1
2.539999999999992,2.0,5.0800000000000125,-1.48,0.71,-0.23,-0.0999999999999999,1.66,0.1699999999999999,-0.24,-0.7999999999999999,9,6,1
7.6200000000000045,6.0,7.6200000000000045,-0.0699999999999998,0.6800000000000002,-0.12,-0.0599999999999999,-1.66,-0.33,0.07,-0.3,-8,2,0
5.0800000000000125,-3.0,5.0800000000000125,0.7399999999999998,1.81,0.12,-0.06,-1.16,0.09,0.04,-0.1,2,3,1
25.40000000000001,-6.0,12.699999999999989,1.1,-3.79,0.06,-0.06,0.76,0.62,0.3799999999999999,0.3,7,-3,1
0.0,7.0,0.0,-0.0500000000000002,0.4400000000000004,-0.06,-0.05,-0.92,-0.2899999999999999,0.14,0.2,10,5,1
-7.6200000000000045,4.0,-2.5400000000000205,0.54,-0.2599999999999998,0.18,-0.16,1.4,-0.02,-0.25,0.0,-11,-9,0
-5.079999999999984,3.0,7.6200000000000045,1.12,0.04,0.0,0.05,2.48,0.2799999999999999,0.21,-0.3999999999999999,15,5,1
5.079999999999984,-3.0,-7.6200000000000045,2.62,0.33,0.05,-0.0399999999999999,1.16,0.1,0.17,0.0,-4,-6,1
12.699999999999989,1.0,2.539999999999992,0.6000000000000001,-1.31,0.03,0.06,2.35,0.38,-0.16,0.3999999999999999,13,7,1
0.0,6.0,-2.5400000000000205,-0.0500000000000002,1.36,0.07,0.05,0.9499999999999996,0.0999999999999999,0.33,-1.4,-7,-2,0
0.0,-11.0,0.0,0.3700000000000001,-1.59,0.01,-0.08,3.09,0.36,-0.25,1.0,1,2,1
7.6200000000000045,0.0,15.23999999999998,-2.6700000000000004,-1.5099999999999998,0.0199999999999999,0.0099999999999998,0.53,0.08,-0.15,0.7999999999999999,-14,-5,0
12.699999999999989,8.0,5.0800000000000125,0.4200000000000008,-0.3499999999999996,0.0,0.0,-0.7000000000000001,-0.02,-0.0199999999999999,0.6000000000000001,14,3,1
-12.699999999999989,7.0,-7.6200000000000045,0.8500000000000001,0.4299999999999997,-0.02,0.2299999999999999,0.3599999999999999,0.01,0.2599999999999999,0.4,8,9,1
15.23999999999998,5.0,5.0800000000000125,0.2000000000000001,0.5099999999999998,-0.0899999999999999,-0.0299999999999999,1.26,0.2,-0.31,1.7999999999999998,41,9,0
7.6200000000000045,5.0,5.079999999999984,1.0,-1.1100000000000003,0.14,0.06,-0.1199999999999998,0.06,0.03,0.5,-12,0,0
7.6200000000000045,-3.0,10.159999999999997,1.16,1.1000000000000003,0.0699999999999999,-0.0599999999999999,1.44,0.0199999999999999,-0.31,0.8,1,1,1
-2.539999999999992,5.0,-10.159999999999997,-0.5300000000000002,0.7699999999999996,0.0499999999999999,-0.0699999999999999,0.72,0.1,0.1899999999999999,-0.1999999999999999,-2,0,0
-5.0800000000000125,0.0,-2.5400000000000205,0.4300000000000001,2.09,0.01,0.03,1.25,0.06,-0.0699999999999999,0.9,-21,-12,0
-10.159999999999997,7.0,-2.5400000000000205,2.91,0.8600000000000003,0.2199999999999999,0.04,-0.94,0.26,0.67,0.2,1,0,1
-5.079999999999984,2.0,-2.5400000000000205,-1.5399999999999998,-1.96,-0.13,-0.05,-0.4599999999999999,-0.2799999999999999,-0.47,0.5999999999999999,18,7,1
-5.0800000000000125,0.0,-10.159999999999997,-1.0900000000000003,-1.41,0.11,-0.0299999999999999,2.17,0.32,0.0799999999999999,-0.4,7,5,0
-10.159999999999997,2.0,-5.0800000000000125,-1.9299999999999995,0.3599999999999999,-0.06,-0.0599999999999999,-0.71,-0.23,-0.2699999999999999,0.6000000000000001,-3,4,0
-12.700000000000015,-3.0,-7.6200000000000045,1.2000000000000002,0.8700000000000001,-0.0899999999999999,-0.0599999999999999,1.33,-0.33,0.1100000000000001,-0.4,-12,-8,1
5.0800000000000125,-5.0,2.5400000000000205,-0.2000000000000001,0.9200000000000004,0.06,-0.05,-1.8,0.23,0.26,-0.1999999999999999,8,-3,1
-5.079999999999984,0.0,-12.700000000000015,3.44,-1.9799999999999995,0.1599999999999999,0.1499999999999999,3.92,-0.23,0.0999999999999999,0.2,-4,-4,1
-2.539999999999992,7.0,0.0,-0.5900000000000003,-0.6699999999999999,0.14,-0.03,0.8300000000000001,0.0999999999999999,0.1899999999999999,0.0,-2,-1,0
-5.0800000000000125,8.0,0.0,-0.0599999999999996,0.7600000000000002,0.04,-0.0499999999999999,2.87,0.16,0.04,0.1999999999999999,0,-1,0
2.5400000000000205,-3.0,2.539999999999992,1.8699999999999997,0.9700000000000002,-0.01,-0.04,-0.0899999999999998,-0.09,-0.01,0.6000000000000001,-10,-5,1
2.539999999999992,3.0,0.0,-0.1499999999999999,-2.3699999999999997,-0.02,0.02,-0.8800000000000001,-0.21,-0.08,-1.2,3,-3,0
0.0,-2.0,0.0,0.0299999999999998,-1.36,0.02,0.15,0.7100000000000001,0.2699999999999999,-0.06,1.0,20,-5,1
2.539999999999992,-5.0,2.539999999999992,-0.8500000000000001,-0.3399999999999998,0.01,-0.02,0.3500000000000001,-0.21,-0.15,0.8999999999999999,2,3,1
5.079999999999984,1.0,5.079999999999984,2.97,-1.3200000000000005,0.07,0.05,-2.76,0.2,0.22,-0.6,-2,0,1
-5.079999999999984,1.0,0.0,0.4599999999999999,0.92,0.0399999999999999,0.0,2.55,0.36,0.42,-0.1,-1,2,1
5.079999999999984,1.0,5.079999999999984,0.7199999999999998,-1.8200000000000005,0.19,0.0,4.67,0.2299999999999999,0.72,-0.9,8,-5,1
-7.6200000000000045,2.0,-5.0800000000000125,-0.5799999999999996,1.5499999999999998,-0.1899999999999999,0.0599999999999999,-1.34,-0.16,-0.0699999999999999,-0.3,2,12,0
0.0,-7.0,7.6200000000000045,2.74,2.6,0.13,-0.0799999999999999,-3.54,-0.2199999999999999,-0.12,-1.5,-7,-3,1
-2.5400000000000205,-3.0,-7.6200000000000045,1.4099999999999997,1.5099999999999998,-0.08,0.0,-0.3999999999999999,0.42,0.54,-1.4,1,2,1
0.0,9.0,0.0,-1.0900000000000003,-0.5900000000000003,-0.1,-0.0999999999999999,-0.86,-0.22,-0.49,0.2,0,3,0
5.0800000000000125,4.0,-7.6200000000000045,-1.31,-2.03,-0.06,0.07,2.2,0.27,0.36,-0.0999999999999999,-24,-11,1
-10.160000000000023,-2.0,5.0800000000000125,-0.5800000000000001,-1.04,0.03,0.0999999999999999,-1.59,-0.0299999999999999,-0.13,-0.2,1,-1,0
2.5400000000000205,-1.0,-2.539999999999992,-0.8400000000000003,-1.1799999999999995,0.06,0.0499999999999999,-0.97,-0.01,-0.37,0.0999999999999999,3,10,0
-15.240000000000007,8.0,-7.6200000000000045,-0.25,2.31,-0.14,0.06,0.6099999999999999,0.01,0.12,0.1,-5,2,0
2.539999999999992,7.0,2.539999999999992,1.12,0.1299999999999999,0.07,0.03,-1.47,0.09,-0.3500000000000001,0.0999999999999999,-6,4,1
0.0,-2.0,0.0,0.33,0.5099999999999998,0.0,0.07,0.3199999999999999,0.51,0.14,0.2999999999999999,5,0,1
-7.6200000000000045,7.0,0.0,-0.4899999999999997,-0.8600000000000003,0.07,0.13,-0.05,0.1499999999999999,0.1999999999999999,1.5,14,13,0
12.700000000000015,0.0,2.5400000000000205,-3.5700000000000003,-4.550000000000001,-0.0299999999999999,-0.03,1.6,0.27,-0.2999999999999999,0.3,-5,-1,0
2.539999999999992,-8.0,0.0,1.4900000000000002,1.5200000000000002,-0.19,0.18,-1.27,0.1399999999999999,-0.09,-0.9000000000000001,2,7,1
0.0,4.0,5.0800000000000125,1.23,-0.4599999999999999,0.13,-0.0299999999999999,1.2300000000000002,0.13,-0.16,0.5,9,4,1
10.159999999999997,-4.0,2.539999999999992,-1.69,-0.9600000000000002,-0.03,0.04,-1.27,0.2299999999999999,0.21,-0.6000000000000001,-5,1,1
2.539999999999992,-1.0,-2.539999999999992,3.28,1.7500000000000004,0.14,-0.03,1.04,0.6,0.29,-0.4000000000000001,13,3,1
2.539999999999992,-7.0,0.0,-0.3600000000000003,-0.2299999999999999,-0.04,0.0799999999999999,1.51,0.06,0.2299999999999999,0.4,2,-3,0
-5.0800000000000125,-4.0,5.079999999999984,1.6,1.2700000000000005,-0.0199999999999999,0.05,0.4799999999999998,0.13,0.3,1.0,13,6,1
-5.0800000000000125,2.0,-5.079999999999984,0.5300000000000002,-1.3899999999999997,0.04,0.0499999999999999,0.92,0.33,0.7,-0.5,-5,-7,1
-5.079999999999984,-2.0,-2.5400000000000205,-1.2000000000000002,-2.6699999999999995,0.1699999999999999,0.05,1.13,-0.47,-0.13,0.2,-1,0,1
7.6200000000000045,2.0,2.5400000000000205,-2.59,0.5100000000000007,-0.14,0.0699999999999999,-0.75,-0.1,0.08,0.0,-9,-2,0
-2.539999999999992,0.0,5.0800000000000125,0.1099999999999998,0.8599999999999999,-0.0899999999999999,-0.1099999999999999,0.5700000000000001,0.03,-0.42,-0.4,-8,-2,1
5.0800000000000125,7.0,5.0800000000000125,-0.5800000000000005,-0.3700000000000001,0.08,0.0999999999999999,-0.0199999999999995,-0.1799999999999999,0.0,1.7,-2,-1,1
-2.5400000000000205,3.0,7.6200000000000045,-0.91,-0.6299999999999999,0.07,-0.1099999999999999,0.9499999999999996,0.1099999999999999,-0.4899999999999999,2.4,-10,-1,0
10.159999999999997,1.0,2.5400000000000205,0.0900000000000003,-2.19,-0.06,-0.06,0.7500000000000001,0.37,0.08,-1.7,-8,-2,0
0.0,-2.0,-2.5400000000000205,0.9100000000000006,-1.2399999999999998,-0.02,0.01,1.21,0.14,-0.2299999999999999,-0.1,-17,-15,1
-2.539999999999992,0.0,-7.6200000000000045,0.0100000000000002,-1.73,0.12,0.0199999999999999,0.78,0.03,-0.29,0.2,5,8,1
-2.539999999999992,5.0,-2.539999999999992,1.34,-1.9800000000000004,0.1099999999999999,0.0,1.6799999999999995,-0.01,0.27,-0.3,6,3,1
5.0800000000000125,-6.0,5.0800000000000125,-0.2300000000000004,-0.0299999999999998,0.1099999999999999,-0.12,-0.3500000000000001,-0.14,0.02,0.7,-14,-3,0
2.539999999999992,-5.0,5.0800000000000125,1.2600000000000002,0.02,-0.07,0.0599999999999999,1.2799999999999998,0.12,0.25,-0.7000000000000001,-11,-7,1
-5.0800000000000125,-9.0,7.6200000000000045,4.04,1.88,0.0,0.02,-1.57,0.2,0.3799999999999999,-0.6000000000000001,5,-1,1
7.6200000000000045,7.0,5.0800000000000125,-0.5800000000000001,-0.6499999999999999,0.0099999999999999,-0.02,-0.1699999999999999,0.04,-0.2,-0.2,-2,5,1
2.539999999999992,-2.0,-2.5400000000000205,-0.6899999999999995,0.6200000000000001,-0.01,-0.0899999999999999,0.1300000000000001,-0.01,-0.1099999999999999,1.1,-1,-7,1
-2.5400000000000205,-9.0,2.539999999999992,1.4300000000000002,3.53,0.0499999999999999,-0.12,-1.96,-0.0899999999999999,-0.1,0.6,-22,-18,1
-10.159999999999997,-3.0,-12.699999999999989,-0.3500000000000001,-0.6600000000000001,0.0899999999999999,-0.03,1.64,0.01,0.2300000000000001,0.2,9,1,1
12.700000000000015,9.0,10.159999999999997,-4.15,-0.6100000000000003,-0.19,-0.08,-1.13,-0.33,-0.36,0.1999999999999999,-11,-4,0
0.0,4.0,7.619999999999976,-1.16,0.9499999999999996,-0.1699999999999999,-0.04,0.0399999999999999,-0.32,-0.26,1.1,0,-3,0
7.6200000000000045,1.0,-5.0800000000000125,2.5700000000000003,1.52,-0.09,0.02,0.85,0.64,0.07,-0.9000000000000001,16,3,1
-2.539999999999992,2.0,-2.539999999999992,-0.9700000000000002,0.3700000000000001,-0.12,0.16,0.12,0.86,0.5800000000000001,-0.2,-7,-2,0
2.539999999999992,4.0,0.0,3.16,1.42,-0.0399999999999999,0.0499999999999999,-1.27,-0.53,0.13,0.0,-8,-4,1
12.700000000000015,0.0,-2.539999999999992,1.7799999999999998,1.0199999999999996,0.0299999999999999,0.01,-0.93,-0.2,-0.05,0.0,8,0,0
-2.539999999999992,0.0,-7.6200000000000045,0.6099999999999999,0.8500000000000001,-0.04,-0.01,0.33,0.0299999999999999,0.26,0.0999999999999999,6,-10,0
-2.539999999999992,-2.0,2.5400000000000205,0.25,0.8900000000000001,0.06,0.0,-2.01,-0.12,0.2099999999999999,-0.8,-3,-2,0
-5.0800000000000125,-8.0,2.5400000000000205,0.5899999999999999,0.0099999999999997,-0.01,-0.0199999999999999,-0.6799999999999999,-0.36,0.0699999999999999,0.3,12,8,1
5.0800000000000125,2.0,0.0,0.52,0.3099999999999996,0.0099999999999999,0.01,1.11,0.1699999999999999,-0.07,0.1999999999999999,17,11,0
5.079999999999984,4.0,-2.539999999999992,-1.0100000000000002,-0.31,-0.01,0.03,2.24,0.0799999999999999,0.0799999999999999,0.0999999999999999,11,10,0
0.0,6.0,0.0,-1.6,-2.2700000000000005,0.09,-0.08,3.8,0.25,-0.0699999999999999,0.0,-2,-5,1
-5.079999999999984,4.0,-5.0800000000000125,1.09,-0.0099999999999997,0.06,0.0,0.7300000000000002,0.1,0.2,-0.7999999999999999,1,1,1
0.0,-2.0,-5.079999999999984,-1.66,-0.3700000000000001,-0.1699999999999999,-0.08,-0.3400000000000001,0.1399999999999999,-0.0099999999999998,1.0,2,0,1
7.6200000000000045,-5.0,-2.539999999999992,2.2000000000000006,-1.1999999999999995,0.18,0.0399999999999999,-0.5999999999999999,-0.01,-0.35,0.0,2,-5,0
10.159999999999997,8.0,0.0,0.2299999999999999,1.58,-0.01,0.0,2.02,0.3,-0.31,1.0,-3,-1,0
-7.619999999999976,5.0,0.0,-1.2300000000000004,-1.1799999999999995,-0.01,0.01,-0.1100000000000001,-0.03,-0.37,1.2,4,5,0
-5.0800000000000125,-2.0,2.539999999999992,0.9399999999999996,0.0,0.0099999999999999,0.12,1.5499999999999998,-0.2099999999999999,0.0399999999999999,0.7000000000000001,0,-4,1
5.0800000000000125,-3.0,-2.539999999999992,-0.2799999999999993,-6.16,0.12,0.13,0.66,0.55,0.3199999999999999,0.4,11,-5,1
-7.6200000000000045,8.0,-5.0800000000000125,-0.8599999999999999,0.5699999999999998,0.0399999999999999,-0.0499999999999999,-2.88,-0.02,-0.3399999999999999,0.7,13,9,1
0.0,-1.0,-2.539999999999992,-2.0999999999999996,-0.3799999999999999,0.0,0.06,1.2200000000000002,0.28,0.3,0.6000000000000001,-3,-5,0
-7.6200000000000045,3.0,2.539999999999992,-1.9599999999999995,-0.8500000000000001,-0.12,0.0799999999999999,0.8100000000000003,-0.22,-0.02,-0.3,2,-8,1
5.079999999999984,-4.0,5.0800000000000125,1.0100000000000002,0.25,-0.01,-0.02,-0.99,-0.18,-0.0499999999999999,-0.7000000000000001,-13,-8,1
-12.699999999999989,9.0,-2.5400000000000205,-1.2300000000000004,-3.0,0.08,0.13,0.6499999999999999,-0.08,-0.13,-0.1999999999999999,13,1,1
-10.159999999999997,-3.0,-12.699999999999989,-0.1699999999999999,0.6199999999999997,-0.0499999999999999,0.0,-0.3299999999999999,0.2299999999999999,0.21,0.3,11,1,1
-2.539999999999992,4.0,0.0,-1.8299999999999996,-1.0100000000000002,-0.15,0.0399999999999999,-3.85,0.03,0.3399999999999999,0.7000000000000001,13,3,1
10.159999999999997,1.0,7.6200000000000045,1.2400000000000002,0.73,0.0799999999999999,-0.03,-0.3299999999999998,0.0799999999999999,-0.28,0.6,-2,-1,1
7.619999999999976,-2.0,2.539999999999992,-0.1099999999999998,-0.7600000000000002,0.19,0.0,1.04,0.19,-0.03,0.6000000000000001,13,-4,1
-5.0800000000000125,8.0,-17.78,-0.2299999999999999,-0.9500000000000002,-0.0199999999999999,0.0399999999999999,0.2599999999999999,-0.17,0.1099999999999999,-0.8999999999999999,-14,-1,0
2.539999999999992,-3.0,0.0,1.9199999999999997,0.3399999999999998,-0.19,0.0899999999999999,-1.7,-0.3899999999999999,0.0899999999999999,-1.0,-1,-1,0
5.0800000000000125,-12.0,5.0800000000000125,1.61,-0.5999999999999996,0.03,-0.1499999999999999,0.0699999999999998,0.14,-0.2999999999999999,1.4,11,2,1
0.0,-5.0,-7.619999999999976,2.23,-0.0700000000000002,-0.06,0.0899999999999999,0.0299999999999999,0.22,-0.06,-0.0999999999999999,9,1,1
7.619999999999976,1.0,-5.0800000000000125,0.28,0.4100000000000001,-0.19,0.14,1.35,-0.1,0.0599999999999999,-1.0,12,1,1
17.78,0.0,10.160000000000023,-1.1800000000000002,0.08,-0.03,-0.0499999999999999,1.7200000000000002,0.42,0.32,0.0999999999999999,1,-1,1
7.619999999999976,0.0,12.700000000000015,-1.04,-0.8700000000000001,0.04,-0.01,-0.49,-0.0399999999999999,0.0399999999999999,0.9,-9,1,0
0.0,-5.0,0.0,-0.4899999999999997,-1.33,0.0099999999999999,-0.04,-0.2799999999999998,0.0199999999999999,-0.52,0.7,-1,-3,0
5.079999999999984,-11.0,2.539999999999992,0.04,-1.34,0.04,0.04,1.22,0.1699999999999999,0.02,-1.6,3,-11,1
-12.699999999999989,-2.0,2.5400000000000205,2.27,-0.1899999999999999,0.3,0.15,-2.8200000000000003,-0.18,0.4199999999999999,0.4,13,-2,1
-2.539999999999992,-3.0,5.0800000000000125,0.3600000000000001,-1.7800000000000002,0.0299999999999999,0.12,3.03,0.43,-0.26,0.7999999999999999,9,-1,1
10.160000000000023,-4.0,2.539999999999992,1.2600000000000002,-1.0999999999999996,0.0999999999999999,0.17,0.8299999999999998,0.09,0.2799999999999999,0.0,0,-16,1
5.079999999999984,0.0,-2.539999999999992,-0.3399999999999998,-1.63,0.08,0.07,1.36,0.24,-0.0999999999999999,0.3,11,-1,1
-7.6200000000000045,-1.0,-2.539999999999992,-1.13,-0.8999999999999999,0.0199999999999999,-0.0299999999999999,0.13,0.0,-0.15,1.0,0,-1,0
-10.160000000000023,-8.0,0.0,1.4700000000000002,0.9700000000000002,-0.0499999999999999,0.02,-1.7399999999999998,0.0399999999999999,0.0499999999999999,-0.5,5,-2,1
-7.6200000000000045,-2.0,0.0,0.8000000000000003,-0.1200000000000001,0.09,0.01,-1.4700000000000002,-0.1999999999999999,-0.1099999999999999,0.3999999999999999,-7,-6,1
2.539999999999992,-13.0,-2.5400000000000205,1.48,0.27,-0.06,0.17,-0.19,0.22,0.14,0.1,9,2,1
0.0,0.0,7.619999999999976,0.8600000000000003,1.31,-0.0999999999999999,0.0,-2.71,-0.3299999999999999,-0.19,0.2,4,-1,1
-5.079999999999984,-6.0,-10.159999999999997,0.2200000000000002,0.5800000000000001,-0.0399999999999999,0.0,1.5000000000000002,0.0399999999999999,-0.2299999999999999,0.3,11,2,1
2.5400000000000205,-4.0,-7.6200000000000045,-1.7799999999999998,0.1499999999999999,0.0299999999999999,-0.13,2.42,0.0899999999999999,0.19,-0.3999999999999999,2,0,0
-5.0800000000000125,1.0,-2.5400000000000205,0.3400000000000003,-0.54,0.1499999999999999,-0.05,0.3799999999999999,0.1,-0.01,0.5,11,4,1
-15.240000000000007,7.0,0.0,-0.96,-1.3000000000000005,0.02,0.13,-1.87,-0.0299999999999999,-0.0899999999999999,0.0,10,4,0
2.539999999999992,0.0,5.0800000000000125,1.59,2.01,0.12,-0.12,-0.8700000000000001,-0.1099999999999999,-0.13,0.9,14,1,1
12.699999999999989,-3.0,10.159999999999997,-1.0500000000000005,-0.08,-0.07,0.02,0.7199999999999999,0.3299999999999999,-0.02,0.4,0,0,1
0.0,-1.0,0.0,2.05,-2.46,0.0399999999999999,0.26,4.970000000000001,-0.02,0.37,0.1,16,-4,1
2.5400000000000205,1.0,0.0,2.62,0.5299999999999998,0.09,0.0399999999999999,-1.41,0.13,-0.15,-0.0999999999999999,6,7,1
-7.6200000000000045,-2.0,-7.619999999999976,1.9099999999999997,0.95,0.0799999999999999,0.0299999999999999,-1.4300000000000002,-0.1599999999999999,0.2,-0.0999999999999999,4,-1,0
-7.6200000000000045,5.0,-5.0800000000000125,0.2300000000000004,1.6399999999999997,-0.09,-0.0399999999999999,-0.51,-0.09,0.2199999999999999,-0.7,-5,-3,0
5.0800000000000125,2.0,-2.539999999999992,-0.2700000000000004,-0.9899999999999998,-0.0399999999999999,-0.01,1.41,-0.0499999999999999,0.0899999999999999,0.4,-8,5,0
17.78,0.0,12.699999999999989,3.12,1.86,-0.08,-0.0399999999999999,-4.02,-0.13,0.0799999999999999,0.0999999999999999,12,5,0
-2.5400000000000205,-3.0,-5.079999999999984,1.0700000000000005,0.75,-0.0099999999999999,0.0599999999999999,-2.55,-0.06,0.13,-0.7,7,2,1
0.0,-3.0,-5.079999999999984,0.5500000000000003,0.2600000000000002,0.06,0.02,-1.75,-0.2,-0.47,-0.5,-7,-4,0
0.0,1.0,-2.539999999999992,1.5499999999999994,0.4900000000000002,0.0799999999999999,0.0199999999999999,-2.15,-0.32,0.03,0.2,3,1,1
2.539999999999992,2.0,0.0,-0.7800000000000002,1.2999999999999998,-0.0499999999999999,-0.09,0.38,-0.1599999999999999,-0.1100000000000001,0.3,18,5,0
7.6200000000000045,-5.0,2.539999999999992,0.31,-0.4599999999999999,0.0499999999999999,-0.1699999999999999,-2.2699999999999996,-0.13,-0.13,-1.1,10,1,1
7.6200000000000045,4.0,0.0,-1.1999999999999995,0.33,-0.09,-0.18,-4.96,0.0899999999999999,0.3999999999999999,0.3,-1,-1,1
-2.539999999999992,1.0,0.0,-0.1699999999999999,-0.27,-0.0299999999999999,-0.11,-0.3399999999999998,-0.09,-0.1,-0.1,-13,-4,1
-10.159999999999997,4.0,-5.0800000000000125,-1.16,1.3499999999999996,-0.0499999999999999,-0.13,-0.22,-0.21,-0.17,-0.0999999999999999,-1,3,0
-2.539999999999992,0.0,-2.539999999999992,1.0700000000000005,0.52,0.08,-0.03,0.4900000000000001,0.0199999999999999,-0.06,-0.5,-2,-3,0
7.619999999999976,-2.0,0.0,-0.3799999999999999,-0.2299999999999999,-0.0899999999999999,0.02,0.56,0.0799999999999999,0.54,-0.2,13,-1,1
-7.6200000000000045,5.0,-7.6200000000000045,-0.54,-2.1499999999999995,0.11,0.02,1.9,0.3,-0.31,-0.5,-5,1,0
7.6200000000000045,2.0,-2.539999999999992,1.3299999999999996,-1.6900000000000004,0.13,0.24,-3.97,-0.2,-0.37,-0.9,8,2,1
-5.079999999999984,-1.0,0.0,1.1399999999999997,1.13,0.0499999999999999,0.04,0.7899999999999999,0.14,0.2799999999999999,-0.5,-2,1,0
-17.78,6.0,-12.699999999999989,0.6299999999999999,-0.94,-0.0399999999999999,0.13,-1.51,0.15,0.0999999999999999,-1.8,-5,3,1
-22.859999999999985,10.0,-15.240000000000007,-0.4500000000000002,0.9300000000000002,0.0,0.01,-0.48,0.0799999999999999,0.2299999999999999,0.2,5,-2,0
2.539999999999992,-5.0,2.539999999999992,-0.6500000000000004,-0.1,0.07,-0.01,-0.1099999999999998,-0.0499999999999999,-0.0999999999999999,0.3999999999999999,-3,1,1
-22.859999999999985,12.0,-5.0800000000000125,1.6700000000000002,2.4999999999999996,-0.0399999999999999,0.0899999999999999,-1.5599999999999998,-0.0499999999999999,0.25,-0.5,2,-1,1
7.6200000000000045,0.0,7.6200000000000045,-1.95,-2.3899999999999997,-0.01,0.12,1.83,0.0399999999999999,-0.42,0.2,4,7,0
5.0800000000000125,-2.0,10.159999999999997,0.2800000000000002,0.5099999999999998,0.0299999999999999,-0.04,0.71,0.4,0.02,0.2,-10,0,1
-10.159999999999997,-6.0,-12.699999999999989,-3.77,-1.0,-0.03,-0.2099999999999999,1.7100000000000002,-0.01,-0.2199999999999999,0.3,-11,-4,0
17.78,-4.0,10.159999999999997,1.71,1.7799999999999998,0.0299999999999999,-0.03,-0.6599999999999999,0.12,0.17,0.4,17,9,1
-5.0800000000000125,-5.0,2.539999999999992,0.5800000000000001,-0.0499999999999998,0.04,-0.05,-0.3799999999999999,-0.0999999999999999,0.0,-0.0999999999999999,-10,-1,0
-5.0800000000000125,2.0,-5.0800000000000125,-1.1,0.5,-0.0199999999999999,-0.03,-0.31,-0.19,-0.03,0.0,7,12,1
15.240000000000007,1.0,2.539999999999992,-1.84,-1.91,0.02,-0.07,2.3299999999999996,0.06,-0.1,-0.3999999999999999,-2,-8,1
-5.079999999999984,-3.0,-7.6200000000000045,0.75,0.8900000000000001,0.0399999999999999,0.02,-0.38,0.25,0.25,-1.2,0,-7,0
10.159999999999997,5.0,5.0800000000000125,0.5899999999999999,-0.1899999999999999,-0.0499999999999999,0.05,-1.12,-0.01,0.2299999999999999,-1.2,-5,-3,0
7.6200000000000045,-3.0,12.699999999999989,2.33,2.5399999999999996,-0.01,-0.01,-1.66,-0.1199999999999999,-0.17,-0.3,0,5,0
12.699999999999989,-6.0,7.6200000000000045,1.9299999999999995,-0.1899999999999999,0.04,-0.01,2.4299999999999997,0.18,0.26,-1.4,4,-1,1
7.6200000000000045,-1.0,7.6200000000000045,1.27,0.5100000000000002,-0.01,-0.05,0.1699999999999999,-0.0899999999999999,0.1099999999999999,0.2999999999999999,0,1,1
2.5400000000000205,-1.0,7.6200000000000045,-0.2099999999999999,0.3999999999999999,0.0199999999999999,0.03,0.04,0.05,-0.12,0.3999999999999999,-13,-3,0
0.0,-3.0,-2.539999999999992,-1.16,1.5599999999999996,-0.03,-0.17,-1.09,-0.41,-0.1699999999999999,1.4,4,2,0
10.160000000000023,5.0,2.539999999999992,-1.69,-1.46,-0.06,-0.04,-1.04,0.42,0.5,0.2,3,3,1
-2.539999999999992,1.0,-2.539999999999992,1.4300000000000002,0.06,-0.02,0.03,1.11,0.0099999999999999,0.17,-1.1999999999999995,9,8,1
2.539999999999992,2.0,5.0800000000000125,-0.27,-0.1600000000000001,-0.0499999999999999,-0.0199999999999999,-0.07,-0.2,-0.0199999999999999,-0.8999999999999999,-6,-4,1
2.539999999999992,-4.0,7.6200000000000045,-0.92,-0.02,-0.0399999999999999,-0.16,-0.1,0.2,0.23,0.0,0,-3,1
12.700000000000015,2.0,15.23999999999998,2.88,2.66,0.0399999999999999,-0.06,1.13,0.3,0.2799999999999999,0.8,19,5,0
5.0800000000000125,3.0,2.5400000000000205,-1.2800000000000002,-0.6600000000000001,0.2299999999999999,-0.05,-0.55,0.34,0.0599999999999999,0.5,4,2,0
-5.0800000000000125,-4.0,2.5400000000000205,1.62,-1.7800000000000002,0.0999999999999999,0.16,-0.51,0.3299999999999999,0.29,0.0,14,-3,1
0.0,-7.0,10.159999999999997,1.11,-0.3900000000000001,0.14,0.02,-1.65,-0.48,0.0699999999999999,0.8,-22,-7,1
5.0800000000000125,-3.0,5.0800000000000125,1.0500000000000005,-1.4699999999999998,0.0999999999999999,0.13,-1.4600000000000002,0.19,0.1,0.1999999999999999,-14,-7,0
-15.240000000000007,1.0,-7.6200000000000045,1.02,0.7200000000000002,-0.06,-0.11,-3.04,-0.29,0.2,-0.2,-8,-5,0
-2.5400000000000205,7.0,0.0,0.4599999999999999,-1.6600000000000006,-0.07,0.05,0.73,0.0199999999999999,-0.0899999999999999,-0.7,-8,-2,1
7.6200000000000045,-1.0,12.699999999999989,0.7799999999999998,0.7000000000000002,0.14,-0.13,-2.2,-0.05,0.49,0.7,3,-1,1
-2.539999999999992,-13.0,-2.539999999999992,1.96,1.29,-0.0099999999999999,-0.03,-0.04,0.3,0.5700000000000001,-1.0,-2,-8,1
-2.5400000000000205,0.0,0.0,0.54,2.0799999999999996,-0.01,0.0,-1.01,-0.24,-0.1899999999999999,0.6,-13,0,0
-7.619999999999976,0.0,7.6200000000000045,1.08,0.7199999999999998,0.0099999999999999,-0.01,-1.97,-0.1499999999999999,0.16,-0.1,-1,2,0
0.0,1.0,-7.6200000000000045,-0.29,-1.96,0.0699999999999999,-0.02,0.05,0.1,-0.3199999999999999,0.1,12,7,1
7.6200000000000045,-1.0,7.619999999999976,-1.1100000000000003,-1.7299999999999995,0.2,-0.03,1.08,-0.55,0.17,1.2,-4,-2,1
-7.6200000000000045,4.0,5.079999999999984,1.42,1.9300000000000008,-0.0499999999999999,0.07,-1.1900000000000002,-0.0499999999999999,0.0999999999999999,0.6,14,5,1
2.5400000000000205,-5.0,5.079999999999984,2.05,1.2299999999999998,0.0099999999999999,-0.1099999999999999,0.0900000000000003,-0.0899999999999999,0.02,-0.7999999999999999,2,-2,1
0.0,-9.0,5.0800000000000125,0.6400000000000001,0.0,0.06,0.0399999999999999,-0.6499999999999999,0.01,0.0,0.0,8,3,1
-7.6200000000000045,-8.0,-2.5400000000000205,2.38,1.06,0.02,0.0899999999999999,0.2600000000000002,-0.0799999999999999,0.1899999999999999,0.0,-19,-2,1
12.699999999999989,-4.0,5.0800000000000125,1.1599999999999997,1.27,-0.07,-0.0099999999999998,-2.18,-0.36,-0.05,-0.0999999999999999,-20,-4,1
5.079999999999984,0.0,5.0800000000000125,0.7999999999999998,0.9200000000000004,-0.0999999999999999,0.0599999999999999,-0.4000000000000001,-0.1,-0.2299999999999999,0.9,14,3,1
-10.159999999999997,3.0,-10.159999999999997,-4.1,-1.3000000000000005,-0.0999999999999999,-0.03,2.87,-0.12,-0.1099999999999999,-0.1,-13,0,0
-12.700000000000015,5.0,-5.0800000000000125,-0.2200000000000002,0.3999999999999999,-0.0199999999999999,0.0299999999999999,-0.58,-0.26,0.16,0.7,4,2,0
2.539999999999992,10.0,-5.0800000000000125,-0.8300000000000001,-1.0699999999999998,0.0699999999999999,0.0599999999999999,-0.3299999999999999,0.41,0.0,0.8,3,2,0
0.0,1.0,5.0800000000000125,1.5,0.0,0.21,-0.1,1.61,0.1899999999999999,0.33,-0.1,-5,1,0
-15.240000000000007,-1.0,-7.6200000000000045,-0.6200000000000001,0.9600000000000004,-0.01,-0.01,3.5700000000000003,0.05,-0.02,0.3,1,1,0
-5.0800000000000125,10.0,-5.0800000000000125,0.1,3.27,-0.1,-0.1299999999999999,-0.6900000000000002,-0.1399999999999999,-0.01,0.0,8,10,1
15.23999999999998,-3.0,5.0800000000000125,0.3199999999999998,-0.3000000000000002,-0.06,-0.02,0.5000000000000001,-0.04,0.04,0.4,15,10,1
2.539999999999992,-1.0,0.0,1.58,0.4299999999999997,-0.0899999999999999,-0.01,-2.3,0.0,0.0599999999999999,0.3,8,0,1
0.0,4.0,-2.539999999999992,-0.2600000000000002,-1.5900000000000003,0.08,0.0999999999999999,4.15,0.39,0.26,1.2,8,5,1
0.0,12.0,5.079999999999984,-1.5,-1.1799999999999995,0.13,0.0,1.66,0.0199999999999999,0.0199999999999999,1.5,15,8,1
5.079999999999984,2.0,0.0,-0.9900000000000002,-0.6499999999999999,0.08,-0.14,2.4499999999999997,0.1599999999999999,0.0399999999999999,0.3,15,7,1
10.159999999999997,-4.0,5.0800000000000125,-1.5699999999999998,-5.17,0.14,-0.1099999999999999,0.53,0.26,0.53,0.0,7,7,1
-7.619999999999976,-1.0,-7.6200000000000045,-2.04,-0.2300000000000002,0.01,-0.07,0.4700000000000002,-0.13,-0.3599999999999999,0.5,2,0,0
0.0,7.0,2.539999999999992,1.42,-0.6700000000000002,0.06,0.1099999999999999,0.5800000000000001,-0.3399999999999999,-0.48,1.5,1,0,0
0.0,-7.0,0.0,-1.5500000000000005,0.52,-0.1099999999999999,-0.13,0.5,-0.03,-0.52,1.9,6,3,1
-15.240000000000007,2.0,-7.6200000000000045,-0.2399999999999997,1.7500000000000004,-0.01,-0.0999999999999999,-0.53,-0.03,-0.1899999999999999,-0.5,0,9,0
10.159999999999997,0.0,0.0,0.4300000000000001,0.4400000000000001,0.0399999999999999,-0.1099999999999999,-0.94,0.1299999999999999,-0.03,0.1999999999999999,-1,1,1
0.0,4.0,-2.539999999999992,-0.5099999999999998,-2.52,0.08,0.0999999999999999,0.58,0.21,-0.1499999999999999,1.0,-4,-6,0
7.6200000000000045,9.0,12.699999999999989,-1.31,-1.11,0.0499999999999999,-0.1099999999999999,0.5599999999999999,0.35,-0.32,0.7000000000000001,12,5,0
-2.539999999999992,-6.0,0.0,-1.7699999999999996,-2.63,0.04,0.1399999999999999,1.6800000000000002,0.12,-0.09,0.3,-7,-10,0
-2.539999999999992,-2.0,2.5400000000000205,1.5799999999999996,0.2299999999999999,0.0799999999999999,0.02,-1.52,-0.1099999999999999,-0.02,-0.3,-15,-8,1
-10.159999999999997,-4.0,0.0,-2.18,-0.4499999999999997,0.14,-0.01,1.65,0.11,0.0699999999999999,-0.1999999999999999,-7,0,0
0.0,-1.0,2.539999999999992,0.8300000000000001,-1.2799999999999998,-0.06,0.1099999999999999,1.7599999999999998,0.12,0.5,0.0999999999999999,12,4,1
0.0,-4.0,2.539999999999992,1.11,-0.8700000000000001,0.15,0.01,-2.140000000000001,-0.06,0.05,-0.5,-4,-2,0
-2.5400000000000205,4.0,-7.6200000000000045,1.7899999999999998,0.0099999999999997,-0.0799999999999999,-0.01,-0.2899999999999998,-0.1499999999999999,-0.3399999999999999,0.6,-7,-3,0
7.619999999999976,-2.0,0.0,1.7000000000000002,-0.5699999999999998,0.18,0.0899999999999999,0.09,0.35,-0.0499999999999999,0.7,10,7,1
-5.0800000000000125,1.0,2.539999999999992,-1.8000000000000005,-0.0899999999999998,-0.12,0.0,-0.34,-0.29,-0.14,-0.5,-9,-1,0
-2.539999999999992,-1.0,-5.0800000000000125,1.1799999999999995,0.8600000000000003,0.0799999999999999,-0.0799999999999999,-1.2599999999999998,-0.12,-0.0599999999999999,0.7000000000000001,-6,1,0
7.6200000000000045,-3.0,2.5400000000000205,-1.2700000000000005,-0.9499999999999996,0.06,-0.01,-2.31,0.14,-0.32,0.6000000000000001,-5,4,0
-7.6200000000000045,-4.0,7.6200000000000045,-0.6199999999999997,1.5199999999999996,-0.09,-0.22,1.21,0.68,0.1999999999999999,-0.4999999999999999,6,2,1
-2.5400000000000205,-6.0,-2.539999999999992,0.5500000000000003,1.42,-0.0499999999999999,0.02,-0.24,-0.07,0.15,-0.5,-8,7,0
-5.0800000000000125,4.0,-7.6200000000000045,-0.4199999999999999,-0.3700000000000001,-0.02,-0.03,0.48,-0.2,-0.23,-1.1,1,-2,1
-7.6200000000000045,0.0,-2.539999999999992,-0.3799999999999999,-0.81,0.02,0.1499999999999999,-0.51,-0.1299999999999999,0.0,-0.1999999999999999,-6,-3,0
10.159999999999997,2.0,5.0800000000000125,-2.5,-1.1800000000000002,-0.08,0.16,1.14,0.06,-0.0899999999999999,0.0999999999999999,-1,3,0
-5.079999999999984,1.0,7.6200000000000045,0.8200000000000003,0.4599999999999999,0.06,-0.0899999999999999,-1.75,-0.1299999999999999,0.04,0.0,-1,-4,1
-2.5400000000000205,1.0,-7.619999999999976,-3.41,-3.8399999999999994,-0.0299999999999999,0.11,2.11,0.35,0.7,-0.2,0,0,1
-2.5400000000000205,0.0,5.079999999999984,0.4500000000000002,-1.2500000000000004,0.0499999999999999,-0.1099999999999999,0.53,0.1999999999999999,-0.24,1.0,6,3,1
-5.079999999999984,-1.0,-5.0800000000000125,3.0900000000000003,-0.81,0.1699999999999999,0.01,0.27,-0.65,-0.0399999999999999,0.3,14,6,1
7.6200000000000045,7.0,2.539999999999992,-0.6400000000000001,-1.1999999999999995,0.12,0.2099999999999999,2.22,0.24,0.0199999999999999,0.0,4,1,1
-2.539999999999992,3.0,-7.6200000000000045,0.1899999999999999,2.0,0.0799999999999999,0.0399999999999999,0.06,0.18,0.27,-1.0,-2,2,1
7.619999999999976,-4.0,2.539999999999992,1.0400000000000005,0.6199999999999997,0.08,-0.0299999999999999,1.48,-0.0199999999999999,-0.0799999999999999,-0.2,-14,-19,1
-2.539999999999992,5.0,0.0,-0.2299999999999999,-0.5999999999999996,0.04,0.05,0.07,0.2199999999999999,0.04,0.1,0,2,0
-12.699999999999989,3.0,-2.539999999999992,-1.1300000000000003,-3.16,0.0899999999999999,0.13,2.04,0.41,0.2300000000000001,-0.6,6,8,0
0.0,2.0,-7.6200000000000045,0.8399999999999999,1.55,-0.22,-0.06,1.4700000000000002,-0.0499999999999999,-0.0999999999999999,-0.2999999999999999,3,4,1
7.6200000000000045,-8.0,5.079999999999984,0.81,1.13,-0.07,-0.05,-0.3499999999999998,0.16,-0.1099999999999999,0.4999999999999999,-9,-8,1
10.159999999999997,11.0,5.079999999999984,-1.7899999999999996,-2.08,0.09,0.06,1.19,0.32,0.16,0.5,-1,1,0
0.0,-3.0,0.0,0.1200000000000001,1.1199999999999997,0.0299999999999999,0.0199999999999999,0.63,0.0,-0.2299999999999999,-0.4,-4,-3,1
-2.5400000000000205,5.0,2.539999999999992,-0.0199999999999995,-0.5700000000000003,0.0699999999999999,0.04,1.17,0.38,0.1099999999999999,0.1,-13,-7,0
-2.539999999999992,-1.0,-2.5400000000000205,2.77,0.5800000000000005,0.1699999999999999,-0.01,0.3700000000000001,-0.3,-0.01,0.7,14,3,1
-5.0800000000000125,4.0,2.539999999999992,1.39,3.38,0.0399999999999999,0.17,-1.5499999999999998,-0.17,0.2699999999999999,1.7,7,4,0
0.0,-1.0,7.619999999999976,-0.9000000000000004,-0.5000000000000004,0.11,-0.2299999999999999,1.02,-0.1999999999999999,-0.36,-0.6,-4,-2,1
-7.619999999999976,-1.0,-12.699999999999989,-0.9300000000000002,-1.2700000000000005,0.0099999999999999,0.0699999999999999,0.79,0.0199999999999999,-0.1799999999999999,-0.6,-4,-1,1
-7.619999999999976,-3.0,0.0,0.8200000000000003,0.8900000000000001,-0.17,-0.0099999999999998,-1.12,-0.05,0.08,-0.7000000000000001,-26,-10,0
-7.6200000000000045,-1.0,-5.079999999999984,-0.3000000000000007,0.06,-0.06,0.0499999999999999,-0.43,0.1099999999999999,0.4000000000000001,-1.3,1,6,0
-2.539999999999992,0.0,2.539999999999992,-2.9499999999999997,-2.4499999999999997,0.0,-0.01,0.7600000000000001,0.02,-0.2199999999999999,0.0,-5,5,0
2.5400000000000205,-1.0,0.0,0.6000000000000001,1.0299999999999998,0.11,-0.15,0.1599999999999997,-0.15,0.05,2.4000000000000004,17,5,1
5.079999999999984,-4.0,5.0800000000000125,-0.06,0.2600000000000002,-0.02,-0.01,1.6799999999999995,0.03,-0.0799999999999999,0.3999999999999999,-18,-10,0
0.0,2.0,0.0,3.370000000000001,1.89,-0.06,0.0,-2.18,-0.06,0.1,-0.4,-5,0,0
7.6200000000000045,-1.0,-2.539999999999992,0.0100000000000002,0.8700000000000001,0.03,-0.12,-1.1899999999999995,-0.1699999999999999,0.0,-2.1,-1,-1,0
-7.6200000000000045,-5.0,-2.539999999999992,0.8700000000000001,1.29,0.0499999999999999,-0.12,0.3499999999999996,-0.06,-0.2,1.0,13,2,1
5.079999999999984,4.0,-5.0800000000000125,1.6100000000000003,0.4000000000000003,-0.01,0.0,1.5699999999999998,0.1099999999999999,0.19,-0.3,-2,1,1
22.859999999999985,7.0,5.079999999999984,0.52,-0.06,-0.02,-0.06,-2.33,0.26,0.2099999999999999,-0.7,7,-2,1
-10.159999999999997,2.0,-5.079999999999984,-1.7500000000000004,-0.92,-0.0299999999999999,0.0599999999999999,-0.18,-0.01,0.25,0.0,9,2,0
2.539999999999992,0.0,-2.539999999999992,-1.1199999999999997,0.5899999999999999,-0.06,-0.03,2.9000000000000004,0.14,0.0,-0.1999999999999999,-1,1,0
-2.539999999999992,-2.0,2.539999999999992,-0.91,-0.2199999999999997,-0.02,0.02,0.9999999999999998,0.09,-0.21,1.3,13,5,0
0.0,11.0,5.079999999999984,-0.04,-0.9300000000000002,-0.18,0.14,0.5900000000000003,-0.35,-0.05,0.0,9,6,1
-5.0800000000000125,-5.0,5.0800000000000125,4.0,1.7000000000000002,0.0699999999999999,0.01,-0.8899999999999999,0.15,0.1899999999999999,-0.1,-3,-12,1
2.5400000000000205,1.0,0.0,-1.29,-0.91,-0.0699999999999999,0.12,-0.1999999999999999,-0.01,-0.03,0.7000000000000001,22,4,1
-10.159999999999997,-4.0,-15.240000000000007,1.7800000000000002,-1.2400000000000002,0.1699999999999999,0.0499999999999999,0.32,-0.1099999999999999,-0.2,0.1,7,2,1
0.0,-3.0,0.0,-0.6299999999999999,1.23,0.0999999999999999,-0.05,-2.44,0.06,0.13,0.7,-2,3,1
-5.0800000000000125,13.0,7.6200000000000045,-1.06,-0.2000000000000001,0.04,0.04,-2.3000000000000003,-0.18,0.1099999999999999,-0.6000000000000001,0,-1,1
2.539999999999992,3.0,5.0800000000000125,0.8000000000000003,1.25,-0.2199999999999999,0.18,-3.31,-0.5,0.47,1.4,-3,1,0
-17.78,2.0,-5.0800000000000125,1.1599999999999993,-1.5199999999999996,0.12,0.21,-0.33,-0.5,0.13,-0.7,3,1,0
0.0,5.0,-2.539999999999992,3.0199999999999996,0.79,-0.08,0.18,1.54,0.0499999999999999,0.0299999999999999,-0.2999999999999999,5,8,1
5.0800000000000125,4.0,0.0,0.9900000000000002,0.4699999999999997,-0.0899999999999999,-0.02,-1.84,-0.24,-0.35,0.0,5,6,1
-12.700000000000015,-2.0,-2.5400000000000205,1.14,3.49,-0.09,-0.15,0.17,0.16,0.52,-2.2,4,13,0
-2.539999999999992,-2.0,0.0,-0.7600000000000007,-0.0700000000000002,0.0,0.0199999999999999,0.0899999999999999,0.15,0.0799999999999999,-0.8,-2,1,0
2.539999999999992,-3.0,0.0,-2.49,1.8499999999999996,0.0,-0.0699999999999999,0.5700000000000001,0.12,-0.25,1.0,10,7,0
-5.0800000000000125,14.0,-7.6200000000000045,-0.91,-1.0100000000000002,0.1099999999999999,-0.01,2.32,0.1699999999999999,0.16,-0.5999999999999999,16,6,1
7.6200000000000045,-3.0,12.699999999999989,0.27,-0.4999999999999998,-0.0199999999999999,0.01,-0.9500000000000002,0.02,-0.13,0.0,-3,-4,1
5.0800000000000125,-1.0,2.539999999999992,1.7100000000000002,-2.2500000000000004,0.0499999999999999,0.1099999999999999,0.12,0.3399999999999999,0.13,-0.1999999999999999,2,1,0
0.0,1.0,2.539999999999992,0.3399999999999998,0.8899999999999997,-0.11,0.21,0.1099999999999998,0.1399999999999999,0.2499999999999999,-0.5,5,1,1
-10.159999999999997,4.0,-12.699999999999989,1.09,1.4800000000000002,0.0199999999999999,0.0399999999999999,-1.75,-0.06,-0.12,0.7,19,10,0
-5.079999999999984,-5.0,5.079999999999984,2.17,-0.8399999999999999,0.27,0.0699999999999999,-1.0099999999999998,0.04,0.41,0.6,-2,-4,1
-2.539999999999992,-5.0,-2.5400000000000205,0.4700000000000002,-0.1799999999999997,-0.06,0.0,0.39,-0.0499999999999999,-0.06,-0.1,-6,-8,0
7.6200000000000045,-1.0,17.78,2.9499999999999997,0.5699999999999998,-0.01,0.0899999999999999,-1.5400000000000005,-0.07,0.12,-0.2,9,2,1
2.539999999999992,-5.0,0.0,0.5500000000000003,-0.8900000000000001,-0.0799999999999999,-0.0399999999999999,1.38,0.07,-0.0999999999999999,-0.2,7,0,0
0.0,-11.0,0.0,1.7800000000000002,-0.81,0.13,-0.05,1.75,0.0399999999999999,-0.1299999999999999,0.4,-5,-9,1
12.700000000000015,-9.0,7.619999999999976,-0.6999999999999997,1.33,-0.13,-0.1099999999999999,-2.9299999999999997,-0.38,0.0699999999999999,0.2,3,1,1
-10.159999999999997,-7.0,-2.539999999999992,1.38,0.5899999999999999,0.04,0.0699999999999999,1.14,0.1099999999999999,0.56,-0.7,9,-2,1
-10.159999999999997,1.0,-5.0800000000000125,-1.1199999999999997,-1.2599999999999998,-0.0199999999999999,-0.01,1.02,-0.1399999999999999,-0.0899999999999999,0.5,-11,-10,1
-7.6200000000000045,8.0,2.5400000000000205,1.64,-0.6399999999999999,0.26,0.1899999999999999,-1.14,-0.09,0.4299999999999999,0.6,13,-1,1
-5.0800000000000125,7.0,-5.079999999999984,-0.1299999999999999,-0.08,0.0299999999999999,0.0999999999999999,0.4399999999999999,0.47,0.42,1.0,1,5,0
7.6200000000000045,-6.0,5.0800000000000125,2.28,1.3600000000000003,0.2,-0.0499999999999999,-1.16,-0.2299999999999999,-0.1999999999999999,-0.9,-1,-4,1
-12.700000000000015,4.0,-12.699999999999989,-2.25,-1.87,0.07,0.13,0.99,0.0799999999999999,-0.06,-0.0999999999999999,0,-7,1
-12.700000000000015,1.0,-12.700000000000015,-0.0899999999999998,1.1500000000000004,0.0,0.0599999999999999,-0.39,-0.31,0.27,-0.3,7,-2,1
-2.539999999999992,-11.0,5.079999999999984,-0.1400000000000001,0.93,-0.05,-0.13,-2.1799999999999997,-0.09,-0.26,0.0,-1,2,0
-12.699999999999989,5.0,-10.159999999999997,0.5900000000000003,-0.02,0.0399999999999999,-0.02,0.3900000000000001,0.0,0.1599999999999999,0.0999999999999999,-3,-2,0
10.159999999999997,1.0,-2.539999999999992,-0.52,-1.6799999999999995,0.08,-0.04,1.6800000000000002,-0.11,0.43,0.0,-2,-2,1
22.859999999999985,4.0,15.240000000000007,-0.0799999999999996,-0.81,0.05,-0.0599999999999999,1.21,0.1,-0.0499999999999999,0.1999999999999999,11,3,1
-2.539999999999992,-1.0,-5.0800000000000125,0.4399999999999999,-0.1499999999999999,0.0999999999999999,0.0099999999999998,0.33,0.09,0.0,0.0999999999999999,-11,-5,1
7.6200000000000045,1.0,2.539999999999992,-2.35,-0.9500000000000002,-0.07,0.04,-0.1699999999999999,0.0299999999999999,0.12,0.3999999999999999,7,4,0
-2.539999999999992,0.0,0.0,0.5299999999999998,0.2199999999999997,-0.0399999999999999,0.0,-0.4499999999999999,0.03,0.01,0.4,8,6,0
-12.699999999999989,3.0,5.0800000000000125,-0.75,-0.2800000000000002,-0.06,0.05,2.79,0.15,-0.08,-0.2,-2,2,1
-5.0800000000000125,-1.0,-2.539999999999992,-1.26,0.98,-0.3,-0.12,-7.1,-0.7,-0.42,3.8,2,5,0
2.5400000000000205,-7.0,2.539999999999992,0.08,-0.2299999999999999,-0.05,-0.04,-2.07,-0.23,0.1099999999999999,-0.3999999999999999,8,-3,1
-7.6200000000000045,2.0,-7.6200000000000045,1.0699999999999998,0.1499999999999994,0.0399999999999999,0.1099999999999999,-1.92,0.03,-0.1399999999999999,0.7,0,1,0
15.23999999999998,-4.0,15.240000000000007,2.49,1.58,-0.0999999999999999,0.04,-2.61,0.04,0.49,-0.6,-11,1,0
-7.6200000000000045,-5.0,-2.539999999999992,0.96,1.3499999999999996,0.12,-0.12,5.359999999999999,0.38,-0.28,4.7,-3,-4,0
-7.6200000000000045,-4.0,-2.5400000000000205,1.7700000000000005,-2.1500000000000004,0.1099999999999999,0.04,-0.5,0.1699999999999999,0.14,-0.1999999999999999,8,-1,1
-25.40000000000001,6.0,-15.23999999999998,-0.08,-0.1899999999999999,-0.02,0.01,-0.3099999999999999,0.26,-0.02,-0.6000000000000001,-6,2,1
15.240000000000007,6.0,0.0,-1.3400000000000003,0.3999999999999999,0.06,-0.0499999999999999,-0.27,0.0,-0.1799999999999999,0.1,-8,4,0
22.860000000000017,-1.0,22.859999999999985,1.04,2.52,0.0099999999999999,-0.1299999999999999,-1.27,0.05,-0.1099999999999999,1.6,19,9,0
5.079999999999984,-12.0,2.539999999999992,0.98,-1.4499999999999995,0.0,0.0399999999999999,0.52,-0.6,0.29,0.1999999999999999,-4,-4,1
2.539999999999992,7.0,2.539999999999992,1.09,-0.81,0.0999999999999999,0.06,0.0,0.22,-0.1099999999999999,0.3,5,3,1
-2.539999999999992,13.0,0.0,-2.11,-1.6999999999999995,-0.01,-0.02,1.5799999999999998,-0.01,-0.4999999999999999,1.1,-2,-4,0
5.079999999999984,2.0,0.0,0.96,0.3199999999999998,0.18,-0.06,0.0,0.0,-0.0499999999999999,1.0,-11,-4,0
-7.6200000000000045,1.0,0.0,0.6299999999999999,-0.6400000000000001,0.01,0.01,-0.03,0.11,-0.0899999999999999,0.6,6,0,1
0.0,-7.0,2.539999999999992,-0.8499999999999999,0.1299999999999999,-0.0099999999999999,-0.01,-0.5,0.0799999999999999,-0.0399999999999999,0.3,-6,-1,1
0.0,1.0,0.0,-0.5299999999999998,1.0799999999999996,-0.01,-0.04,-2.3800000000000003,-0.0799999999999999,0.3199999999999999,0.8,23,2,1
2.5400000000000205,-5.0,-2.539999999999992,0.9099999999999996,1.2599999999999998,0.07,0.0499999999999999,-0.3099999999999999,0.0,0.14,-0.5,6,-3,1
12.699999999999989,0.0,5.0800000000000125,-0.9899999999999998,-0.6200000000000001,0.06,-0.1199999999999999,-0.1999999999999997,-0.06,-0.0699999999999999,0.1999999999999999,4,6,1
2.539999999999992,-2.0,2.5400000000000205,-1.1100000000000003,0.3700000000000001,-0.01,0.0,1.5700000000000005,-0.1899999999999999,-0.39,0.3,2,5,0
-10.159999999999997,10.0,-5.0800000000000125,0.8600000000000003,2.0899999999999994,0.1199999999999999,-0.0599999999999999,-4.449999999999999,0.0699999999999999,-0.2199999999999999,0.6,9,6,0
2.539999999999992,0.0,5.0800000000000125,-0.7,0.1999999999999997,-0.0999999999999999,0.04,1.9,0.08,0.52,0.4,18,6,0
2.539999999999992,6.0,2.539999999999992,-1.93,-0.6800000000000002,0.0899999999999999,0.01,1.1900000000000002,-0.1,-0.35,1.0,-9,-3,0
0.0,3.0,0.0,0.6400000000000001,0.6999999999999997,-0.07,-0.01,-0.7000000000000002,-0.06,0.05,-0.9,17,14,0
5.0800000000000125,1.0,2.539999999999992,2.640000000000001,-0.2999999999999998,0.0399999999999999,0.0899999999999999,-1.74,-0.34,0.1099999999999999,-2.3,-4,2,0
10.159999999999997,-1.0,0.0,1.0299999999999998,-1.3299999999999996,0.0299999999999999,0.04,1.18,0.3299999999999999,-0.24,0.3,2,2,1
-7.6200000000000045,3.0,5.079999999999984,1.29,2.3300000000000005,0.0299999999999999,-0.0399999999999999,-0.37,-0.09,-0.1,0.4,-3,4,0
-2.539999999999992,1.0,0.0,-1.54,0.8199999999999998,-0.19,-0.24,-1.48,-0.45,-0.68,-0.9,-12,-1,0
2.539999999999992,3.0,2.5400000000000205,-2.54,-1.3000000000000005,-0.0099999999999999,-0.07,1.19,0.12,0.3899999999999999,-0.5,-5,-7,0
-7.619999999999976,-8.0,0.0,0.5500000000000003,-0.4300000000000001,-0.11,-0.02,-1.19,-0.07,-0.12,-0.5,9,0,1
-7.6200000000000045,8.0,-5.079999999999984,0.5699999999999998,-0.3499999999999996,0.0299999999999999,0.0699999999999999,-2.42,-0.5599999999999999,-0.02,-0.2999999999999998,8,8,1
-7.619999999999976,-2.0,-2.539999999999992,1.13,-0.0499999999999998,0.0999999999999999,0.0,0.75,0.46,-0.0499999999999999,0.6,7,2,1
-5.0800000000000125,1.0,5.0800000000000125,0.0499999999999998,1.29,0.04,-0.0499999999999999,-0.8900000000000001,-0.21,-0.1699999999999999,0.6,-10,-2,0
5.0800000000000125,4.0,-5.0800000000000125,-0.8499999999999996,0.1999999999999997,-0.06,-0.0499999999999999,2.46,0.23,0.13,-0.7000000000000001,5,1,0
5.0800000000000125,-1.0,2.5400000000000205,1.11,1.28,-0.08,-0.0999999999999999,0.9500000000000002,0.0499999999999999,0.11,1.1,14,7,1
-17.78,8.0,-15.240000000000007,0.2199999999999997,-0.6099999999999999,0.12,0.03,0.3,0.0499999999999999,-0.0299999999999999,0.0,4,-5,1
-2.539999999999992,-4.0,5.0800000000000125,0.6799999999999997,-1.03,0.06,0.0799999999999999,0.3900000000000001,0.0,0.07,0.4,4,-3,1
-7.6200000000000045,2.0,-7.6200000000000045,-1.1499999999999997,1.83,0.03,-0.19,1.64,-0.62,-0.12,0.1,5,7,0
0.0,1.0,0.0,0.6699999999999999,-0.4199999999999999,-0.0799999999999999,0.0899999999999999,-1.1,-0.06,-0.03,0.3,13,2,1
-7.6200000000000045,3.0,0.0,0.6999999999999997,1.8900000000000008,-0.0999999999999999,0.05,-1.36,-0.15,0.3399999999999999,-0.3,3,6,0
-10.159999999999997,-3.0,-2.539999999999992,-0.4299999999999997,-0.7699999999999996,-0.0199999999999999,0.01,-0.1,-0.07,-0.22,0.2999999999999999,-7,-7,1
0.0,10.0,2.539999999999992,1.91,0.4300000000000001,0.08,0.02,0.31,0.24,-0.17,0.3,-1,3,0
5.079999999999984,9.0,0.0,-0.6599999999999999,0.8700000000000001,-0.2199999999999999,0.04,-2.34,0.2,-0.0899999999999999,-0.6,3,8,1
2.539999999999992,-8.0,5.079999999999984,-1.7500000000000004,-1.4300000000000006,-0.09,0.02,0.6499999999999999,0.1299999999999999,-0.16,0.4,-3,-7,1
-2.539999999999992,14.0,-7.6200000000000045,-0.9300000000000002,0.4599999999999999,-0.1,0.06,-0.8400000000000001,-0.12,0.0,-0.6,2,1,0
-12.699999999999989,12.0,-7.619999999999976,-0.5299999999999998,-0.6800000000000002,0.06,-0.04,0.2600000000000001,-0.01,-0.1,0.4,-1,3,0
5.079999999999984,6.0,0.0,0.8500000000000001,-0.06,0.14,-0.16,-2.76,-0.02,-0.47,0.0,17,8,1
12.700000000000015,-1.0,7.6200000000000045,1.02,-2.68,0.14,0.1099999999999999,0.1200000000000001,0.28,-0.0999999999999999,1.2999999999999998,13,-6,1
-7.6200000000000045,-1.0,5.0800000000000125,0.52,-2.64,0.02,0.14,1.05,0.2199999999999999,-0.05,1.0,24,-5,0
0.0,-6.0,-2.539999999999992,1.02,-0.0099999999999997,0.04,-0.02,1.23,0.0399999999999999,-0.1699999999999999,-0.4,2,-5,1
-7.6200000000000045,-2.0,-15.23999999999998,-0.06,0.7999999999999998,0.0299999999999999,-0.03,0.4099999999999999,0.0,0.1099999999999999,0.0,6,-2,1
5.079999999999984,6.0,2.539999999999992,-0.2999999999999998,-0.9099999999999996,-0.0699999999999999,-0.01,-1.33,0.0699999999999999,-0.04,0.2,2,-3,0
5.079999999999984,3.0,-2.539999999999992,-2.23,-0.6399999999999997,-0.06,0.01,0.3999999999999999,0.07,0.03,0.3,15,2,1
-22.860000000000017,3.0,-7.6200000000000045,-1.4500000000000002,1.3,-0.1099999999999999,-0.14,-0.7100000000000001,-0.21,-0.1599999999999999,0.6000000000000001,11,1,0
0.0,-2.0,0.0,0.2299999999999999,-1.92,0.14,0.06,2.64,0.28,-0.1699999999999999,0.5,5,-9,1
-5.079999999999984,1.0,0.0,1.5999999999999996,-0.6399999999999997,-0.0199999999999999,0.1899999999999999,-1.64,-0.04,0.2199999999999999,-1.8,16,12,1
-2.539999999999992,-4.0,2.5400000000000205,-0.1800000000000001,-2.14,-0.07,0.1099999999999999,1.9,0.3899999999999999,0.07,0.1999999999999999,5,0,1
-2.539999999999992,7.0,-2.539999999999992,-1.0199999999999996,0.69,0.0399999999999999,-0.0599999999999999,-3.8,0.0,-0.1499999999999999,0.3,15,5,0
5.079999999999984,-15.0,2.539999999999992,0.3799999999999999,-2.4799999999999995,-0.02,-0.08,-1.04,-0.0799999999999999,-0.19,0.0,3,0,1
-2.5400000000000205,0.0,-7.6200000000000045,-0.02,0.6499999999999999,-0.0399999999999999,0.14,0.45,0.0699999999999999,0.1099999999999999,-0.2,3,10,1
7.6200000000000045,9.0,12.699999999999989,-1.29,-1.1099999999999994,0.0099999999999999,0.12,0.4499999999999999,0.05,0.01,0.0,-20,-2,0
-12.700000000000015,-3.0,-15.240000000000007,2.53,2.0700000000000003,-0.02,-0.0599999999999999,1.5500000000000005,0.27,0.0899999999999999,-0.2999999999999999,9,3,0
7.619999999999976,-5.0,5.0800000000000125,0.5299999999999998,0.7699999999999996,-0.0299999999999999,-0.0899999999999999,2.18,0.28,0.3799999999999999,0.2,-6,0,0
-12.699999999999989,0.0,-5.0800000000000125,-0.81,-1.5699999999999998,-0.0899999999999999,0.0599999999999999,2.45,0.55,-0.0899999999999999,0.6,30,9,1
-12.700000000000015,-2.0,2.539999999999992,3.63,1.56,-0.06,0.0799999999999999,-2.05,0.13,0.2899999999999999,-2.4000000000000004,-9,-2,1
15.23999999999998,-3.0,7.6200000000000045,0.9700000000000002,-1.7599999999999998,-0.0199999999999999,0.03,1.3199999999999998,0.05,-0.02,-1.1,10,3,1
7.6200000000000045,1.0,2.539999999999992,0.1200000000000001,0.08,0.0499999999999999,-0.03,-1.8499999999999996,-0.1599999999999999,-0.29,-0.0999999999999999,-5,-5,1
2.539999999999992,-8.0,2.5400000000000205,1.6500000000000004,0.92,-0.03,0.05,0.07,0.12,0.18,-0.5,-15,-5,0
0.0,-3.0,-5.0800000000000125,0.6699999999999999,2.21,-0.12,-0.0999999999999999,1.65,-0.1699999999999999,0.1999999999999999,-0.1999999999999999,-1,1,1
-2.539999999999992,-8.0,0.0,-0.0899999999999998,-0.5100000000000007,-0.0399999999999999,-0.0699999999999999,-0.07,-0.21,-0.24,0.3,3,0,0
-7.619999999999976,5.0,-5.0800000000000125,2.53,1.91,-0.1299999999999999,0.0299999999999999,-1.12,-0.0299999999999999,0.27,-0.1999999999999999,10,8,0
-12.699999999999989,8.0,-2.539999999999992,0.69,0.27,-0.04,-0.02,1.0099999999999998,0.13,0.41,-0.6,2,1,0
-5.0800000000000125,6.0,-5.0800000000000125,-0.6799999999999997,0.4299999999999997,0.0199999999999999,0.07,-0.8900000000000001,0.07,0.0599999999999999,-0.8999999999999999,-8,1,0
-2.539999999999992,5.0,0.0,-1.0500000000000005,-0.54,0.08,-0.13,-0.56,-0.3999999999999999,-0.25,0.0999999999999999,-1,-2,1
-5.079999999999984,0.0,2.539999999999992,0.3200000000000003,0.2199999999999997,0.0999999999999999,0.04,-0.26,-0.0999999999999999,-0.03,-0.2,1,3,1
5.0800000000000125,-2.0,5.0800000000000125,2.54,-0.33,0.0499999999999999,0.1299999999999999,1.3200000000000005,0.06,0.26,1.7,10,6,1
-10.159999999999997,4.0,-2.539999999999992,0.7000000000000002,1.11,0.02,0.04,1.0099999999999998,-0.0299999999999999,-0.07,0.4,6,-8,1
2.539999999999992,3.0,0.0,0.4899999999999997,1.1800000000000002,-0.0899999999999999,0.0,-1.2799999999999998,0.0699999999999999,0.01,-0.9,1,13,0
5.0800000000000125,3.0,-2.5400000000000205,0.2299999999999999,-0.5800000000000001,0.0299999999999999,-0.01,3.08,0.19,0.03,0.5,-10,-9,1
-5.0800000000000125,-2.0,-2.539999999999992,-1.35,-1.56,0.01,0.1499999999999999,0.74,0.1699999999999999,-0.0299999999999999,0.1,2,0,1
-7.6200000000000045,8.0,-5.0800000000000125,-2.29,-0.7000000000000002,-0.0499999999999999,-0.0999999999999999,1.65,0.1099999999999999,-0.3199999999999999,-0.1999999999999999,-10,1,0
-7.619999999999976,-3.0,-2.539999999999992,0.01,-3.140000000000001,0.21,-0.04,3.06,0.13,0.08,0.4,4,2,1
2.539999999999992,3.0,2.539999999999992,0.7799999999999998,1.15,0.0,-0.01,-0.3999999999999999,0.0499999999999999,0.27,0.1,12,7,1
5.0800000000000125,-4.0,2.5400000000000205,-0.4399999999999999,-1.4500000000000002,0.0,0.06,0.12,0.12,0.1399999999999999,0.5,7,4,1
-17.78,-2.0,-7.6200000000000045,1.14,-2.1100000000000003,0.06,0.18,3.01,0.36,-0.15,-0.3,7,1,1
-7.6200000000000045,0.0,-10.159999999999997,-0.6699999999999999,-2.8300000000000005,-0.1599999999999999,0.0899999999999999,2.27,-0.77,-0.64,0.0,4,2,0
5.079999999999984,-3.0,5.0800000000000125,-0.2000000000000001,-0.79,0.09,-0.12,5.87,0.5,-0.35,4.8,1,-4,1
2.539999999999992,-5.0,-2.5400000000000205,1.1399999999999997,0.4500000000000002,0.15,-0.0499999999999999,1.3699999999999997,0.0399999999999999,-0.13,-0.1,4,4,1
17.78,-11.0,20.319999999999993,1.1700000000000002,1.64,0.0499999999999999,-0.09,-0.74,0.17,0.19,-0.7,-1,3,1
2.539999999999992,-2.0,0.0,0.4199999999999999,0.4099999999999997,-0.1199999999999999,0.02,-1.3800000000000003,-0.18,0.0,0.8,-3,7,1
0.0,-6.0,2.539999999999992,-1.6199999999999997,-2.62,-0.09,0.0399999999999999,2.09,0.1699999999999999,0.0799999999999999,0.4999999999999999,-2,-3,1
-20.319999999999993,10.0,-5.0800000000000125,-1.6700000000000002,-0.3500000000000001,-0.03,0.1099999999999999,0.3200000000000003,-0.16,0.0699999999999999,0.7,-1,-1,1
-5.079999999999984,0.0,-2.5400000000000205,-1.5499999999999998,0.27,0.03,-0.06,-3.89,-0.0099999999999999,0.35,0.0,2,0,0
-5.0800000000000125,-9.0,-5.079999999999984,-0.4100000000000001,1.59,-0.03,-0.16,-0.5899999999999999,-0.26,0.07,0.9,0,0,1
5.0800000000000125,3.0,5.079999999999984,0.6400000000000001,-0.3799999999999999,0.08,-0.0899999999999999,-0.94,0.4,0.0999999999999999,-0.3999999999999999,22,4,1
0.0,8.0,-2.5400000000000205,-0.3799999999999999,-0.4899999999999997,0.03,0.0199999999999999,-0.07,0.2,-0.0999999999999999,0.2,1,-1,1
-2.539999999999992,-3.0,0.0,-0.3900000000000001,0.3600000000000003,-0.17,0.0599999999999999,-2.05,-0.49,-0.14,-0.4,-2,-4,0
-7.6200000000000045,1.0,0.0,1.31,-0.4299999999999997,0.0499999999999999,0.05,0.07,-0.1099999999999999,-0.14,0.3,-16,-4,1
-2.539999999999992,0.0,0.0,-1.2399999999999998,-1.2100000000000004,0.08,-0.04,1.44,-0.09,-0.0199999999999999,0.8,5,-2,1
12.699999999999989,-1.0,0.0,0.4799999999999995,0.8999999999999999,0.01,0.0899999999999999,0.19,0.2199999999999999,0.1099999999999999,-0.1,7,5,1
2.539999999999992,-6.0,7.6200000000000045,-0.9700000000000002,1.8699999999999997,-0.0199999999999999,-0.0599999999999999,1.16,-0.2,-0.0899999999999999,1.2,-7,2,1
5.079999999999984,-2.0,7.6200000000000045,1.88,3.0599999999999996,0.02,-0.0499999999999999,-2.01,-0.09,0.26,-1.4,7,8,0
0.0,-4.0,-2.539999999999992,0.3900000000000001,1.2200000000000002,0.0,-0.04,-1.37,0.06,-0.15,1.5,20,7,1
-7.6200000000000045,0.0,-10.159999999999997,0.4900000000000002,-0.56,-0.03,0.01,1.1700000000000002,-0.14,-0.09,-0.5,-7,-8,0
2.539999999999992,0.0,-2.539999999999992,0.8700000000000001,0.1499999999999999,-0.05,0.14,-2.23,0.08,0.0599999999999999,-0.7000000000000001,3,7,0
-2.539999999999992,1.0,-15.240000000000007,-1.91,-1.1300000000000003,-0.1099999999999999,-0.04,1.08,0.2299999999999999,0.01,-0.7,-10,1,0
12.699999999999989,-3.0,0.0,0.8499999999999996,-1.38,-0.0499999999999999,0.0799999999999999,4.470000000000001,0.44,0.45,-1.0,-3,3,0
20.319999999999993,0.0,12.700000000000015,2.23,1.36,0.2,-0.01,0.52,0.1099999999999999,-0.03,1.7,-3,-1,0
2.539999999999992,3.0,5.079999999999984,0.6400000000000001,0.4900000000000002,-0.14,0.05,-2.33,-0.1399999999999999,-0.0999999999999999,0.6,11,-2,1
-7.6200000000000045,3.0,0.0,2.2,-0.2800000000000002,-0.02,0.13,-1.05,0.1599999999999999,0.33,-0.8,2,0,1
-2.5400000000000205,-3.0,-5.0800000000000125,-1.65,0.5499999999999998,0.01,0.01,-1.08,0.0199999999999999,-0.04,-1.0,2,7,0
0.0,-7.0,2.5400000000000205,-0.73,0.8699999999999997,-0.1499999999999999,-0.0499999999999999,-0.6000000000000001,0.5,-0.1099999999999999,0.0999999999999999,-11,-2,1
-5.0800000000000125,2.0,-2.5400000000000205,2.8099999999999996,0.8899999999999997,0.12,-0.04,1.13,0.24,0.1899999999999999,-0.2,7,-2,1
2.5400000000000205,-3.0,5.0800000000000125,1.08,0.1199999999999996,0.2,0.01,0.25,-0.0299999999999999,0.0,0.4,10,0,1
0.0,0.0,0.0,-0.8199999999999998,-1.4499999999999995,-0.0399999999999999,0.11,-1.37,-0.3699999999999999,-0.1399999999999999,0.1999999999999999,10,5,1
7.6200000000000045,-6.0,10.160000000000023,-1.3400000000000003,0.7400000000000002,-0.0099999999999999,-0.2399999999999999,2.07,0.1399999999999999,-0.01,0.3,-2,-11,1
-5.0800000000000125,0.0,-5.079999999999984,0.0300000000000002,-0.9300000000000002,-0.2,0.07,-2.31,-0.25,-0.4,-1.5,8,4,1
7.6200000000000045,4.0,0.0,-0.06,-0.2599999999999998,-0.05,-0.0399999999999999,-0.3199999999999999,0.73,-0.12,-0.1,-16,2,0
-15.23999999999998,-3.0,-7.6200000000000045,-0.9900000000000002,-3.08,0.1199999999999999,0.0399999999999999,-1.46,-0.0399999999999999,0.35,-0.9,14,5,1
2.539999999999992,6.0,0.0,-3.75,0.9699999999999998,0.0999999999999999,-0.18,1.3,0.15,-0.36,2.0,9,8,1
-12.699999999999989,5.0,-2.539999999999992,-2.3500000000000005,-2.29,0.0199999999999999,0.0899999999999999,1.5299999999999998,0.04,-0.13,0.4,-4,-1,0
2.539999999999992,-4.0,5.0800000000000125,0.0099999999999997,-0.73,-0.0099999999999999,-0.0299999999999999,0.28,-0.33,0.28,-0.7000000000000001,6,-2,1
-2.5400000000000205,-1.0,0.0,1.2400000000000002,0.5800000000000001,-0.0099999999999999,0.0999999999999999,-0.6499999999999999,0.1099999999999999,-0.0999999999999999,0.0,0,2,0
15.240000000000007,-4.0,-2.5400000000000205,1.4899999999999998,-0.2599999999999998,-0.06,0.0999999999999999,3.18,0.43,-0.04,0.6000000000000001,9,3,1
-7.6200000000000045,8.0,-10.159999999999997,3.1,0.5299999999999998,0.1599999999999999,0.0599999999999999,0.07,0.3399999999999999,-0.02,0.3,8,3,1
-10.159999999999997,-5.0,-2.539999999999992,1.03,1.9299999999999995,-0.0799999999999999,-0.05,0.3899999999999999,0.2299999999999999,0.52,-0.4999999999999999,-6,-3,1
-12.700000000000015,-3.0,-15.240000000000007,4.390000000000001,1.7800000000000002,0.1599999999999999,0.04,1.7800000000000002,0.33,0.3899999999999999,-0.4,19,4,1
0.0,-2.0,-2.5400000000000205,-0.2899999999999998,0.1400000000000001,-0.12,-0.12,1.42,-0.18,-0.39,1.0,2,-1,1
2.5400000000000205,10.0,0.0,-4.390000000000001,-1.4700000000000002,0.01,-0.13,0.01,-0.49,-0.55,0.3999999999999999,-3,3,0
-2.539999999999992,1.0,-7.6200000000000045,0.3400000000000001,1.13,0.15,-0.0399999999999999,-1.21,-0.4600000000000001,-0.54,-0.5,-12,-6,1
5.079999999999984,0.0,2.539999999999992,-2.9499999999999997,-1.0,-0.0799999999999999,-0.13,0.26,-0.63,-0.03,0.0,-12,-2,0
-10.159999999999997,-2.0,-7.6200000000000045,-1.64,-0.1999999999999997,-0.07,0.0599999999999999,1.78,0.06,0.2099999999999999,0.4,14,8,0
-10.159999999999997,1.0,-2.539999999999992,-3.92,-3.6800000000000006,0.02,0.0599999999999999,3.76,-0.0799999999999999,0.04,-0.2999999999999999,-16,-9,1
-10.159999999999997,0.0,-5.079999999999984,2.15,0.6099999999999999,0.0499999999999999,0.1099999999999999,-1.31,0.0599999999999999,-0.12,-0.2,22,9,1
7.6200000000000045,2.0,-5.0800000000000125,-2.03,0.7299999999999995,-0.18,-0.07,-1.02,-0.07,-0.4199999999999999,-0.2999999999999999,-7,-3,0
0.0,3.0,-7.6200000000000045,0.9000000000000004,-1.56,0.0499999999999999,0.15,1.4900000000000002,0.1999999999999999,-0.1999999999999999,0.3,-2,1,1
15.240000000000007,0.0,5.0800000000000125,-0.1899999999999999,-0.3099999999999996,0.12,-0.22,0.04,0.18,-0.2499999999999999,-1.2000000000000002,3,1,1
-5.079999999999984,-7.0,-2.539999999999992,0.87,0.54,-0.24,0.07,-0.0900000000000003,0.12,0.02,-0.8,-1,5,0
-2.539999999999992,-1.0,-5.0800000000000125,-1.2600000000000002,-0.25,-0.19,-0.02,-0.03,0.22,-0.13,1.1,-1,-2,0
-15.240000000000007,9.0,-2.539999999999992,3.05,-0.1099999999999998,0.16,0.1799999999999999,-2.7,-0.32,0.0999999999999999,0.7,8,2,1
-12.699999999999989,-1.0,-5.0800000000000125,0.1199999999999998,1.0999999999999996,-0.13,0.14,0.72,0.25,-0.34,1.0,1,-2,0
-20.32000000000002,3.0,-7.6200000000000045,-2.5400000000000005,-2.31,0.0,0.13,3.46,0.0,0.3399999999999999,0.1999999999999999,-4,-1,0
-5.079999999999984,8.0,-2.539999999999992,0.1,1.87,0.0499999999999999,-0.03,-1.12,0.17,-0.2299999999999999,-0.4,11,12,1
-12.700000000000015,0.0,-7.6200000000000045,1.25,0.02,0.06,0.01,2.7300000000000004,0.02,0.1699999999999999,0.7000000000000001,-11,-10,0
-5.0800000000000125,-3.0,-7.6200000000000045,-0.8600000000000001,-0.6299999999999999,0.19,-0.03,0.5399999999999998,-0.07,0.16,0.3,8,0,1
-5.0800000000000125,13.0,-2.5400000000000205,-1.82,-0.2999999999999998,-0.12,-0.0599999999999999,2.3000000000000003,0.3,-0.17,0.4,3,9,0
0.0,3.0,-5.0800000000000125,-1.34,-0.73,0.06,-0.0499999999999999,0.52,0.04,-0.02,1.1,-7,4,1
12.700000000000015,8.0,10.159999999999997,0.5499999999999998,-0.7399999999999998,0.06,-0.0499999999999999,-2.66,-0.02,-0.05,0.5,0,0,0
7.6200000000000045,-5.0,15.23999999999998,0.3400000000000003,-0.0700000000000002,-0.06,0.04,-0.2400000000000002,-0.26,0.2999999999999999,0.0,-7,-9,0
-10.159999999999997,-11.0,0.0,-0.4100000000000001,-0.7699999999999996,-0.0199999999999999,0.0699999999999999,1.1,0.34,0.28,-0.6,-2,-3,1
-10.159999999999997,12.0,-12.699999999999989,-1.11,-0.3200000000000003,-0.06,0.0499999999999999,-0.91,-0.0799999999999999,0.21,-0.1999999999999999,-1,4,0
-10.159999999999997,6.0,-5.0800000000000125,0.2299999999999999,-1.1999999999999995,0.0399999999999999,0.16,-2.82,-0.3,0.31,0.3,-3,0,0
2.5400000000000205,-1.0,2.539999999999992,-0.8500000000000001,-1.4799999999999998,0.04,0.01,-0.3600000000000001,0.35,-0.03,0.4,11,3,0
2.539999999999992,0.0,2.539999999999992,1.3700000000000006,1.9299999999999995,-0.05,-0.02,0.2099999999999999,-0.12,-0.19,-0.1,12,1,0
7.6200000000000045,-6.0,5.0800000000000125,-0.0799999999999998,-0.4299999999999997,0.0999999999999999,-0.0799999999999999,1.49,-0.4399999999999999,-0.0999999999999999,0.8,3,1,1
10.159999999999997,-2.0,7.6200000000000045,-2.27,-2.81,-0.04,0.03,-0.04,0.0,-0.35,0.1,10,9,1
2.539999999999992,4.0,0.0,-0.79,1.2400000000000002,-0.13,-0.0599999999999999,-1.17,-0.0299999999999999,-0.0899999999999999,0.5,8,4,1
-5.0800000000000125,-5.0,2.539999999999992,3.76,-1.5,0.1699999999999999,0.1599999999999999,-1.05,0.41,0.44,-0.5,2,-3,1
2.5400000000000205,0.0,-2.5400000000000205,1.83,0.6600000000000001,-0.12,0.15,-2.76,-0.1599999999999999,0.02,-0.8,-13,0,0
-12.700000000000015,6.0,-5.0800000000000125,0.5899999999999999,-0.27,0.0,0.02,-0.15,0.08,0.1699999999999999,0.0,1,2,1
5.079999999999984,-2.0,0.0,-1.13,-0.52,0.12,-0.08,3.49,0.0999999999999999,-0.3399999999999999,1.1,6,2,1
-2.5400000000000205,-5.0,-5.0800000000000125,1.16,0.0799999999999996,-0.01,0.21,-1.6699999999999997,0.3,0.45,-0.3,12,2,1
0.0,1.0,2.539999999999992,1.39,0.4899999999999997,-0.1299999999999999,0.1699999999999999,-0.7600000000000002,-0.06,0.47,0.0,4,2,0
5.079999999999984,-3.0,-10.160000000000023,1.75,-0.1299999999999999,0.05,0.1099999999999999,-2.6599999999999997,-0.0299999999999999,0.36,-0.7999999999999999,-2,-2,1
0.0,-5.0,-7.6200000000000045,2.78,-0.31,0.0499999999999999,0.0199999999999999,3.38,0.14,0.54,-0.7999999999999999,-10,-6,0
10.159999999999997,1.0,0.0,-0.8800000000000003,-1.86,-0.0799999999999999,0.0799999999999999,-1.28,0.0499999999999999,-0.21,-0.3,-7,2,0
-7.6200000000000045,-12.0,-7.6200000000000045,0.8399999999999999,0.91,-0.08,0.0299999999999999,-0.91,-0.21,-0.1099999999999999,-0.7000000000000001,-17,-10,1
5.0800000000000125,-6.0,5.0800000000000125,1.5700000000000005,0.1300000000000003,0.1,0.05,-0.98,-0.0799999999999999,0.1999999999999999,-0.3,2,-3,1
-10.159999999999997,-5.0,-5.0800000000000125,-0.7000000000000002,-1.3500000000000003,-0.02,0.0,-0.0699999999999999,-0.2,-0.14,0.0,-3,-7,1
-5.079999999999984,-2.0,-5.079999999999984,1.19,0.8300000000000001,0.05,-0.04,1.22,-0.08,0.03,-0.2,-1,-3,1
2.539999999999992,3.0,2.539999999999992,-1.42,-1.9300000000000008,0.0399999999999999,0.12,0.6000000000000001,0.22,0.0999999999999999,0.7000000000000001,1,-1,1
-15.23999999999998,-8.0,-5.0800000000000125,-0.6699999999999999,-0.94,-0.16,0.0899999999999999,-2.17,-0.1899999999999999,-0.3,-0.2,15,3,0
-5.079999999999984,8.0,-2.5400000000000205,-1.3000000000000005,-0.2400000000000002,0.0399999999999999,0.03,-0.73,-0.23,-0.31,-0.2,-9,-3,0
-5.0800000000000125,3.0,0.0,0.9699999999999998,-0.3499999999999996,0.02,0.01,-2.46,-0.23,-0.1699999999999999,-0.4,-2,-1,0
-5.079999999999984,4.0,-7.6200000000000045,0.7000000000000002,-0.7400000000000002,0.0899999999999999,0.12,-2.5700000000000003,0.1099999999999999,-0.1599999999999999,0.5,9,5,1
0.0,-10.0,2.539999999999992,0.4900000000000002,0.1999999999999997,0.03,0.0599999999999999,-0.07,-0.18,0.02,0.5,-11,-2,0
-10.159999999999997,-3.0,2.539999999999992,0.1600000000000001,1.84,-0.08,-0.17,0.68,0.34,0.1499999999999999,-0.2999999999999999,27,9,1
-7.6200000000000045,-1.0,-2.5400000000000205,1.09,-1.3099999999999996,0.14,0.06,1.0,-0.14,-0.0999999999999999,0.7,15,0,1
2.5400000000000205,6.0,-2.539999999999992,-2.0700000000000003,-4.23,0.02,0.13,2.66,0.1499999999999999,0.05,0.3,5,4,0
-10.159999999999997,0.0,-5.0800000000000125,-0.5700000000000003,1.7000000000000002,0.0499999999999999,0.1099999999999999,0.37,0.0699999999999999,0.0899999999999999,1.4,2,-1,0
-7.619999999999976,7.0,-5.0800000000000125,-0.0899999999999998,0.2299999999999999,-0.09,0.05,0.4499999999999999,-0.05,0.04,-0.0999999999999999,-10,-7,1
-10.159999999999997,0.0,-7.6200000000000045,0.4399999999999999,0.8199999999999998,0.0,0.0699999999999999,1.44,0.12,0.2299999999999999,0.1,-8,-4,1
0.0,7.0,0.0,-0.6500000000000004,-0.6999999999999997,0.1499999999999999,0.01,-0.8800000000000001,-0.22,-0.04,-0.1,30,12,0
-2.539999999999992,2.0,0.0,-1.28,-1.2000000000000002,0.11,0.0,-0.33,0.14,0.03,0.7000000000000001,-8,-8,1
5.079999999999984,-3.0,0.0,0.71,0.6100000000000003,-0.06,0.0799999999999999,-2.14,-0.26,0.4299999999999999,0.8,2,0,1
12.699999999999989,-1.0,12.700000000000015,-0.0699999999999998,-0.75,-0.0199999999999999,-0.0699999999999999,-0.12,-0.1399999999999999,-0.25,0.7,9,-1,1
-15.240000000000007,5.0,-5.0800000000000125,-0.1,0.06,-0.06,-0.01,0.98,-0.08,-0.12,-1.5000000000000002,-4,3,0
-15.23999999999998,5.0,-2.539999999999992,0.69,1.23,-0.16,0.19,-2.27,-0.18,0.05,-0.6,-9,-3,0
5.0800000000000125,2.0,0.0,-0.3500000000000001,0.2999999999999998,-0.14,0.1299999999999999,1.7700000000000002,-0.04,-0.04,0.0,0,2,1
0.0,8.0,-5.0800000000000125,0.0699999999999998,-0.2099999999999999,0.1,-0.04,-1.0,0.1599999999999999,-0.17,0.5,5,3,1
5.0800000000000125,-1.0,2.539999999999992,-0.4100000000000001,-0.7000000000000002,0.1,0.0899999999999999,-3.33,-0.07,0.4,0.0,0,-2,1
-2.5400000000000205,-2.0,0.0,0.4899999999999993,-0.1,-0.01,0.0499999999999999,-0.6800000000000002,-0.1699999999999999,0.08,0.3,1,3,0
5.079999999999984,2.0,10.159999999999997,0.4399999999999999,2.34,-0.06,0.03,-3.98,-0.52,-0.16,0.0999999999999999,6,-1,0
15.240000000000007,-5.0,7.6200000000000045,-1.0,-1.09,-0.05,0.0599999999999999,0.6000000000000001,0.1299999999999999,-0.03,0.1999999999999999,0,3,0
10.159999999999997,-7.0,5.0800000000000125,1.39,0.4399999999999999,-0.03,0.0,2.58,-0.1699999999999999,0.12,0.2,-11,-7,1
12.699999999999989,2.0,12.699999999999989,-1.1099999999999994,0.33,-0.0299999999999999,-0.15,1.16,0.33,-0.13,1.2,18,8,1
5.079999999999984,-4.0,7.6200000000000045,-0.8499999999999996,1.1099999999999994,-0.04,-0.1499999999999999,0.83,0.32,-0.01,0.0,-16,-16,0
-2.539999999999992,-1.0,-5.079999999999984,0.9500000000000002,0.1200000000000001,-0.0899999999999999,0.0499999999999999,0.7899999999999999,0.0699999999999999,0.18,-0.5000000000000001,9,1,1
5.079999999999984,-1.0,-2.539999999999992,1.2600000000000002,1.34,-0.0299999999999999,-0.01,-3.0,-0.0199999999999999,0.2599999999999999,-0.3,2,4,1
10.159999999999997,-1.0,10.159999999999997,-0.5699999999999998,-1.24,0.06,0.0699999999999999,0.4000000000000003,0.07,-0.01,0.3,-6,-12,1
5.079999999999984,-2.0,0.0,0.1299999999999999,1.37,0.01,-0.0299999999999999,-2.01,0.0399999999999999,-0.13,-0.4,-3,2,0
5.0800000000000125,12.0,2.539999999999992,-1.1399999999999997,-0.1400000000000001,0.07,0.0499999999999999,-1.99,-0.09,0.0299999999999999,1.3,10,10,0
5.079999999999984,-8.0,7.6200000000000045,1.57,-0.7999999999999998,0.15,0.0,2.36,0.3,0.4199999999999999,-1.6,0,0,1
2.539999999999992,-2.0,0.0,1.12,0.2299999999999999,0.0,0.01,0.75,0.01,0.07,-0.5,-12,0,1
7.6200000000000045,-6.0,7.6200000000000045,1.56,-1.52,0.15,0.14,1.19,0.18,-0.06,0.8,29,1,1
-15.240000000000007,11.0,-15.240000000000007,-1.3099999999999996,-1.6100000000000003,0.15,-0.02,2.54,-0.13,-0.06,0.1999999999999999,1,2,1
-7.619999999999976,3.0,0.0,0.98,2.6500000000000004,-0.05,-0.01,-1.94,0.6,0.1899999999999999,-0.0999999999999999,-16,-5,0
0.0,3.0,0.0,0.5,0.91,-0.09,-0.0699999999999999,-2.22,-0.1999999999999999,-0.2199999999999999,0.0,-9,1,0
-5.079999999999984,1.0,-5.0800000000000125,-0.2799999999999998,-1.6700000000000004,-0.02,0.06,0.07,0.0,0.0699999999999999,-0.5,8,5,0
-10.159999999999997,-5.0,0.0,-1.1900000000000002,0.2899999999999998,0.06,-0.1099999999999999,0.2099999999999999,-0.07,0.0699999999999999,0.6000000000000001,0,-4,0
-10.159999999999997,1.0,-5.0800000000000125,1.34,-0.04,0.0299999999999999,-0.01,-0.01,0.0699999999999999,-0.13,-0.6,2,-1,1
-7.6200000000000045,5.0,-7.6200000000000045,1.56,-0.5400000000000003,-0.19,0.12,-2.29,-0.31,0.62,0.3,1,3,1
20.319999999999993,-9.0,15.23999999999998,2.01,0.92,0.1,0.03,1.35,-0.21,0.04,-0.2,7,-10,1
2.5400000000000205,3.0,2.539999999999992,-1.1900000000000004,-0.3000000000000002,0.01,-0.0399999999999999,-0.03,-0.12,-0.0099999999999998,0.0,-6,3,0
2.539999999999992,11.0,5.0800000000000125,-3.19,-2.9999999999999996,-0.0499999999999999,0.08,2.03,0.22,0.03,0.6000000000000001,-2,1,0
-7.6200000000000045,-8.0,-10.159999999999997,-0.8300000000000001,-0.75,0.06,0.0,1.33,0.07,0.05,-0.0999999999999999,6,2,0
-5.0800000000000125,6.0,-2.539999999999992,-2.66,-2.6399999999999997,-0.06,0.14,1.7599999999999998,0.22,-0.26,0.1999999999999999,6,-2,0
-12.699999999999989,9.0,-5.0800000000000125,0.3400000000000003,1.0099999999999998,-0.06,0.0899999999999999,1.8,0.2,-0.0399999999999999,0.1999999999999999,-20,-14,0
-5.079999999999984,10.0,0.0,-1.31,-1.5899999999999994,0.09,-0.1099999999999999,2.51,0.35,-0.06,-0.2999999999999999,7,1,0
-5.079999999999984,13.0,-2.539999999999992,-0.92,0.3499999999999996,0.11,-0.03,0.31,-0.1599999999999999,-0.0799999999999999,0.4,1,0,1
10.159999999999997,11.0,10.159999999999997,0.3400000000000003,0.6200000000000001,0.01,0.0199999999999999,-1.0400000000000005,-0.0999999999999999,-0.0999999999999999,-0.1999999999999999,0,3,0
0.0,3.0,0.0,0.3000000000000002,2.71,-0.08,0.0,3.96,0.2499999999999999,0.12,-1.0,-7,-3,0
0.0,4.0,-5.079999999999984,-0.1699999999999999,-0.7900000000000003,0.09,0.05,1.35,0.12,0.0999999999999999,0.5,8,1,1
-5.0800000000000125,1.0,0.0,-2.04,-1.7999999999999998,-0.0399999999999999,0.02,1.08,-0.0099999999999998,0.12,-0.5,14,1,1
-2.539999999999992,5.0,-2.5400000000000205,1.6800000000000002,0.1299999999999999,-0.0899999999999999,0.1099999999999999,-2.5,-0.11,0.01,-0.8999999999999999,13,0,1
-7.6200000000000045,1.0,-10.159999999999997,1.5299999999999994,0.9600000000000004,-0.0999999999999999,0.13,-1.36,-0.28,0.04,0.0,4,3,1
-5.0800000000000125,12.0,0.0,-1.7799999999999998,-1.9999999999999996,-0.02,0.01,1.77,0.4599999999999999,0.0699999999999999,0.1,-2,6,0
12.699999999999989,3.0,-2.539999999999992,0.3999999999999999,1.52,-0.03,-0.0899999999999999,-1.77,-0.35,-0.19,-0.3999999999999999,-21,-6,1
5.0800000000000125,1.0,2.539999999999992,-2.0200000000000005,0.4500000000000002,0.0299999999999999,-0.0799999999999999,0.57,-0.1299999999999999,-0.47,0.7,3,7,1
-2.539999999999992,3.0,-5.079999999999984,-0.5699999999999994,-1.0,-0.06,0.21,0.92,0.32,0.28,-0.3,-5,-8,1
10.159999999999997,-6.0,7.619999999999976,0.4599999999999999,0.25,0.02,0.22,1.94,0.76,0.41,-0.3,3,1,1
-2.539999999999992,2.0,5.0800000000000125,0.0500000000000002,1.7000000000000002,-0.09,0.0299999999999999,-1.0299999999999998,-0.1299999999999999,0.19,-0.7,-5,6,1
-7.6200000000000045,6.0,-5.0800000000000125,-1.5099999999999998,-1.11,0.04,0.0799999999999999,0.51,0.36,0.0999999999999999,-0.6,8,2,0
-7.6200000000000045,7.0,-2.5400000000000205,-1.04,-0.1299999999999999,0.0299999999999999,0.0599999999999999,2.3,0.2,0.0,0.8,2,-3,1
2.5400000000000205,8.0,-7.6200000000000045,-2.47,-0.91,0.03,0.0,0.8200000000000001,-0.01,-0.2299999999999999,0.1,4,6,0
0.0,9.0,0.0,0.4899999999999997,2.5700000000000003,-0.15,0.06,-0.1899999999999999,-0.0499999999999999,0.41,-0.1999999999999999,6,5,0
-2.539999999999992,6.0,-5.0800000000000125,-0.8199999999999998,0.5300000000000002,-0.06,0.01,-0.3199999999999998,0.0999999999999999,-0.32,0.7999999999999999,15,11,0
10.159999999999997,-3.0,2.539999999999992,-1.23,-0.0300000000000002,-0.03,-0.08,-3.39,-0.0499999999999999,0.39,0.4,17,10,1
7.6200000000000045,-4.0,0.0,0.0499999999999998,-3.2499999999999996,0.02,0.0399999999999999,4.4399999999999995,0.27,0.0,0.0,-3,-9,0
-5.0800000000000125,6.0,0.0,-1.3600000000000003,0.8599999999999999,-0.15,-0.01,-0.51,0.3299999999999999,0.2499999999999999,-0.7000000000000001,-2,7,0
-5.0800000000000125,3.0,-5.0800000000000125,-1.5699999999999998,-1.23,-0.0999999999999999,-0.03,0.2100000000000002,-0.2199999999999999,-0.27,0.4999999999999999,-16,-8,0
-17.78,0.0,-5.079999999999984,-0.5300000000000002,-0.1200000000000001,-0.0999999999999999,0.05,-1.99,0.24,0.19,-0.7999999999999999,11,8,1
10.159999999999997,4.0,5.079999999999984,-0.2200000000000002,-0.25,0.0,-0.05,-0.7100000000000002,0.6,0.47,0.0,-3,-1,0
7.6200000000000045,-5.0,0.0,0.0100000000000002,1.05,-0.0499999999999999,-0.06,2.61,-0.01,-0.12,0.8,-18,0,0
2.539999999999992,3.0,-2.5400000000000205,0.02,1.06,0.04,-0.04,-0.56,-0.32,0.0199999999999999,0.1,-12,-4,1
5.079999999999984,-4.0,-2.539999999999992,-0.5899999999999999,-1.5099999999999998,-0.07,0.16,-2.23,0.0,0.5599999999999999,0.0,2,0,1
-5.0800000000000125,6.0,-2.5400000000000205,2.6799999999999997,0.0,0.18,0.0,0.8200000000000001,0.31,0.1599999999999999,-0.3,6,2,0
2.539999999999992,10.0,2.539999999999992,0.33,0.8000000000000003,-0.22,-0.03,-0.36,-0.18,-0.2199999999999999,0.4,-2,11,0
7.6200000000000045,-4.0,-2.539999999999992,-1.33,-1.48,0.14,0.06,5.949999999999999,0.48,0.46,-0.9,2,-1,1
-2.539999999999992,5.0,2.539999999999992,-0.1800000000000001,0.75,0.0799999999999999,0.0499999999999999,1.2,0.38,0.15,0.4,-2,-1,1
-2.539999999999992,-9.0,-10.159999999999997,0.4300000000000001,1.48,-0.0499999999999999,-0.12,1.58,0.1499999999999999,0.25,-0.7999999999999999,-11,-5,0
-5.079999999999984,-2.0,-12.700000000000015,-0.8200000000000003,0.27,-0.08,0.0199999999999999,-2.06,-0.1599999999999999,-0.0999999999999999,0.1,4,-1,0
-12.700000000000015,-3.0,-5.0800000000000125,-0.3500000000000001,-0.52,0.02,0.1,2.29,0.22,0.54,-0.6000000000000001,-2,-3,1
10.159999999999997,3.0,2.539999999999992,-0.0099999999999997,-1.4800000000000004,0.0699999999999999,0.03,0.7499999999999999,0.41,-0.02,0.0999999999999999,21,10,0
5.0800000000000125,-2.0,7.619999999999976,-0.48,-1.57,0.06,0.07,2.69,0.35,0.0999999999999999,0.6,7,2,1
-2.539999999999992,4.0,-2.539999999999992,-1.1199999999999997,0.0399999999999995,-0.1099999999999999,0.0799999999999999,2.54,-0.3,0.02,0.6,20,13,1
-5.0800000000000125,-4.0,0.0,0.79,0.9400000000000004,0.14,-0.03,0.6200000000000001,0.1399999999999999,0.0,0.7,12,3,1
-2.5400000000000205,0.0,2.539999999999992,-1.27,-2.74,0.15,0.0599999999999999,1.5399999999999998,0.26,-0.0399999999999999,0.1999999999999999,-3,1,1
-10.159999999999997,5.0,-15.240000000000007,0.1799999999999999,0.2299999999999999,-0.1499999999999999,0.08,1.2500000000000002,0.12,0.09,0.6,-11,-3,0
-2.5400000000000205,3.0,0.0,-1.02,-0.06,-0.01,0.11,-0.08,-0.0099999999999999,-0.2399999999999999,0.1,8,4,0
-5.0800000000000125,6.0,0.0,-1.09,0.2099999999999997,0.0299999999999999,0.0,0.3600000000000003,-0.2,0.03,0.8,14,8,1
2.5400000000000205,-7.0,5.079999999999984,0.71,1.9099999999999997,0.12,-0.14,-1.61,-0.13,-0.0799999999999999,1.0,2,-2,1
5.0800000000000125,10.0,0.0,0.1399999999999996,0.81,0.09,-0.0399999999999999,0.17,-0.02,0.1799999999999999,-0.8,1,1,1
-12.699999999999989,1.0,-2.539999999999992,0.2999999999999998,0.8700000000000001,-0.03,0.08,-0.1099999999999998,0.0,-0.13,-0.0999999999999999,0,-5,1
-2.5400000000000205,3.0,-10.159999999999997,-1.5300000000000002,-0.8800000000000003,0.01,-0.04,-1.79,-0.3999999999999999,-0.3399999999999999,1.2,-10,-5,1
-2.539999999999992,4.0,-2.5400000000000205,0.81,-1.34,0.0,0.0399999999999999,-0.09,-0.5800000000000001,0.2699999999999999,0.0999999999999999,5,-2,1
20.32000000000002,-3.0,10.159999999999997,2.01,0.4399999999999999,0.0399999999999999,-0.03,-1.88,-0.75,-0.26,-0.8,-9,-3,1
5.079999999999984,-2.0,5.0800000000000125,-0.4300000000000001,0.2299999999999999,0.0,-0.0599999999999999,-1.34,0.15,0.0499999999999999,0.5000000000000001,-8,-6,0
-5.079999999999984,0.0,-12.699999999999989,-4.12,-0.56,-0.0799999999999999,-0.0699999999999999,2.95,-0.27,-0.33,0.1999999999999999,4,2,0
-15.240000000000007,-3.0,-7.6200000000000045,-0.2699999999999996,1.0700000000000005,-0.1,-0.02,2.1500000000000004,0.0,0.0,-1.0,-8,-11,1
-17.78,4.0,-10.159999999999997,-1.4899999999999998,2.35,-0.28,-0.1099999999999999,-0.28,-0.28,-0.0799999999999999,-0.7000000000000001,-25,-5,0
0.0,5.0,-2.539999999999992,-0.4199999999999999,-1.06,-0.03,0.01,-0.8799999999999999,0.07,-0.18,0.6000000000000001,1,4,0
-2.5400000000000205,0.0,-2.539999999999992,-0.4899999999999997,0.0099999999999997,0.12,0.05,0.1099999999999999,-0.03,-0.02,-0.1,0,4,1
0.0,4.0,-5.0800000000000125,-0.8999999999999999,0.33,-0.0999999999999999,0.0,0.1400000000000001,0.0699999999999999,-0.2,-0.7,-4,4,0
2.539999999999992,-4.0,2.539999999999992,1.0,-0.7399999999999998,-0.02,0.07,0.57,0.18,-0.0499999999999999,0.0,8,-3,0
-5.0800000000000125,-4.0,2.5400000000000205,1.6,2.51,-0.0899999999999999,-0.0299999999999999,3.49,0.03,0.08,4.0,2,-2,1
-5.079999999999984,-7.0,-2.539999999999992,0.9299999999999996,0.5,0.12,0.0399999999999999,0.0,-0.0299999999999999,-0.15,0.6,1,3,0
-5.079999999999984,-7.0,-2.5400000000000205,0.6800000000000002,0.56,0.03,-0.03,-0.4199999999999999,-0.01,0.2199999999999999,0.0,14,4,1
0.0,7.0,0.0,1.83,1.0499999999999998,0.0399999999999999,0.02,-1.04,0.0399999999999999,-0.08,0.0999999999999999,8,2,1
12.699999999999989,0.0,2.539999999999992,2.99,1.9000000000000004,0.14,-0.0799999999999999,-3.69,-0.18,-0.25,0.0999999999999999,-7,-4,1
-12.699999999999989,1.0,2.539999999999992,1.66,0.4399999999999997,0.0499999999999999,-0.05,0.1200000000000001,-0.13,-0.26,-0.7999999999999999,-7,-5,0
0.0,-5.0,0.0,-1.9799999999999995,0.2299999999999999,-0.0999999999999999,-0.02,0.1,-0.0799999999999999,0.0799999999999999,0.3999999999999999,-16,-6,0
10.159999999999997,-7.0,2.539999999999992,1.58,-3.44,0.13,0.18,-0.2199999999999999,0.1,0.2,-2.3,16,6,1
0.0,-1.0,5.0800000000000125,-0.08,0.0200000000000004,0.12,0.0,-0.3700000000000001,-0.22,-0.37,0.9,13,4,0
7.6200000000000045,0.0,2.539999999999992,0.71,-0.75,-0.0199999999999999,0.12,-1.2000000000000002,-0.11,0.12,-1.2,1,1,0
5.0800000000000125,1.0,2.539999999999992,-0.0899999999999998,0.5099999999999998,0.06,0.0,-0.14,0.09,-0.06,0.1,1,-8,0
7.6200000000000045,2.0,-2.5400000000000205,-1.38,-1.19,-0.02,0.01,2.63,0.39,0.02,0.4,-20,-10,0
2.539999999999992,-4.0,-5.0800000000000125,0.1799999999999999,0.02,-0.0399999999999999,0.0,3.12,-0.39,-0.2,-0.3,-4,-5,0
12.700000000000015,0.0,7.6200000000000045,-1.2199999999999998,-0.71,-0.0199999999999999,-0.03,-0.3,0.31,-0.01,0.7000000000000001,22,3,0
-7.6200000000000045,4.0,-2.539999999999992,-1.0099999999999998,0.3399999999999998,0.0,-0.01,-0.37,-0.34,-0.17,-0.2,2,1,1
-15.240000000000007,-14.0,-12.699999999999989,3.47,1.8400000000000003,0.09,-0.0499999999999999,1.83,-0.0899999999999999,0.2199999999999999,-0.4,16,4,0
-2.539999999999992,-2.0,-12.699999999999989,2.35,0.7199999999999998,0.2,0.1099999999999999,1.41,0.35,0.18,0.0,0,-1,0
-2.539999999999992,-1.0,-5.0800000000000125,0.48,-0.5199999999999996,-0.04,0.0799999999999999,0.27,-0.05,-0.4999999999999999,0.3,6,0,0
-7.6200000000000045,2.0,-7.6200000000000045,-0.3399999999999998,-0.0899999999999998,-0.0499999999999999,0.01,-0.67,0.18,0.0199999999999999,0.0,9,-5,1
-10.159999999999997,2.0,-12.700000000000015,0.2299999999999999,-1.84,0.03,0.1099999999999999,1.0399999999999998,-0.21,0.13,0.1,13,2,1
-10.159999999999997,-7.0,-5.079999999999984,4.17,0.8700000000000001,0.1399999999999999,0.0,-0.3299999999999999,0.17,0.4599999999999999,-1.5,4,-4,1
22.859999999999985,-6.0,12.699999999999989,1.6,-1.5,0.02,0.11,0.5799999999999998,0.2,0.26,0.0,11,5,1
-25.40000000000001,11.0,-7.6200000000000045,-1.5,-1.0900000000000003,0.0499999999999999,0.0699999999999999,0.7599999999999998,-0.07,-0.28,-0.2,8,-4,0
-12.699999999999989,-13.0,-7.6200000000000045,-0.8799999999999999,-0.7100000000000002,0.09,0.0,2.85,0.32,-0.07,0.7,4,2,1
2.539999999999992,1.0,5.0800000000000125,-0.8900000000000001,-1.17,0.0,-0.07,-0.5199999999999998,-0.0699999999999999,-0.41,2.0,6,0,1
-5.079999999999984,3.0,-7.6200000000000045,-1.4500000000000002,-0.4199999999999999,-0.01,0.0599999999999999,-0.02,-0.1699999999999999,-0.0299999999999999,-0.7,-1,-5,1
-5.079999999999984,2.0,0.0,0.9800000000000002,1.06,0.2299999999999999,-0.1099999999999999,-2.82,-0.3,0.79,0.2,-4,-1,1
7.6200000000000045,9.0,0.0,-1.19,-0.4700000000000002,0.07,-0.0399999999999999,0.1,0.1,0.28,0.3,1,-2,1
2.539999999999992,3.0,0.0,-1.2199999999999998,0.8599999999999994,-0.01,-0.0699999999999999,1.7600000000000002,0.27,-0.1999999999999999,1.8,14,9,0
10.159999999999997,-1.0,2.539999999999992,-0.8000000000000003,0.0900000000000003,-0.0999999999999999,-0.0499999999999999,0.6500000000000001,-0.07,-0.29,0.3,7,-4,1
7.619999999999976,-6.0,7.6200000000000045,-0.3799999999999999,-0.8700000000000001,0.03,0.0699999999999999,0.8500000000000001,-0.02,0.03,-0.0999999999999999,8,-3,0
-2.539999999999992,-6.0,0.0,0.3600000000000003,1.06,-0.01,0.04,-2.36,-0.34,0.05,0.8,7,3,1
0.0,3.0,0.0,-0.1999999999999997,0.6600000000000001,0.01,-0.09,-1.1800000000000002,0.1399999999999999,-0.26,0.4,4,7,0
-7.6200000000000045,6.0,5.079999999999984,-1.7700000000000005,-1.0199999999999996,-0.01,0.1099999999999999,1.52,-0.2799999999999999,0.2099999999999999,-0.6,-18,-4,0
10.160000000000023,0.0,-2.539999999999992,-0.9099999999999996,-1.93,0.0299999999999999,0.0699999999999999,2.4,0.27,0.34,0.5,4,0,1
-5.0800000000000125,8.0,-2.539999999999992,0.2100000000000004,-2.7500000000000004,0.2499999999999999,-0.0399999999999999,0.88,0.33,0.07,0.1,12,7,1
2.539999999999992,-3.0,7.6200000000000045,0.7800000000000002,1.6999999999999995,-0.0699999999999999,-0.0899999999999999,-0.9000000000000001,-0.1799999999999999,0.0599999999999999,-0.1999999999999999,-4,2,0
-5.079999999999984,15.0,-7.6200000000000045,-1.31,1.4900000000000002,-0.03,-0.17,-0.07,-0.0799999999999999,-0.02,-0.8,-10,9,0
12.699999999999989,-1.0,0.0,0.0300000000000002,-0.0599999999999998,-0.0899999999999999,0.01,-0.3799999999999999,-0.06,-0.08,0.1999999999999999,-6,-1,0
2.539999999999992,3.0,0.0,0.79,1.3600000000000003,0.12,-0.0899999999999999,-0.75,-0.1499999999999999,0.16,-0.9,-3,-2,0
5.0800000000000125,5.0,2.539999999999992,-0.1999999999999997,0.4599999999999999,-0.07,-0.01,0.96,-0.01,0.0699999999999999,0.2,-5,1,0
0.0,1.0,-2.539999999999992,2.3100000000000005,0.8199999999999998,0.0199999999999999,-0.04,-0.3899999999999999,-0.12,-0.43,0.8,0,2,1
-7.6200000000000045,0.0,-5.0800000000000125,0.91,-0.75,0.0,0.0399999999999999,-2.52,-0.1699999999999999,0.2299999999999999,-1.1,-8,-3,0
15.240000000000007,-10.0,10.159999999999997,1.0499999999999998,-2.9199999999999995,0.12,0.01,-0.48,-0.0299999999999999,0.53,1.4,18,7,1
-12.699999999999989,6.0,-7.6200000000000045,0.1099999999999998,0.6099999999999999,0.06,-0.03,-0.8200000000000001,-0.3099999999999999,-0.25,1.4,6,8,1
10.159999999999997,-10.0,7.6200000000000045,1.4500000000000002,1.99,0.1699999999999999,-0.1099999999999999,-0.1999999999999999,0.23,0.01,-0.1999999999999999,-1,-5,1
7.619999999999976,0.0,10.159999999999997,1.48,2.6900000000000004,0.01,-0.0999999999999999,-1.24,-0.12,0.0999999999999999,0.3999999999999999,12,10,1
10.159999999999997,-2.0,-5.0800000000000125,0.0099999999999997,0.5900000000000003,-0.12,0.03,0.54,0.38,-0.0699999999999999,0.1,4,3,1
-2.539999999999992,-3.0,2.539999999999992,1.11,0.3700000000000001,0.0399999999999999,0.01,-2.1,-0.27,-0.15,-0.8,-10,-8,0
2.539999999999992,0.0,7.619999999999976,-1.75,-1.0099999999999998,0.12,-0.0499999999999999,2.32,-0.1,0.1499999999999999,0.4,5,-2,1
0.0,4.0,-10.159999999999997,-1.38,0.3399999999999998,0.0399999999999999,-0.12,2.43,0.07,-0.26,0.3,6,7,0
2.539999999999992,-2.0,2.539999999999992,-0.4199999999999999,0.1299999999999999,-0.05,0.02,-0.8500000000000001,-0.21,0.1399999999999999,-0.3,11,6,0
-2.539999999999992,0.0,-2.539999999999992,2.3100000000000005,0.4900000000000002,-0.0299999999999999,0.0699999999999999,-0.05,0.04,0.2199999999999999,-0.0999999999999999,12,2,1
-2.5400000000000205,3.0,0.0,-0.1,1.7199999999999998,-0.25,-0.09,0.3399999999999998,-0.2,-0.14,1.0,0,0,1
30.480000000000015,-9.0,12.699999999999989,0.04,-0.6999999999999997,0.0499999999999999,0.0999999999999999,0.0999999999999998,0.01,0.1499999999999999,0.0999999999999999,5,-2,1
0.0,5.0,7.619999999999976,1.4700000000000002,2.3200000000000003,0.04,-0.13,-1.0000000000000002,-0.22,0.2299999999999999,0.8999999999999999,19,13,1
0.0,-8.0,2.539999999999992,0.6699999999999999,0.8300000000000001,-0.06,0.0,-1.09,-0.25,0.1100000000000001,-0.8,-15,-9,1
7.619999999999976,-6.0,5.079999999999984,1.2600000000000002,-3.97,0.08,0.14,1.4300000000000002,0.0399999999999999,0.24,-1.1,11,-2,1
2.539999999999992,5.0,-5.0800000000000125,-1.1300000000000003,-1.48,-0.02,0.14,2.66,0.0999999999999999,-0.01,0.0,0,4,0
15.240000000000007,6.0,-10.159999999999997,0.91,-0.27,-0.05,-0.0399999999999999,-0.54,0.6599999999999999,0.0,0.0,-7,2,0
-5.0800000000000125,-1.0,2.539999999999992,-1.8099999999999996,-0.8300000000000001,-0.02,-0.12,1.53,-0.0399999999999999,0.13,0.1,2,2,1
-2.539999999999992,-2.0,7.6200000000000045,1.83,-2.0700000000000003,0.03,0.04,1.38,0.17,-0.01,0.7,5,0,1
-5.079999999999984,5.0,-2.5400000000000205,-0.06,-1.01,0.06,0.0699999999999999,-2.34,0.1099999999999999,0.13,-0.7999999999999999,7,-1,1
12.700000000000015,-2.0,2.539999999999992,1.02,1.69,-0.1,-0.04,0.33,0.1599999999999999,0.26,-1.4,22,4,1
7.6200000000000045,-9.0,0.0,-2.3099999999999996,-1.21,-0.08,-0.03,-1.0700000000000005,-0.0199999999999999,0.25,0.7000000000000001,1,-2,0
7.619999999999976,-2.0,5.0800000000000125,-0.7300000000000004,-0.0799999999999996,0.0,-0.03,0.95,-0.1899999999999999,-0.04,0.0,-7,1,0
0.0,5.0,-2.539999999999992,-0.7000000000000002,0.0499999999999998,0.0899999999999999,-0.15,-0.1099999999999999,0.0199999999999999,-0.1899999999999999,0.8999999999999999,9,4,1
2.539999999999992,-7.0,2.539999999999992,1.4500000000000002,-1.36,0.1199999999999999,0.1099999999999999,0.5299999999999999,0.16,0.0799999999999999,0.3,-6,-3,1
-7.6200000000000045,7.0,-5.0800000000000125,-2.5,-1.4899999999999998,0.07,-0.02,1.1700000000000002,-0.0099999999999999,-0.3899999999999999,-0.0999999999999999,4,3,0
5.0800000000000125,0.0,5.0800000000000125,1.36,-0.04,-0.0299999999999999,-0.03,0.3500000000000001,-0.04,-0.1999999999999999,0.6000000000000001,5,5,0
-5.0800000000000125,6.0,-7.6200000000000045,-0.08,0.6699999999999999,-0.0399999999999999,0.0799999999999999,-0.6499999999999999,-0.21,0.09,0.0,-8,0,1
0.0,-6.0,-5.0800000000000125,-3.4899999999999993,-0.7599999999999998,-0.0399999999999999,-0.18,-0.8099999999999999,-0.2199999999999999,0.01,0.4999999999999999,-16,-11,0
-2.539999999999992,10.0,-5.0800000000000125,-2.82,-2.13,0.01,0.0799999999999999,0.24,0.22,-0.17,-0.3999999999999999,-1,-5,1
-7.619999999999976,-1.0,0.0,-0.33,-0.4899999999999997,-0.06,0.02,-1.56,0.1599999999999999,0.13,0.1,1,5,1
-15.23999999999998,1.0,-10.159999999999997,-1.0900000000000003,-0.56,0.0199999999999999,0.0799999999999999,0.8999999999999999,0.0499999999999999,0.14,-0.7000000000000001,10,3,1
-10.160000000000023,7.0,-17.78,0.5499999999999998,-1.6,0.17,0.1099999999999999,0.8599999999999999,0.09,0.1799999999999999,-0.8999999999999999,14,6,1
-15.240000000000007,-1.0,-2.539999999999992,-1.4299999999999995,0.1499999999999999,-0.0499999999999999,-0.07,2.8,0.39,0.1099999999999999,0.4000000000000001,5,6,0
-5.079999999999984,-1.0,-5.079999999999984,-2.97,1.3200000000000005,-0.07,-0.05,2.76,-0.2,-0.22,0.6,2,0,0
-15.240000000000007,3.0,-5.0800000000000125,0.7699999999999998,-1.7300000000000004,0.0499999999999999,0.18,0.62,0.23,-0.23,0.7000000000000001,7,0,1
-17.78,1.0,-5.0800000000000125,-0.8199999999999998,-1.89,0.01,0.0599999999999999,2.25,0.15,-0.04,-0.7000000000000001,22,4,0
2.539999999999992,4.0,0.0,-1.42,-1.6800000000000006,-0.06,0.0699999999999999,2.78,0.35,0.0999999999999999,0.7000000000000001,-6,-2,0
0.0,5.0,-7.6200000000000045,-3.729999999999999,-1.1399999999999997,-0.01,0.0399999999999999,3.04,0.18,-0.5,0.8,-3,-10,0
-17.78,3.0,-7.6200000000000045,2.44,-0.5299999999999998,0.25,0.0899999999999999,1.06,-0.0499999999999999,0.25,-2.0,5,1,1
-5.079999999999984,5.0,-10.159999999999997,-1.5299999999999998,-0.8199999999999998,-0.0099999999999999,-0.0799999999999999,1.8400000000000003,-0.12,-0.12,-0.2,7,1,1
-7.6200000000000045,3.0,-2.5400000000000205,-0.3700000000000001,-0.1400000000000001,-0.13,0.0699999999999999,-1.16,-0.02,0.0999999999999999,-2.3000000000000003,-6,10,0
-7.6200000000000045,2.0,0.0,-0.9700000000000002,-1.7399999999999998,-0.01,0.12,-0.33,-0.5,-0.03,1.1,-4,-3,0
10.159999999999997,3.0,2.539999999999992,-0.4500000000000002,1.65,-0.12,-0.1199999999999999,0.1999999999999999,-0.07,-0.16,0.3999999999999999,3,-4,1
0.0,-8.0,0.0,0.7900000000000005,0.04,-0.07,0.0699999999999999,0.3799999999999999,0.36,-0.12,0.1,0,2,0
7.6200000000000045,1.0,10.159999999999997,2.8999999999999995,-0.2600000000000007,0.12,-0.0999999999999999,1.52,0.55,-0.08,0.0999999999999999,0,0,1
-12.699999999999989,-6.0,0.0,3.21,-1.33,0.1999999999999999,0.19,0.26,-0.1099999999999999,0.3299999999999999,-0.3,2,-3,1
2.539999999999992,-9.0,-2.5400000000000205,-0.0500000000000002,-3.7,-0.02,0.05,-0.1600000000000001,0.0,-0.2,-0.0999999999999999,11,1,1
-12.700000000000015,-2.0,-5.0800000000000125,-0.3599999999999999,-0.6799999999999997,-0.0199999999999999,-0.0599999999999999,3.18,-0.18,-0.02,0.3,-12,-8,0
-2.539999999999992,-4.0,2.5400000000000205,-0.3900000000000001,0.91,0.1399999999999999,-0.0899999999999999,-1.0299999999999998,0.09,-0.1099999999999999,0.9000000000000001,2,2,1
2.539999999999992,0.0,5.0800000000000125,0.0100000000000002,2.0899999999999994,0.0399999999999999,-0.1499999999999999,-1.11,0.22,0.03,-0.2,8,2,1
5.0800000000000125,-5.0,-5.0800000000000125,2.0199999999999996,-0.1499999999999999,-0.28,0.11,-1.9,-0.1699999999999999,0.12,0.0,-6,-6,1
15.23999999999998,0.0,7.6200000000000045,2.2900000000000005,2.1,0.04,-0.0399999999999999,-1.79,-0.1,0.27,0.5,11,2,1
-7.6200000000000045,2.0,-5.0800000000000125,-1.4200000000000004,-0.5700000000000003,-0.0099999999999999,-0.04,0.53,-0.33,-0.1,0.2,24,4,1
-7.6200000000000045,4.0,-7.6200000000000045,-0.0500000000000002,0.0999999999999996,-0.2,0.2599999999999999,0.8399999999999999,0.4999999999999999,0.3,-0.4,-5,0,0
0.0,-1.0,-2.539999999999992,0.1099999999999994,-1.2999999999999998,0.18,0.0699999999999999,-0.0499999999999999,0.05,0.13,0.7,10,3,1
-2.5400000000000205,-7.0,-10.160000000000023,0.6499999999999999,-1.3599999999999994,-0.0499999999999999,0.13,-2.81,-0.0399999999999999,0.17,0.4,9,2,1
-5.079999999999984,4.0,2.539999999999992,-0.4599999999999999,-1.93,0.0999999999999999,0.0999999999999999,-1.89,-0.1099999999999999,0.0,0.0,-1,-1,0
-5.0800000000000125,2.0,-5.0800000000000125,-0.9300000000000002,-1.02,-0.0999999999999999,0.06,1.2,-0.21,0.04,-0.1,-6,-2,1
-10.159999999999997,-1.0,-2.539999999999992,1.96,-0.5999999999999996,0.07,0.05,0.72,-0.13,-0.01,0.1999999999999999,7,4,0
5.0800000000000125,6.0,0.0,0.4399999999999999,2.17,-0.0999999999999999,-0.0899999999999999,1.7000000000000002,0.0399999999999999,-0.14,0.0,8,7,0
-12.699999999999989,-9.0,0.0,-1.21,-2.28,-0.0199999999999999,0.1499999999999999,0.01,-0.05,0.29,-1.7999999999999998,-46,-13,0
0.0,4.0,-2.539999999999992,0.5800000000000001,0.5,-0.0999999999999999,0.0499999999999999,-1.6,-0.06,0.0999999999999999,0.5,9,0,1
-5.0800000000000125,-5.0,5.0800000000000125,-2.3899999999999997,-2.03,0.03,0.06,1.93,0.25,-0.0199999999999999,1.5,0,3,1
25.40000000000001,-2.0,22.860000000000017,1.48,-0.2999999999999998,0.04,0.01,-0.6,0.0,-0.26,0.7,-1,0,1
5.079999999999984,6.0,-2.5400000000000205,0.5900000000000003,-1.67,-0.03,0.0999999999999999,-0.31,-0.47,0.3599999999999999,0.2999999999999999,19,11,0
0.0,-2.0,0.0,-0.54,-2.13,0.09,-0.11,-0.73,-0.2399999999999999,-0.2699999999999999,0.4,4,0,1
12.700000000000015,-4.0,15.23999999999998,0.7799999999999998,-0.2599999999999998,0.09,0.04,1.24,-0.24,-0.33,1.0,11,-5,1
0.0,7.0,0.0,-1.0799999999999996,-0.3999999999999999,-0.0199999999999999,0.02,1.08,0.1699999999999999,0.27,0.3,13,6,0
12.700000000000015,4.0,5.0800000000000125,-1.29,-0.1999999999999997,0.0099999999999999,-0.02,-2.05,-0.07,-0.3599999999999999,-0.2,3,-1,1
-5.079999999999984,4.0,-2.539999999999992,2.1900000000000004,1.7900000000000005,-0.09,0.2099999999999999,2.21,0.57,0.12,-3.1999999999999997,-3,-5,0
-5.079999999999984,1.0,-5.0800000000000125,-0.1499999999999999,0.1800000000000001,-0.1,-0.03,-2.16,-0.2499999999999999,0.2799999999999999,-0.3,14,4,1
0.0,-4.0,-7.6200000000000045,-3.7,-4.22,-0.03,0.04,0.58,0.4,-0.05,0.5,5,4,1
2.539999999999992,-1.0,5.0800000000000125,0.0300000000000002,1.84,-0.13,0.02,-2.27,-0.55,-0.12,0.1999999999999999,6,0,1
-2.5400000000000205,6.0,0.0,-2.24,-3.5500000000000007,-0.12,0.13,0.1699999999999999,0.1099999999999999,-0.2399999999999999,-0.7,-15,-3,1
-10.159999999999997,2.0,-5.0800000000000125,0.54,-0.5299999999999998,0.03,0.07,0.9099999999999996,0.12,-0.18,0.1999999999999999,0,-3,0
-2.539999999999992,-9.0,-2.539999999999992,-2.42,0.4399999999999999,-0.02,-0.0999999999999999,0.8400000000000001,0.06,0.22,0.6000000000000001,-2,0,1
-7.6200000000000045,9.0,-7.6200000000000045,-0.27,0.6600000000000001,-0.11,-0.08,1.6,-0.08,-0.2599999999999999,0.7000000000000001,-8,1,1
2.539999999999992,4.0,0.0,-2.4499999999999997,-1.3600000000000003,-0.01,0.0,1.48,-0.02,-0.03,-0.5,-2,-2,1
-5.0800000000000125,-7.0,-5.0800000000000125,-1.02,-0.5300000000000002,-0.15,0.05,-0.6499999999999999,-0.17,-0.02,0.9000000000000001,-5,-7,1
5.079999999999984,-5.0,-2.5400000000000205,0.8700000000000001,0.53,-0.08,0.1699999999999999,-2.4700000000000006,-0.0499999999999999,-0.0699999999999999,0.4,1,-2,1
5.0800000000000125,-6.0,5.0800000000000125,-0.2300000000000004,-0.0299999999999998,0.1099999999999999,-0.12,-0.3500000000000001,-0.14,0.02,0.7,-14,-3,1
-2.5400000000000205,3.0,-5.0800000000000125,-0.3799999999999994,-0.4400000000000004,0.0,0.01,0.1099999999999999,0.1699999999999999,0.01,-0.2,6,9,0
-10.160000000000023,-4.0,-5.0800000000000125,1.2100000000000004,0.0100000000000002,0.0,0.0299999999999999,-0.2099999999999999,0.03,0.2199999999999999,0.0,15,1,1
10.159999999999997,6.0,-2.5400000000000205,-0.5799999999999996,-0.6499999999999999,0.1799999999999999,-0.06,1.91,0.1899999999999999,-0.0399999999999999,-0.1,9,-5,1
0.0,-12.0,2.539999999999992,0.6599999999999997,-1.94,0.03,0.12,0.1900000000000001,0.07,0.12,-1.2999999999999998,5,3,1
-2.539999999999992,7.0,-2.5400000000000205,-1.0699999999999998,-0.9099999999999996,0.06,-0.06,2.77,0.36,-0.25,0.3,-15,-11,0
2.539999999999992,8.0,-7.6200000000000045,-0.98,-0.0200000000000004,-0.0099999999999999,0.0399999999999999,1.31,0.1,-0.01,-0.8,-7,-5,0
7.619999999999976,-1.0,2.539999999999992,-0.96,1.02,-0.01,-0.03,1.18,0.33,-0.06,0.1,-6,0,0
10.159999999999997,-4.0,5.0800000000000125,0.9399999999999996,-0.1799999999999997,-0.06,0.01,-1.12,-0.01,0.02,-0.3,1,0,0
10.160000000000023,-1.0,2.5400000000000205,0.79,1.39,-0.0299999999999999,-0.07,-3.64,-0.01,-0.0899999999999999,-0.1999999999999999,13,3,1
-7.6200000000000045,5.0,0.0,0.8799999999999999,3.0999999999999996,0.1499999999999999,-0.2099999999999999,-0.8800000000000003,-0.0499999999999999,-0.12,0.3,16,5,0
-2.539999999999992,4.0,-5.079999999999984,0.5699999999999998,-0.8699999999999997,0.03,-0.0799999999999999,2.85,0.35,-0.1999999999999999,0.6000000000000001,9,8,1
5.0800000000000125,5.0,-2.5400000000000205,0.8800000000000003,0.77,-0.1099999999999999,-0.0099999999999998,-1.19,-0.12,-0.17,-0.2,-4,-1,0
-12.699999999999989,-4.0,-10.159999999999997,1.4499999999999995,1.54,0.08,0.13,-0.3199999999999998,0.0499999999999999,0.24,-0.3,-20,-9,0
17.78,-2.0,7.6200000000000045,1.0,-0.91,0.1599999999999999,0.12,2.06,0.1899999999999999,-0.09,0.3999999999999999,-21,-11,1
2.539999999999992,2.0,2.539999999999992,1.54,0.3700000000000001,0.11,0.0999999999999999,-2.5400000000000005,0.03,0.12,0.0999999999999999,-8,2,0
-2.5400000000000205,3.0,-7.6200000000000045,-1.48,-1.4500000000000002,0.08,0.13,-1.23,0.0,-0.2799999999999999,0.3999999999999999,-5,-1,0
0.0,3.0,0.0,0.31,0.4699999999999997,0.06,0.03,-0.69,0.01,-0.02,0.0999999999999999,2,-4,1
-5.079999999999984,11.0,-5.079999999999984,-1.39,-0.7399999999999998,-0.0399999999999999,0.03,1.63,0.0499999999999999,-0.48,0.5,-3,3,0
15.23999999999998,-3.0,5.079999999999984,-0.2999999999999998,-0.2600000000000002,-0.0499999999999999,0.0,1.25,0.1099999999999999,0.04,0.3,3,-3,1
-5.0800000000000125,2.0,-7.6200000000000045,0.6900000000000004,-1.11,0.0799999999999999,0.12,-0.92,0.14,-0.02,-0.6000000000000001,7,1,1
5.0800000000000125,-2.0,5.0800000000000125,3.140000000000001,1.99,0.13,-0.02,1.05,0.54,0.47,-0.3,3,-2,1
7.6200000000000045,6.0,2.539999999999992,-0.7999999999999998,-1.2199999999999998,0.09,0.09,0.69,0.35,0.13,0.0,-4,-1,1
-7.6200000000000045,-6.0,-12.699999999999989,-1.06,0.5699999999999998,-0.08,-0.08,1.54,-0.04,0.0699999999999999,0.0,2,-2,1
2.539999999999992,-1.0,0.0,-1.2000000000000002,-0.5,-0.0499999999999999,0.04,2.04,0.12,-0.41,-0.2,-5,-2,0
2.539999999999992,-8.0,7.6200000000000045,-0.27,0.1699999999999999,0.03,-0.0199999999999999,1.84,0.29,0.1799999999999999,1.0,3,-1,0
-7.6200000000000045,-2.0,-12.699999999999989,1.19,0.0999999999999996,0.0799999999999999,0.0399999999999999,-0.24,0.1,0.15,0.0,9,0,1
2.539999999999992,-4.0,5.0800000000000125,-1.9599999999999995,0.8300000000000001,0.2,-0.13,-0.6299999999999999,0.1099999999999999,0.03,0.0999999999999999,0,-4,0
-2.539999999999992,9.0,-7.6200000000000045,-3.92,0.1600000000000001,-0.0199999999999999,-0.0899999999999999,0.4299999999999999,-0.25,0.02,-0.3,-13,-1,0
-12.700000000000015,0.0,-10.159999999999997,-1.3600000000000003,0.02,-0.0499999999999999,0.03,1.0199999999999998,-0.15,0.3199999999999999,0.0,-12,-1,0
10.159999999999997,6.0,5.0800000000000125,-0.6499999999999999,-0.5,0.0499999999999999,-0.12,2.43,0.46,0.01,0.3,0,1,1
2.539999999999992,-2.0,-7.6200000000000045,1.82,1.3899999999999997,-0.12,-0.01,-0.5,-0.1599999999999999,0.0999999999999999,0.1,-11,-5,1
2.5400000000000205,8.0,-7.6200000000000045,0.79,-1.19,-0.0399999999999999,0.18,-0.7999999999999999,-0.0299999999999999,0.27,-0.7,9,3,1
10.159999999999997,-5.0,5.079999999999984,0.2600000000000002,-1.09,0.0499999999999999,-0.0399999999999999,1.71,0.06,-0.07,0.4,0,0,1
-5.0800000000000125,-7.0,0.0,0.3799999999999999,-0.8200000000000003,-0.01,0.04,1.2399999999999998,0.06,0.5,0.0,10,4,1
5.079999999999984,-5.0,0.0,0.08,-0.5700000000000001,0.11,0.06,2.24,0.17,0.08,-0.3,10,-5,1
10.159999999999997,0.0,10.159999999999997,0.0899999999999998,0.0900000000000007,0.05,-0.02,-1.76,-0.0299999999999999,-0.19,0.7,7,11,1
-5.0800000000000125,0.0,0.0,0.1299999999999999,-0.2999999999999998,0.02,-0.01,0.66,-0.19,-0.03,1.2999999999999998,8,2,0
2.5400000000000205,-2.0,-2.539999999999992,-0.6600000000000001,-1.2099999999999995,-0.02,0.02,1.01,0.0499999999999999,-0.08,0.7,5,1,0
-2.539999999999992,6.0,-5.0800000000000125,-1.98,-0.9900000000000002,0.0999999999999999,-0.0999999999999999,0.04,0.1099999999999999,-0.3999999999999999,0.1,-13,-1,1
-2.539999999999992,-1.0,2.539999999999992,0.54,-0.6600000000000001,-0.0399999999999999,0.13,1.36,-0.1499999999999999,0.13,0.0,3,-7,1
2.5400000000000205,2.0,-7.6200000000000045,-0.7400000000000002,-1.0600000000000005,-0.02,0.03,0.4199999999999999,0.41,0.13,-0.6000000000000001,7,8,1
0.0,3.0,-2.539999999999992,-1.3000000000000005,0.1800000000000001,0.0199999999999999,-0.06,0.42,-0.2099999999999999,-0.22,0.2,6,4,0
-2.539999999999992,-2.0,-12.699999999999989,-0.1699999999999999,0.94,0.01,-0.05,1.0000000000000002,0.26,-0.0799999999999999,0.3,-27,-5,0
-10.160000000000023,8.0,5.0800000000000125,-0.8799999999999999,0.1400000000000001,-0.0199999999999999,0.0999999999999999,-2.76,-0.0999999999999999,-0.25,0.1999999999999999,-8,-3,0
-10.159999999999997,6.0,-12.700000000000015,-1.87,-1.25,-0.02,-0.0199999999999999,1.98,0.06,0.0099999999999998,0.4999999999999999,-5,0,1
-2.539999999999992,3.0,-5.079999999999984,0.6299999999999999,-1.89,0.07,0.0499999999999999,-0.6299999999999999,0.28,-0.01,0.1,-9,0,1
7.619999999999976,-10.0,7.6200000000000045,-0.8700000000000001,-1.36,0.01,0.06,0.9300000000000002,-0.0999999999999999,-0.13,-0.5,-18,-10,1
0.0,5.0,0.0,-1.61,0.0700000000000002,-0.05,-0.03,1.7200000000000002,0.4,0.32,0.7,8,1,1
-5.079999999999984,7.0,-5.079999999999984,-1.97,1.1999999999999995,-0.02,-0.1699999999999999,0.04,-0.2,-0.38,0.0999999999999999,9,2,1
-2.5400000000000205,-3.0,-2.539999999999992,0.6099999999999999,-1.6899999999999995,0.07,0.1099999999999999,-1.2000000000000002,-0.3899999999999999,0.0,-1.9,11,-3,1
15.23999999999998,-6.0,7.6200000000000045,2.28,1.3000000000000005,0.01,0.01,-0.8799999999999999,0.18,0.01,-0.2,-5,2,0
-2.5400000000000205,4.0,0.0,0.1800000000000001,-1.0799999999999996,0.07,0.02,0.4299999999999999,0.32,0.06,-0.0999999999999999,9,0,1
-15.23999999999998,-3.0,-10.159999999999997,-1.38,-1.34,-0.1099999999999999,-0.05,0.5299999999999998,-0.1899999999999999,-0.25,-0.6000000000000001,-8,-7,0
2.539999999999992,3.0,2.539999999999992,-1.6900000000000004,0.9699999999999998,0.0299999999999999,-0.0799999999999999,0.3,-0.07,0.06,-0.2,-4,1,0
-10.159999999999997,6.0,-10.159999999999997,-0.9699999999999998,-1.5699999999999998,-0.0399999999999999,0.15,1.06,0.0199999999999999,-0.17,-0.1,-11,-4,1
12.699999999999989,-1.0,2.539999999999992,-0.8899999999999997,-0.1100000000000003,0.0,-0.0699999999999999,0.4399999999999999,-0.07,-0.0999999999999999,0.6000000000000001,-15,-11,0
0.0,4.0,2.5400000000000205,-2.03,-0.6600000000000001,-0.14,0.05,1.5300000000000002,0.09,0.22,0.4,15,8,1
10.159999999999997,6.0,7.6200000000000045,-0.1,1.1,0.02,-0.0899999999999999,-0.43,-0.15,0.1999999999999999,-0.6000000000000001,-10,-5,1
2.539999999999992,6.0,5.079999999999984,0.9700000000000002,1.11,0.0499999999999999,-0.04,-0.6699999999999999,0.1699999999999999,0.0799999999999999,0.0,20,2,1
10.160000000000023,0.0,2.539999999999992,-2.01,0.4399999999999999,0.0299999999999999,-0.0799999999999999,-0.5100000000000001,-0.05,-0.16,-0.0999999999999999,8,2,0
-5.079999999999984,7.0,0.0,0.7399999999999998,0.5899999999999999,-0.0299999999999999,-0.03,-0.78,0.0499999999999999,-0.05,0.0999999999999999,8,3,1
0.0,7.0,2.539999999999992,-2.53,-2.0299999999999994,0.07,0.03,1.2799999999999998,-0.02,-0.05,1.2,6,3,0
-10.159999999999997,-2.0,-10.160000000000023,-2.9400000000000004,0.02,-0.13,-0.13,1.0299999999999998,-0.3,-0.38,1.9,7,-2,1
-10.159999999999997,6.0,-2.5400000000000205,-1.2200000000000002,1.62,-0.03,-0.06,0.9799999999999998,-0.2099999999999999,-0.02,0.1999999999999999,-16,4,1
5.079999999999984,1.0,0.0,-0.04,-2.19,0.22,0.0999999999999999,0.7399999999999999,0.21,0.03,0.4,8,5,0
7.6200000000000045,6.0,0.0,1.1199999999999997,0.31,0.0,0.24,-0.53,-0.26,0.02,0.7,-15,-7,1
-10.159999999999997,3.0,-7.619999999999976,0.9699999999999998,3.689999999999999,-0.01,0.0,-0.94,-0.0499999999999999,-0.0599999999999999,1.0,10,9,1
0.0,9.0,-2.5400000000000205,-0.9900000000000002,0.3899999999999997,-0.08,0.01,-2.8,-0.4,-0.3799999999999999,0.6000000000000001,8,2,1
-2.539999999999992,-8.0,7.6200000000000045,0.5599999999999996,-1.08,0.04,0.04,0.19,0.0199999999999999,-0.06,-0.0999999999999999,1,-2,1
5.0800000000000125,4.0,-5.0800000000000125,-0.4699999999999997,-0.48,0.0299999999999999,0.0099999999999998,2.28,0.15,0.2,0.0,-3,-4,1
-5.079999999999984,-4.0,-5.0800000000000125,1.1700000000000004,-1.0699999999999998,0.2099999999999999,0.07,-0.4099999999999999,0.21,0.13,-2.3,-5,5,0
5.0800000000000125,1.0,0.0,1.73,-1.9,0.0,-0.05,0.7100000000000001,0.09,0.07,-1.1,0,-2,1
12.699999999999989,-4.0,5.0800000000000125,2.370000000000001,2.45,0.03,-0.0699999999999999,-2.56,-0.03,0.04,0.7,9,0,1
2.539999999999992,-4.0,5.0800000000000125,-1.6100000000000003,-1.7999999999999998,0.07,0.0599999999999999,4.61,0.4,-0.0799999999999999,0.4000000000000001,-9,1,0
10.159999999999997,1.0,-2.539999999999992,1.3400000000000003,2.21,-0.03,-0.03,-2.11,0.1599999999999999,0.3299999999999999,-0.9000000000000001,-7,2,1
-12.700000000000015,-3.0,-5.079999999999984,0.02,-0.3099999999999996,-0.0099999999999999,0.12,-2.87,0.0899999999999999,-0.0599999999999999,-0.5,-5,-3,0
-2.539999999999992,3.0,-7.6200000000000045,-3.06,2.9,-0.28,-0.23,-1.87,-0.26,-0.45,2.3,-4,-3,0
0.0,1.0,2.539999999999992,-0.5499999999999998,-1.42,-0.0199999999999999,0.03,0.4499999999999999,0.1,0.0799999999999999,0.2,-8,-9,0
2.5400000000000205,14.0,0.0,-0.6099999999999999,0.29,0.01,-0.0899999999999999,0.24,-0.2299999999999999,0.0399999999999999,1.3,-4,2,0
0.0,0.0,5.0800000000000125,0.0900000000000003,-1.3500000000000003,0.0199999999999999,0.0699999999999999,-0.31,0.0899999999999999,0.43,-0.5000000000000001,-3,3,0
-10.159999999999997,1.0,0.0,2.95,-0.25,0.1499999999999999,0.0899999999999999,-2.54,0.14,0.13,-0.2,11,0,1
7.6200000000000045,-1.0,7.6200000000000045,-0.7400000000000002,-0.7799999999999998,0.02,-0.01,-1.07,-0.07,-0.39,0.7,-2,0,1
7.6200000000000045,-3.0,5.0800000000000125,0.0999999999999998,0.8999999999999999,-0.14,-0.0899999999999999,-1.2300000000000002,-0.12,0.06,1.7999999999999998,-3,-5,1
20.319999999999993,0.0,15.240000000000007,1.66,-0.6099999999999999,0.15,-0.0699999999999999,-1.5500000000000005,-0.12,-0.12,0.1999999999999999,14,6,1
-2.539999999999992,0.0,-5.079999999999984,1.0999999999999996,0.06,0.1099999999999999,-0.01,1.19,0.07,0.12,-0.0999999999999999,5,0,1
2.539999999999992,-3.0,-2.5400000000000205,-1.72,-0.6099999999999994,0.11,-0.09,-2.8000000000000003,0.06,-0.06,0.6,3,2,0
-7.6200000000000045,7.0,-5.079999999999984,-1.39,0.2200000000000002,-0.07,-0.0799999999999999,4.2,-0.29,-0.04,0.1999999999999999,12,6,1
12.699999999999989,-6.0,10.159999999999997,-0.0300000000000002,-0.27,-0.0999999999999999,-0.01,-0.32,-0.2799999999999999,-0.25,0.0,21,6,1
-5.079999999999984,-1.0,-12.700000000000015,0.2399999999999997,0.8699999999999999,-0.01,-0.0399999999999999,-1.87,-0.0299999999999999,0.16,-0.1999999999999999,-3,3,1
5.0800000000000125,-2.0,10.159999999999997,-0.6199999999999999,-0.8900000000000001,0.01,0.14,-0.4700000000000002,-0.13,0.3299999999999999,0.2,17,6,1
17.78,3.0,12.699999999999989,0.0,-0.0499999999999998,-0.1999999999999999,0.0199999999999999,0.02,0.04,-0.25,0.0,3,-2,1
0.0,6.0,-2.5400000000000205,0.1199999999999996,1.8200000000000005,0.03,-0.0999999999999999,-0.52,-0.0899999999999999,0.01,0.4000000000000001,-12,-1,0
-7.6200000000000045,-4.0,-5.0800000000000125,0.3399999999999998,0.3699999999999996,-0.39,-0.01,-2.72,-0.65,0.58,0.0,-2,3,0
-15.23999999999998,0.0,-2.539999999999992,-0.2099999999999999,-1.93,-0.0399999999999999,0.24,2.27,0.08,0.13,-0.0999999999999999,-4,-12,1
2.5400000000000205,5.0,2.539999999999992,-1.7600000000000002,-1.4499999999999995,-0.08,0.04,2.17,0.12,0.06,0.7,-7,-9,0
0.0,7.0,-2.539999999999992,-0.4499999999999997,-0.25,0.07,0.0199999999999999,0.6699999999999999,0.08,-0.22,0.8,1,3,1
5.0800000000000125,0.0,7.6200000000000045,-2.59,-0.6299999999999999,-0.19,-0.0899999999999999,0.38,-0.28,-0.0999999999999999,0.5,3,7,0
-2.539999999999992,1.0,-2.539999999999992,-1.7599999999999998,-0.6600000000000001,-0.0399999999999999,0.0899999999999999,3.24,-0.24,-0.03,1.5,3,-1,1
7.6200000000000045,-2.0,2.539999999999992,-0.52,0.0999999999999996,-0.0399999999999999,0.02,-1.89,0.0499999999999999,0.3099999999999999,0.3,3,0,1
-2.5400000000000205,3.0,2.539999999999992,-1.79,-3.33,0.07,-0.08,3.3499999999999996,0.4,-0.1899999999999999,0.4,-3,0,1
-5.0800000000000125,4.0,-2.5400000000000205,0.73,0.7800000000000002,0.0,-0.02,0.09,-0.07,-0.3899999999999999,-0.1,-16,-9,1
-2.539999999999992,-1.0,-2.539999999999992,0.0900000000000003,1.75,-0.08,0.0399999999999999,-1.0299999999999998,0.18,0.02,-1.3,4,-3,1
7.6200000000000045,-7.0,0.0,0.8199999999999998,-0.5099999999999998,0.12,0.01,1.79,0.1299999999999999,0.15,-0.2,-1,-4,1
10.160000000000023,5.0,2.5400000000000205,-1.7799999999999998,-0.06,-0.13,0.02,-0.7600000000000002,-0.04,-0.1499999999999999,-0.5000000000000001,21,12,0
0.0,8.0,0.0,-3.55,-1.62,-0.05,0.02,0.72,0.02,-0.1999999999999999,1.0,-9,-6,0
-5.0800000000000125,-1.0,-7.6200000000000045,-1.17,-0.0699999999999998,-0.0899999999999999,-0.07,0.6600000000000001,-0.18,-0.12,-0.0999999999999999,-17,-7,0
7.6200000000000045,-1.0,5.079999999999984,-1.2899999999999996,0.4599999999999999,-0.0999999999999999,-0.04,-1.85,0.0,0.24,-0.1,1,-1,0
2.539999999999992,5.0,2.5400000000000205,-1.37,-0.2200000000000006,0.1,-0.0299999999999999,0.44,0.89,0.0,0.1,3,4,0
0.0,6.0,-2.539999999999992,-4.34,-1.14,-0.0399999999999999,-0.0699999999999999,1.45,-0.31,-0.1,-0.1,-7,0,0
2.5400000000000205,-2.0,5.0800000000000125,0.4199999999999999,1.49,-0.05,-0.0899999999999999,-1.9,-0.05,0.39,-0.7999999999999998,18,14,0
25.40000000000001,-1.0,5.079999999999984,2.3800000000000003,1.2800000000000002,0.02,-0.0799999999999999,-2.54,-0.13,-0.14,-0.5,0,-5,1
-7.6200000000000045,-4.0,-2.539999999999992,-1.12,0.0899999999999998,0.26,-0.06,1.2799999999999998,0.3099999999999999,0.0,0.4,-6,-2,1
10.159999999999997,6.0,2.539999999999992,-0.5699999999999998,1.38,-0.08,-0.12,0.3900000000000001,0.14,-0.3,0.4,12,9,0
10.160000000000023,-5.0,7.6200000000000045,2.04,-0.0100000000000002,0.0399999999999999,0.14,1.15,0.1,0.31,-0.8,-11,-8,1
2.539999999999992,5.0,0.0,-0.2000000000000001,0.1100000000000003,0.13,-0.0899999999999999,-0.5300000000000002,0.1199999999999999,0.84,0.3,6,4,1
-2.539999999999992,4.0,0.0,1.2200000000000002,0.6299999999999999,0.1499999999999999,-0.1,-0.98,0.06,-0.0699999999999999,1.6,-6,1,1
-7.6200000000000045,11.0,0.0,1.2300000000000004,2.97,0.0399999999999999,0.01,-0.6200000000000001,-0.0999999999999999,-0.53,0.3,-22,-4,0
12.699999999999989,-4.0,15.240000000000007,0.1399999999999999,-0.1499999999999999,0.1,-0.09,1.82,0.1399999999999999,0.3099999999999999,-0.8,1,-3,1
5.079999999999984,0.0,12.699999999999989,1.4500000000000002,1.3000000000000005,0.04,-0.0499999999999999,-0.4200000000000001,-0.1099999999999999,0.25,-0.5,-1,0,1
12.699999999999989,-4.0,2.539999999999992,-1.1500000000000004,0.7999999999999998,0.06,-0.04,-1.34,0.1699999999999999,-0.04,-0.9,6,2,1
2.539999999999992,5.0,-2.5400000000000205,-0.75,-2.21,-0.07,0.19,0.4099999999999997,-0.35,-0.0599999999999999,0.5,6,5,1
-5.079999999999984,4.0,-5.0800000000000125,0.0299999999999998,-0.9700000000000002,0.07,0.09,2.43,0.2,-0.7,-1.8,1,2,0
5.0800000000000125,-5.0,-5.079999999999984,1.5500000000000005,-1.4500000000000002,0.08,-0.0299999999999999,-3.65,0.0,-0.0799999999999999,0.6,22,4,1
2.539999999999992,0.0,0.0,-0.8899999999999997,1.0699999999999998,-0.07,0.0,-0.92,-0.28,0.05,0.0,6,-3,1
-2.539999999999992,0.0,-5.079999999999984,-0.6199999999999999,-0.06,-0.0499999999999999,0.13,1.0,0.16,0.37,-0.3,-1,-9,1
17.78,-4.0,5.0800000000000125,-2.7299999999999995,-3.98,0.13,0.0599999999999999,1.27,0.36,-0.12,1.9,-7,-2,0
-10.159999999999997,7.0,-2.5400000000000205,-1.6800000000000006,0.79,-0.14,-0.01,-1.75,-0.18,0.0499999999999999,-0.8,-15,0,0
-7.6200000000000045,-5.0,0.0,0.7599999999999999,0.4600000000000002,-0.35,0.21,-2.2,-0.33,-0.19,-1.3,-6,3,1
-5.0800000000000125,-3.0,-7.6200000000000045,1.0100000000000002,-0.3800000000000003,-0.0799999999999999,0.0899999999999999,1.1,-0.24,-0.0899999999999999,-0.2,7,-3,1
-2.539999999999992,-5.0,5.0800000000000125,1.0900000000000003,1.31,0.07,-0.02,-0.6699999999999999,-0.4899999999999999,0.0999999999999999,0.6,9,5,0
2.539999999999992,-4.0,5.0800000000000125,0.6200000000000001,-0.0099999999999997,0.07,-0.01,0.4100000000000001,0.27,0.2999999999999999,0.4,-8,-3,0
-17.78,7.0,2.5400000000000205,-0.3399999999999998,-0.2099999999999999,0.0499999999999999,0.0699999999999999,-2.72,-0.1499999999999999,-0.18,-0.3,3,4,0
10.159999999999997,-6.0,2.5400000000000205,0.3900000000000001,1.7,-0.1,-0.1099999999999999,2.39,-0.22,-0.0999999999999999,0.4,-9,-1,1
-5.0800000000000125,-2.0,2.5400000000000205,-0.4599999999999999,-0.3100000000000005,0.03,-0.1,5.31,0.24,0.1599999999999999,4.1,-9,-9,1
7.6200000000000045,-1.0,-5.0800000000000125,-0.4900000000000002,1.2800000000000002,0.0,0.01,-0.3399999999999999,0.0499999999999999,-0.01,0.0,-4,0,1
2.539999999999992,1.0,-7.6200000000000045,2.22,1.96,-0.05,0.03,-1.5499999999999998,0.55,0.28,-0.8,-8,-1,0
-15.23999999999998,9.0,-10.160000000000023,-1.5100000000000002,-0.3400000000000003,-0.0999999999999999,0.01,0.98,-0.38,-0.06,0.1,14,-3,1
-10.159999999999997,-1.0,-10.159999999999997,1.7900000000000005,0.3900000000000001,0.0899999999999999,0.02,-0.6299999999999999,-0.42,-0.2400000000000001,-0.0999999999999999,-6,-6,1
2.539999999999992,6.0,12.699999999999989,-2.1,-1.1799999999999995,-0.1099999999999999,0.0399999999999999,0.16,0.2199999999999999,0.1299999999999999,-0.1999999999999999,-5,5,0
-2.539999999999992,3.0,-2.539999999999992,1.5300000000000002,0.79,0.0999999999999999,0.01,-0.0699999999999998,0.14,-0.04,0.0,1,-6,1
-10.159999999999997,-5.0,-7.6200000000000045,-0.0100000000000002,-0.5699999999999998,0.06,0.01,-0.1999999999999999,0.1099999999999999,-0.2299999999999999,-0.1,5,4,1
5.0800000000000125,1.0,0.0,-0.4900000000000002,-0.5699999999999998,0.0199999999999999,0.03,2.16,0.16,0.12,0.5,4,4,1
5.0800000000000125,2.0,0.0,1.0499999999999998,-0.4399999999999999,0.06,0.0199999999999999,-0.6599999999999999,-0.06,-0.3,0.4,-3,2,1
0.0,1.0,-2.539999999999992,2.0,-0.48,0.0899999999999999,0.11,-2.05,-0.02,0.6,-0.5,2,3,1
2.539999999999992,4.0,-2.5400000000000205,-0.77,-0.4099999999999997,-0.01,0.0799999999999999,3.17,0.4,-0.79,0.9000000000000001,6,-3,1
-7.6200000000000045,-3.0,7.6200000000000045,-3.0200000000000005,-1.12,0.0399999999999999,-0.05,3.38,0.1399999999999999,-0.38,0.7,-11,-1,0
0.0,5.0,0.0,0.5300000000000002,-2.33,0.07,0.06,0.55,0.3399999999999999,-0.06,-0.2,1,3,0
-12.700000000000015,8.0,-7.6200000000000045,1.16,-0.91,0.28,0.05,1.99,0.13,-0.58,0.0,-1,-2,1
10.159999999999997,3.0,-7.6200000000000045,-0.6200000000000001,0.7799999999999998,-0.17,-0.01,-0.8,0.04,-0.41,1.9,45,8,1
2.539999999999992,-2.0,5.0800000000000125,1.33,0.6700000000000004,0.02,0.0699999999999999,0.8799999999999999,-0.14,-0.12,-0.6000000000000001,-19,-10,0
15.240000000000007,9.0,5.079999999999984,0.3900000000000001,1.16,0.1099999999999999,-0.1099999999999999,0.3700000000000001,0.06,0.0,-0.1,8,1,0
-2.5400000000000205,6.0,2.539999999999992,-1.12,-1.0699999999999998,-0.11,0.14,0.2299999999999999,0.16,-0.01,-2.1,-5,1,0
-2.5400000000000205,-1.0,-2.539999999999992,1.37,-0.6799999999999997,0.0299999999999999,-0.05,-0.1499999999999999,0.0499999999999999,0.0699999999999999,-0.5,16,2,1
5.079999999999984,-2.0,5.0800000000000125,-1.08,-1.2999999999999998,-0.0399999999999999,0.1,0.45,0.23,0.53,-0.5,0,5,1
2.539999999999992,-1.0,-2.539999999999992,0.5800000000000001,-1.43,0.12,0.15,0.8400000000000003,0.2,0.0,0.2,12,-3,1
5.079999999999984,-7.0,7.6200000000000045,1.39,0.04,-0.06,0.0799999999999999,0.71,0.0699999999999999,0.01,0.0,0,-3,1
0.0,-3.0,2.5400000000000205,0.1099999999999998,-2.2300000000000004,-0.1,0.2199999999999999,2.77,0.0399999999999999,0.17,0.3,11,-2,1
-2.539999999999992,4.0,-2.539999999999992,0.8599999999999999,0.98,0.08,0.0,-1.94,-0.1,0.04,-0.2,24,18,1
17.78,-2.0,5.0800000000000125,-0.0900000000000003,0.5499999999999998,-0.19,0.0099999999999999,0.6500000000000001,0.0799999999999999,-0.1999999999999999,0.5,8,12,1
5.079999999999984,-1.0,-2.5400000000000205,0.3599999999999999,-0.8199999999999998,0.02,0.1699999999999999,-1.23,-0.13,0.25,0.3999999999999999,-8,-1,0
7.6200000000000045,3.0,2.5400000000000205,1.9099999999999997,2.3300000000000005,0.0399999999999999,0.0,0.02,0.2,0.13,0.0999999999999999,2,0,1
-5.0800000000000125,4.0,2.5400000000000205,-0.4499999999999997,-1.35,0.0399999999999999,0.01,1.19,0.38,0.1599999999999999,0.1,7,5,1
10.159999999999997,-1.0,5.0800000000000125,-0.25,-0.4799999999999997,0.0399999999999999,-0.02,1.05,0.0399999999999999,0.05,-0.3,5,3,0
10.159999999999997,7.0,10.159999999999997,0.3099999999999998,2.33,0.07,-0.0999999999999999,0.1099999999999998,-0.0399999999999999,-0.01,1.4,-2,2,0
-7.619999999999976,3.0,2.539999999999992,0.9500000000000002,-0.3700000000000001,0.1099999999999999,-0.02,-1.5500000000000005,0.04,0.02,0.7000000000000001,0,3,1
7.6200000000000045,3.0,5.0800000000000125,-0.9900000000000002,-1.0699999999999998,-0.03,-0.0599999999999999,0.77,-0.1099999999999999,-0.29,0.8,11,-3,1
0.0,-1.0,-7.619999999999976,0.6300000000000003,1.0300000000000002,-0.0299999999999999,0.0499999999999999,0.0899999999999999,0.05,0.3799999999999999,-1.1,3,5,1
-7.619999999999976,-3.0,0.0,2.2,1.65,0.0499999999999999,0.12,-0.4099999999999999,-0.28,0.18,-2.1999999999999997,11,10,1
5.079999999999984,11.0,0.0,-1.0699999999999998,-0.8300000000000001,-0.03,0.08,-1.7899999999999998,0.09,-0.01,0.2999999999999999,24,16,0
0.0,-5.0,0.0,0.6300000000000003,-1.52,0.06,0.12,0.5900000000000003,0.3,-0.1100000000000001,-0.6000000000000001,-4,-3,0
5.0800000000000125,13.0,7.6200000000000045,-2.45,-1.29,0.0399999999999999,-0.01,0.21,-0.2,-0.49,1.0,3,6,0
5.0800000000000125,9.0,2.539999999999992,0.3299999999999996,3.1399999999999997,-0.16,-0.14,-0.4599999999999999,0.1699999999999999,0.05,0.0,12,11,0
-2.5400000000000205,3.0,-2.539999999999992,0.6400000000000001,-0.3599999999999999,0.12,0.02,-0.3900000000000001,0.0,0.2299999999999999,0.7,-6,4,1
12.699999999999989,-3.0,7.6200000000000045,-0.4699999999999997,-0.4899999999999997,-0.0499999999999999,0.01,1.4200000000000002,-0.2299999999999999,0.07,-0.6,-3,-7,1
-5.079999999999984,11.0,-2.5400000000000205,1.03,0.81,0.03,0.0599999999999999,-2.47,0.16,-0.03,-0.6000000000000001,1,0,0
7.6200000000000045,1.0,2.539999999999992,-1.64,-1.3199999999999998,-0.0299999999999999,-0.08,-1.0,-0.3,-0.14,-0.2,2,-3,0
-5.0800000000000125,7.0,-5.0800000000000125,0.06,-0.3400000000000003,-0.0399999999999999,0.05,0.8300000000000003,-0.1099999999999999,-0.1099999999999999,0.9,4,1,1
5.079999999999984,2.0,-2.539999999999992,-1.7199999999999998,0.1699999999999999,0.0,0.0,0.0,-0.36,-0.29,0.8,-4,-1,0
2.539999999999992,5.0,-5.079999999999984,-0.9000000000000004,2.5600000000000005,-0.13,0.0299999999999999,-0.23,-0.4099999999999999,-0.0899999999999999,0.0999999999999999,-7,7,0
7.619999999999976,-3.0,7.6200000000000045,0.8799999999999999,-0.92,0.0899999999999999,-0.0799999999999999,0.7300000000000001,0.0499999999999999,0.35,0.2,3,1,1
7.6200000000000045,2.0,0.0,-0.52,-2.109999999999999,0.0,0.04,0.6699999999999999,0.1399999999999999,-0.27,1.2,1,5,0
15.240000000000007,1.0,10.159999999999997,1.2800000000000002,-0.0699999999999998,-0.01,0.0399999999999999,-1.45,-0.22,-0.13,0.0,9,2,1
-12.700000000000015,0.0,-10.160000000000023,2.0900000000000003,1.9600000000000009,0.01,0.04,-3.1500000000000004,-0.26,0.3199999999999999,0.5,11,6,1
-12.699999999999989,8.0,-5.0800000000000125,-0.6299999999999999,1.0499999999999998,0.01,-0.1100000000000001,1.5799999999999998,-0.31,-0.02,-0.5000000000000001,-28,0,0
5.0800000000000125,2.0,2.539999999999992,-0.4299999999999997,-0.9400000000000002,-0.0499999999999999,0.0499999999999999,-1.7599999999999998,-0.18,0.1099999999999999,-0.6,8,3,0
2.5400000000000205,2.0,12.700000000000015,-1.4800000000000004,-0.4599999999999999,-0.0499999999999999,-0.03,-0.2199999999999999,-0.22,-0.14,0.2,-15,-2,0
-10.160000000000023,4.0,-5.0800000000000125,-1.69,-0.6200000000000006,-0.05,0.0799999999999999,0.15,0.15,0.2699999999999999,-0.1,-13,-8,1
5.079999999999984,7.0,10.160000000000023,-0.6000000000000001,0.79,0.09,-0.1699999999999999,1.54,0.25,-0.1599999999999999,0.9,-10,-1,1
-12.700000000000015,-2.0,-7.6200000000000045,0.75,-0.7200000000000002,0.0199999999999999,0.2099999999999999,-0.6299999999999999,-0.29,0.12,0.1999999999999999,-21,3,0
5.0800000000000125,2.0,0.0,0.4700000000000002,0.6799999999999997,0.07,0.0499999999999999,0.53,-0.0499999999999999,0.07,0.5,5,4,1
-5.0800000000000125,-5.0,0.0,-1.87,-0.96,0.0,-0.16,-0.4100000000000001,-0.0999999999999999,-0.05,-0.3,-3,-2,0
-2.539999999999992,-4.0,0.0,-2.4399999999999995,1.07,-0.1099999999999999,-0.0999999999999999,2.96,-0.72,0.12,0.0,-4,3,0
7.6200000000000045,-1.0,0.0,-1.31,0.4299999999999997,-0.0499999999999999,-0.05,-0.07,0.1099999999999999,0.14,-0.3,16,4,0
-5.0800000000000125,-8.0,0.0,1.81,0.2199999999999997,0.05,0.03,0.31,-0.08,0.2300000000000001,0.1,-10,-12,1
7.6200000000000045,3.0,5.0800000000000125,1.38,1.84,0.0799999999999999,-0.01,-1.39,0.17,-0.2099999999999999,-0.4,-1,1,1
-2.5400000000000205,-2.0,-2.539999999999992,-0.7000000000000002,0.1099999999999998,-0.0399999999999999,-0.1100000000000001,0.4499999999999999,-0.06,0.0199999999999999,-0.5,10,4,1
-5.079999999999984,2.0,-15.240000000000007,-1.87,-1.5600000000000005,-0.1499999999999999,-0.03,2.53,0.35,0.07,-0.0999999999999999,-7,2,0
12.699999999999989,-9.0,10.159999999999997,-1.2599999999999998,-0.97,-0.0499999999999999,-0.0599999999999999,2.35,0.08,0.0,0.5,-10,-2,1
25.40000000000001,-2.0,7.6200000000000045,2.3000000000000003,1.94,0.0499999999999999,-0.0599999999999999,-1.4899999999999998,-0.4,-0.0899999999999999,0.0999999999999999,2,2,1
-7.619999999999976,-2.0,0.0,1.7099999999999995,1.2600000000000002,0.06,0.14,-0.01,0.03,0.24,-0.2,3,2,0
7.6200000000000045,3.0,7.619999999999976,0.3799999999999999,-0.0899999999999998,-0.0099999999999999,0.07,-2.5,-0.09,0.3,0.0,2,9,0
-10.159999999999997,4.0,-2.539999999999992,0.95,-0.1100000000000003,-0.2,0.1599999999999999,0.59,-0.07,0.2599999999999999,0.3,3,3,1
2.539999999999992,4.0,0.0,1.2599999999999998,-1.2599999999999998,0.07,0.06,0.83,0.11,0.0699999999999999,-0.0999999999999998,7,10,1
2.539999999999992,7.0,0.0,-1.34,-0.0100000000000002,-0.11,-0.0899999999999999,0.13,0.0,-0.14,0.1999999999999999,-5,-1,1
-2.539999999999992,-3.0,5.0800000000000125,-0.5499999999999998,-0.1600000000000001,0.0399999999999999,-0.0999999999999999,-1.02,0.01,0.21,0.8,-2,-4,0
12.699999999999989,-4.0,2.539999999999992,-1.6299999999999994,-1.23,-0.0299999999999999,-0.0799999999999999,1.01,-0.0199999999999999,-0.1099999999999999,0.0999999999999999,-4,-3,1
15.240000000000007,0.0,5.079999999999984,1.62,-3.24,0.1999999999999999,0.26,1.4500000000000002,0.3099999999999999,0.33,-2.3,11,-1,1
-10.159999999999997,10.0,-15.23999999999998,-1.3199999999999998,-1.8800000000000003,-0.0399999999999999,0.0799999999999999,-0.5799999999999998,0.04,0.2499999999999999,-1.0,0,-1,1
0.0,2.0,2.539999999999992,0.2099999999999999,1.23,0.01,-0.1499999999999999,-0.5899999999999999,0.1299999999999999,-0.18,0.5,6,7,1
-2.5400000000000205,-3.0,-2.539999999999992,1.6800000000000002,-2.9299999999999997,0.2,0.0999999999999999,1.28,0.19,0.22,-1.4,6,-3,1
-5.0800000000000125,1.0,-2.539999999999992,-0.94,-0.9300000000000002,0.12,0.0699999999999999,2.27,0.0699999999999999,-0.29,0.6,-12,-4,0
-5.0800000000000125,-6.0,0.0,0.4499999999999997,0.5399999999999996,-0.1,0.05,0.12,0.13,0.28,-0.3,-4,3,0
-2.539999999999992,3.0,-7.6200000000000045,-1.31,-0.4199999999999999,-0.06,0.05,-0.04,0.02,0.2599999999999999,-0.5,-15,-2,0
20.32000000000002,-8.0,5.079999999999984,0.56,-2.2099999999999995,0.0799999999999999,0.13,-0.1799999999999999,0.12,0.35,-0.4,-6,-8,1
2.539999999999992,-1.0,0.0,-0.3999999999999999,-0.5,-0.1299999999999999,0.12,0.56,-0.1899999999999999,-0.05,0.0,-5,-2,0
7.6200000000000045,-4.0,7.6200000000000045,1.1699999999999997,-0.2199999999999997,-0.01,-0.0399999999999999,-0.75,-0.05,0.06,0.1999999999999999,-5,-7,1
-10.159999999999997,4.0,-5.0800000000000125,-1.4000000000000004,-2.49,0.0499999999999999,0.1099999999999999,1.25,-0.06,-0.25,1.0,22,9,1
-12.700000000000015,-1.0,0.0,3.32,0.6399999999999997,0.0999999999999999,0.0799999999999999,-1.89,0.06,0.15,0.0,2,-4,1
-2.539999999999992,2.0,-7.6200000000000045,0.1299999999999999,0.0099999999999997,-0.0999999999999999,0.0499999999999999,-2.3200000000000003,-0.1699999999999999,0.03,-0.4,7,-5,1
0.0,0.0,-2.539999999999992,-1.7499999999999996,-2.0799999999999996,-0.06,0.1499999999999999,1.03,0.53,0.05,0.8,19,7,1
22.859999999999985,-3.0,15.240000000000007,0.4599999999999999,-0.5,0.1,0.0099999999999998,0.88,0.18,-0.35,1.9,-8,-1,0
2.539999999999992,1.0,-2.5400000000000205,1.0499999999999998,0.4099999999999999,-0.14,0.1599999999999999,-1.2800000000000002,-0.0399999999999999,-0.0899999999999999,0.2,-2,2,1
-10.159999999999997,-4.0,-2.539999999999992,-0.6699999999999999,-0.94,-0.16,0.0899999999999999,-1.11,0.1699999999999999,-0.2199999999999999,-0.3,2,-1,1
-5.079999999999984,5.0,-5.0800000000000125,0.6599999999999997,-1.6699999999999997,0.11,0.13,0.54,-0.37,-0.44,1.0,6,2,1
-2.539999999999992,-3.0,0.0,-0.1599999999999997,0.4700000000000002,-0.09,-0.0999999999999999,-0.5499999999999998,-0.2,-0.0999999999999999,1.0,7,2,1
-5.0800000000000125,2.0,5.079999999999984,0.2300000000000004,0.1400000000000005,0.01,-0.0399999999999999,0.6799999999999999,-0.1699999999999999,-0.02,1.1,12,6,1
2.5400000000000205,-10.0,2.539999999999992,-0.06,0.1,-0.06,-0.0499999999999999,-0.79,-0.0399999999999999,0.03,0.0,7,5,0
0.0,4.0,-5.0800000000000125,-0.6199999999999997,1.46,-0.01,-0.05,-3.37,-0.13,-0.2899999999999999,-0.2,3,16,0
-12.699999999999989,-2.0,-15.240000000000007,0.6499999999999999,0.2799999999999998,0.0999999999999999,0.1099999999999999,-0.18,0.4399999999999999,0.15,-0.5,3,1,1
5.0800000000000125,-1.0,-2.539999999999992,1.48,0.48,0.1099999999999999,0.14,-1.7000000000000002,0.2199999999999999,0.1699999999999999,-0.8,1,-6,1
-2.5400000000000205,-6.0,-2.5400000000000205,-2.2899999999999996,-1.6800000000000002,0.08,-0.0599999999999999,0.31,-0.18,-0.22,1.6,-4,-1,1
5.079999999999984,5.0,2.539999999999992,1.42,0.24,-0.08,0.08,-0.8800000000000003,-0.14,0.06,-0.9,6,3,1
-5.079999999999984,-5.0,-7.6200000000000045,0.4200000000000004,-1.41,0.0099999999999999,0.0799999999999999,2.24,0.18,0.53,-1.9,-6,1,1
2.539999999999992,1.0,5.079999999999984,1.5500000000000005,0.8699999999999999,-0.0899999999999999,0.03,-1.53,0.08,-0.0699999999999999,-0.3999999999999999,12,3,0
-2.539999999999992,0.0,-5.079999999999984,-0.4199999999999999,1.12,-0.02,-0.16,-0.85,-0.34,-0.23,-0.6000000000000001,1,1,1
-10.159999999999997,4.0,0.0,-1.9300000000000008,1.34,-0.0199999999999999,-0.16,1.96,0.0899999999999999,-0.4499999999999999,0.0,-6,0,0
2.539999999999992,2.0,2.5400000000000205,2.3000000000000003,0.6199999999999997,-0.09,0.0999999999999999,-1.3099999999999998,0.21,0.08,-0.5,2,-1,1
10.159999999999997,-6.0,2.539999999999992,2.2,-0.5499999999999998,0.06,0.03,0.6300000000000001,0.0799999999999999,-0.2299999999999999,1.4,18,2,1
0.0,-2.0,-2.5400000000000205,0.4899999999999997,0.3000000000000002,-0.0699999999999999,-0.08,0.55,0.18,0.0899999999999999,0.1,7,3,0
0.0,-3.0,-10.159999999999997,-0.9099999999999993,-4.41,0.06,0.1099999999999999,0.38,0.57,0.19,0.0,8,-3,1
-2.5400000000000205,2.0,0.0,-2.34,-4.0,0.18,0.01,0.45,0.28,0.5700000000000001,-0.5,2,-4,1
2.539999999999992,8.0,15.23999999999998,2.1,-1.3499999999999996,0.13,0.0899999999999999,0.12,0.1999999999999999,0.0899999999999999,-2.1,4,10,1
10.159999999999997,5.0,-7.6200000000000045,-0.8700000000000001,-2.43,0.0399999999999999,0.0899999999999999,3.29,0.1999999999999999,-0.52,1.3,-2,-2,1
2.5400000000000205,-5.0,5.079999999999984,1.42,-0.77,0.03,0.25,0.76,0.43,0.47,-0.4,9,1,1
10.160000000000023,0.0,7.6200000000000045,-0.2300000000000002,-2.39,0.06,0.09,0.1600000000000001,0.0199999999999999,-0.29,2.3,12,-4,0
2.5400000000000205,-3.0,0.0,0.6000000000000001,1.0,-0.1099999999999999,0.1099999999999999,-0.5,-0.12,0.04,-0.5000000000000001,2,10,1
-5.0800000000000125,1.0,-15.23999999999998,-0.7400000000000002,1.22,0.0999999999999999,-0.12,0.5700000000000003,0.0499999999999999,-0.0499999999999999,0.2,10,10,0
7.6200000000000045,1.0,2.539999999999992,-0.73,-1.0299999999999998,-0.0399999999999999,0.05,3.4200000000000004,0.2799999999999999,-0.25,0.2,-13,0,1
2.539999999999992,-4.0,5.0800000000000125,-1.0099999999999998,-1.77,-0.1099999999999999,0.12,1.27,0.1499999999999999,-0.02,0.0,-5,-4,1
7.6200000000000045,-1.0,-5.0800000000000125,-1.16,-0.3199999999999998,-0.15,0.01,0.4000000000000001,-0.0499999999999999,-0.3,0.4000000000000001,13,-1,1
5.079999999999984,-11.0,5.079999999999984,1.13,0.0899999999999998,0.03,0.03,0.4899999999999997,-0.04,-0.0799999999999999,0.3999999999999999,-5,-1,0
5.0800000000000125,-1.0,-2.5400000000000205,-0.75,-0.1400000000000001,-0.0499999999999999,-0.01,-0.8599999999999999,-0.01,0.2199999999999999,-0.7,-4,-1,0
-2.539999999999992,6.0,-5.0800000000000125,0.91,-1.16,0.1399999999999999,-0.02,-0.01,0.3399999999999999,-0.2199999999999999,0.6,6,-3,1
-15.23999999999998,7.0,-7.6200000000000045,-0.6000000000000001,-0.52,0.0799999999999999,-0.07,2.5999999999999996,-0.27,-0.41,0.6,-1,-2,1
7.619999999999976,3.0,-10.159999999999997,-1.17,0.1800000000000001,0.03,-0.01,0.12,0.09,-0.19,-0.8,-15,-9,1
-2.539999999999992,-5.0,-2.5400000000000205,-1.5500000000000005,-0.1399999999999996,0.05,-0.08,2.25,0.07,0.35,0.4,-5,-6,0
2.5400000000000205,-3.0,0.0,-1.95,-1.0700000000000005,-0.01,-0.01,-0.7899999999999998,-0.1,0.28,-0.0999999999999999,8,-4,1
10.159999999999997,-3.0,-5.079999999999984,-0.4700000000000002,1.76,-0.08,-0.16,-2.0,-0.19,0.1899999999999999,-0.8999999999999999,2,4,1
-12.700000000000015,-2.0,-5.0800000000000125,-0.3599999999999999,-0.6799999999999997,-0.0199999999999999,-0.0599999999999999,3.18,-0.18,-0.02,0.3,-12,-8,1
2.539999999999992,-2.0,12.700000000000015,1.3000000000000005,-0.0899999999999998,-0.0899999999999999,0.01,-0.4700000000000001,0.06,-0.49,0.6,13,7,0
-2.539999999999992,7.0,0.0,-0.25,0.8599999999999999,-0.0499999999999999,-0.0999999999999999,-0.6500000000000001,-0.31,-0.0399999999999999,0.5,14,9,0
2.539999999999992,-1.0,7.6200000000000045,-0.5699999999999998,-1.55,-0.1,0.03,1.14,-0.19,-0.42,0.7,-3,-1,0
7.619999999999976,8.0,0.0,-1.35,0.8499999999999996,-0.08,0.0299999999999999,-1.19,-0.02,0.14,-0.8999999999999999,-3,8,1
0.0,-7.0,0.0,-0.25,1.06,0.0,-0.04,-1.5699999999999998,-0.18,-0.04,-0.8,-1,0,1
12.700000000000015,3.0,15.240000000000007,-2.53,-2.0700000000000003,0.02,0.0599999999999999,-1.5500000000000005,-0.27,-0.0899999999999999,0.2999999999999999,-9,-3,0
-12.700000000000015,1.0,-7.6200000000000045,0.9499999999999996,-0.4300000000000001,-0.1099999999999999,0.02,-1.31,-0.0399999999999999,0.2099999999999999,-0.2999999999999998,6,6,1
5.0800000000000125,0.0,2.5400000000000205,2.43,0.9899999999999998,0.01,0.01,-3.58,-0.19,0.02,-0.1,-3,0,0
2.539999999999992,-5.0,-5.079999999999984,-0.5699999999999998,-0.2999999999999998,-0.0999999999999999,-0.01,1.35,0.36,0.25,0.0,-5,1,0
10.160000000000023,6.0,5.079999999999984,-1.13,1.6599999999999997,-0.2,0.0199999999999999,-2.54,-0.18,-0.3399999999999999,-0.3,3,1,0
-2.539999999999992,7.0,5.0800000000000125,-4.2700000000000005,-2.35,0.03,-0.0599999999999999,0.08,-0.14,-0.27,1.2,0,4,0
0.0,-2.0,-5.079999999999984,0.7599999999999998,1.1900000000000002,0.0299999999999999,-0.1599999999999999,-0.1899999999999999,-0.0499999999999999,0.0299999999999999,1.7,14,11,0
0.0,-7.0,10.160000000000023,0.6000000000000001,-0.4400000000000004,-0.14,0.02,1.0,0.21,0.13,0.0,1,2,1
5.079999999999984,-3.0,2.5400000000000205,1.3099999999999996,1.98,-0.01,-0.09,-0.68,-0.22,0.2,-0.2,-9,1,1
10.159999999999997,1.0,5.079999999999984,-0.54,0.8399999999999999,-0.0999999999999999,-0.0299999999999999,1.6900000000000002,0.1699999999999999,0.0499999999999999,-1.2000000000000002,9,1,1
-2.539999999999992,-1.0,-2.539999999999992,-1.13,0.1600000000000001,0.2699999999999999,-0.06,-0.6800000000000002,0.1399999999999999,0.01,0.8,-2,-1,1
20.32000000000002,9.0,20.319999999999993,2.01,-1.15,0.2599999999999999,0.0399999999999999,-0.94,0.48,-0.47,-0.0999999999999999,2,1,0
12.699999999999989,-7.0,5.079999999999984,1.04,1.3099999999999996,-0.01,0.1099999999999999,-2.53,-0.11,0.19,-0.4000000000000001,-3,2,0
2.539999999999992,6.0,2.5400000000000205,-1.2799999999999998,0.0899999999999998,0.0899999999999999,-0.04,0.3200000000000003,0.0,0.1099999999999999,-0.3,5,2,1
17.78,6.0,7.6200000000000045,0.6799999999999997,-0.5099999999999998,0.0,0.17,-1.97,-0.38,-0.2099999999999999,0.6,-7,-3,1
22.859999999999985,-1.0,12.700000000000015,-0.3599999999999999,-0.6399999999999997,0.0499999999999999,0.0,1.99,0.28,0.16,-0.4,4,-2,1
10.160000000000023,0.0,0.0,1.0499999999999994,4.48,-0.0999999999999999,-0.1099999999999999,-0.6300000000000001,-0.15,-0.12,-0.8,7,4,0
0.0,-6.0,2.5400000000000205,1.91,2.22,0.06,-0.0299999999999999,1.88,0.03,0.0,4.3,-1,-4,1
-10.159999999999997,2.0,-7.6200000000000045,-0.0099999999999997,-0.4300000000000001,0.02,-0.01,-2.66,0.03,0.52,0.3,12,-4,1
10.159999999999997,-12.0,-2.539999999999992,1.95,0.73,-0.01,-0.01,-0.7200000000000002,0.2299999999999999,0.27,-0.6,-9,-7,1
-2.539999999999992,13.0,2.539999999999992,0.7200000000000002,0.4499999999999997,-0.06,0.1999999999999999,-1.2299999999999998,-0.11,0.2999999999999999,-3.3,11,5,1
-5.0800000000000125,-8.0,0.0,0.4599999999999999,0.4200000000000004,-0.04,0.0499999999999999,0.55,-0.0299999999999999,0.1699999999999999,0.0,9,0,0
5.0800000000000125,2.0,0.0,0.77,0.2599999999999998,0.12,-0.01,0.37,0.0399999999999999,-0.2299999999999999,0.1999999999999999,6,0,1
2.539999999999992,4.0,-2.539999999999992,-2.1,-3.73,-0.01,0.0999999999999999,1.14,0.21,-0.0399999999999999,-0.3,8,1,1
0.0,2.0,7.6200000000000045,-0.7300000000000004,1.67,-0.09,-0.01,-0.69,0.04,0.23,-0.6000000000000001,-3,6,0
0.0,1.0,0.0,-0.05,-0.7199999999999998,0.07,0.0699999999999999,2.65,-0.03,0.16,-1.8,9,3,1
0.0,7.0,-5.0800000000000125,-0.1400000000000001,0.56,-0.0899999999999999,0.12,1.4700000000000002,-0.06,-0.7000000000000001,0.6000000000000001,1,2,0
2.5400000000000205,1.0,0.0,1.15,2.29,0.11,-0.08,0.89,0.33,0.19,-0.3,0,-4,1
-5.079999999999984,7.0,-2.5400000000000205,-1.16,0.3600000000000001,0.03,-0.07,-0.3800000000000001,0.05,0.16,-0.7000000000000001,-18,2,1
-15.240000000000007,2.0,-5.0800000000000125,0.3099999999999996,1.1900000000000002,0.0499999999999999,0.03,0.7799999999999998,0.03,-0.16,0.7000000000000001,1,-2,1
0.0,3.0,-2.539999999999992,-0.3000000000000002,-1.0299999999999998,0.07,0.06,0.77,0.31,-0.1599999999999999,0.0999999999999999,6,1,0
12.700000000000015,-1.0,5.0800000000000125,1.2999999999999998,0.96,0.09,0.01,0.8799999999999999,0.14,-0.0299999999999999,2.7,25,3,1
0.0,8.0,-2.5400000000000205,-0.8300000000000001,-0.3200000000000003,-0.0299999999999999,-0.01,0.44,0.11,-0.4999999999999999,-0.9,2,1,0
-5.079999999999984,1.0,-5.079999999999984,0.0899999999999998,2.7,-0.13,-0.02,-1.12,0.0,0.05,-0.3,-14,2,1
0.0,7.0,-2.5400000000000205,-0.4100000000000001,-0.7200000000000002,-0.0199999999999999,0.03,0.52,0.1399999999999999,0.03,0.0,7,-3,1
15.240000000000007,4.0,12.699999999999989,0.8900000000000001,-0.25,0.16,-0.06,-3.71,0.2,0.13,0.2,12,0,1
5.079999999999984,-4.0,0.0,-1.7400000000000002,-0.5299999999999998,0.01,-0.02,-0.92,0.1099999999999999,-0.22,0.3999999999999999,6,2,1
12.700000000000015,9.0,7.6200000000000045,-1.83,-0.71,-0.0399999999999999,-0.0799999999999999,1.8,0.48,0.06,0.9,3,7,1
0.0,5.0,-2.539999999999992,0.4900000000000002,0.9200000000000004,-0.01,-0.05,-1.52,0.07,-0.3,0.2,9,-1,0
7.6200000000000045,-7.0,0.0,1.13,1.31,-0.04,-0.07,-0.05,0.1099999999999999,0.33,-0.3,-1,-2,1
-2.539999999999992,-4.0,-2.539999999999992,0.4399999999999999,0.8700000000000001,-0.0099999999999999,0.03,-1.35,0.21,0.45,-0.8,11,0,1
-2.539999999999992,1.0,-2.539999999999992,-1.4899999999999998,1.4,-0.17,-0.1899999999999999,0.6000000000000001,-0.15,-0.1899999999999999,1.2,-29,-8,0
5.0800000000000125,-5.0,-2.539999999999992,2.51,1.1799999999999995,-0.0199999999999999,0.04,-1.9499999999999995,0.2199999999999999,0.02,0.3,16,3,0
2.539999999999992,-1.0,0.0,0.27,0.2399999999999997,-0.0699999999999999,-0.01,1.31,0.08,0.26,0.4,6,3,0
-15.240000000000007,-2.0,-7.6200000000000045,3.6999999999999993,1.2000000000000002,0.0899999999999999,0.25,-3.01,-0.33,0.43,-0.3,3,5,0
-7.6200000000000045,4.0,-7.619999999999976,0.6200000000000001,-1.54,0.1499999999999999,-0.02,-1.89,-0.06,0.2099999999999999,0.8,-4,0,1
-2.539999999999992,1.0,-2.539999999999992,-1.9,-2.0900000000000003,0.0,0.13,3.56,0.37,0.3999999999999999,0.5,-7,-5,1
-17.78,5.0,2.5400000000000205,0.1799999999999997,0.9300000000000002,-0.0199999999999999,0.1099999999999999,-2.5500000000000003,-0.25,-0.01,-0.6000000000000001,-4,-1,1
-2.539999999999992,5.0,-2.539999999999992,-0.1499999999999999,-1.8800000000000003,0.1899999999999999,-0.0099999999999998,1.02,0.35,0.02,0.0,1,2,1
7.619999999999976,-5.0,7.6200000000000045,-1.7200000000000002,-0.4599999999999999,-0.12,0.0399999999999999,0.0399999999999999,-0.2999999999999999,-0.2099999999999999,0.8,-3,4,0
22.859999999999985,-5.0,10.159999999999997,1.2400000000000002,-1.6799999999999995,0.07,-0.0699999999999999,1.42,0.23,-0.36,0.3,12,8,1
-2.539999999999992,-5.0,-2.5400000000000205,0.3400000000000003,-0.33,-0.0199999999999999,-0.01,0.48,0.06,0.0899999999999999,-0.5,2,-2,1
10.159999999999997,-3.0,5.079999999999984,2.7,0.8799999999999999,0.08,-0.0299999999999999,-0.9399999999999996,-0.0499999999999999,0.02,-1.1,3,-7,1
2.539999999999992,-1.0,7.619999999999976,2.6100000000000003,2.3400000000000003,0.08,-0.12,0.3299999999999999,-0.47,-0.08,0.7999999999999999,8,8,1
0.0,2.0,2.5400000000000205,0.27,0.2200000000000002,-0.02,-0.0599999999999999,1.6900000000000002,-0.03,-0.0899999999999999,0.7000000000000001,0,-8,0
10.159999999999997,5.0,10.160000000000023,0.2800000000000002,0.02,0.13,-0.02,-0.2899999999999999,0.28,-0.03,0.2999999999999999,3,9,1
2.539999999999992,-5.0,0.0,0.3399999999999998,0.8299999999999996,-0.12,0.06,-1.6,-0.2699999999999999,0.04,0.0,4,5,1
5.079999999999984,-4.0,-5.0800000000000125,1.2,-0.0100000000000002,-0.01,0.0399999999999999,-0.54,0.1399999999999999,0.6,-0.8,8,5,1
-2.5400000000000205,9.0,-2.539999999999992,0.3299999999999996,-1.71,0.0,-0.07,0.4100000000000001,-0.13,-0.37,0.1999999999999999,7,2,1
0.0,8.0,5.0800000000000125,-1.33,0.8599999999999999,-0.16,0.1,-2.0,-0.0999999999999999,0.1699999999999999,-1.2999999999999998,-17,1,0
10.160000000000023,-5.0,10.159999999999997,1.9099999999999997,-0.0499999999999998,0.14,-0.01,0.2999999999999999,-0.13,0.0,0.7,3,1,1
-5.0800000000000125,1.0,-5.079999999999984,0.1499999999999999,-0.4099999999999997,0.03,0.0799999999999999,-0.51,0.1599999999999999,-0.02,0.1,-2,-4,0
-7.6200000000000045,-2.0,0.0,1.58,-0.81,0.0399999999999999,0.01,0.81,0.0799999999999999,0.1099999999999999,0.8,5,-1,1
-10.160000000000023,6.0,-2.539999999999992,-0.0699999999999998,0.0,0.02,0.0899999999999999,-1.57,-0.03,-0.0699999999999999,-0.6,-10,-4,1
2.539999999999992,5.0,2.539999999999992,-0.3700000000000001,0.3799999999999999,-0.01,0.0,-2.3899999999999997,-0.1299999999999999,-0.08,1.0,0,-1,1
15.23999999999998,1.0,12.699999999999989,0.54,0.33,0.0,0.0,-0.85,-0.07,-0.3199999999999999,0.9,6,3,1
12.699999999999989,-6.0,2.539999999999992,0.3699999999999996,-1.6999999999999995,0.02,0.1099999999999999,3.18,0.36,0.28,0.1,0,1,1
-7.619999999999976,8.0,-7.6200000000000045,1.8899999999999997,2.629999999999999,-0.02,-0.06,-1.4200000000000002,-0.26,-0.27,-0.2,3,4,0
-7.6200000000000045,6.0,-10.159999999999997,-0.8599999999999999,1.6099999999999994,-0.1499999999999999,0.0599999999999999,2.52,0.2299999999999999,0.43,-1.8,-8,-4,0
0.0,-2.0,-5.079999999999984,-0.1600000000000001,-1.54,-0.01,0.1199999999999999,3.0,0.54,-0.04,-0.7,7,0,1
-5.079999999999984,9.0,0.0,-2.26,-1.1,0.08,-0.1099999999999999,2.3300000000000005,0.0799999999999999,-0.08,-0.9,-3,2,0
-17.78,-2.0,-12.699999999999989,-0.4000000000000003,-2.01,0.06,0.1099999999999999,0.29,-0.64,0.1099999999999999,-0.1,3,0,1
-2.5400000000000205,11.0,-5.079999999999984,-1.14,-0.1300000000000003,-0.1699999999999999,-0.06,2.3,-0.07,0.1099999999999999,1.1,22,3,1
5.079999999999984,-5.0,0.0,0.2599999999999998,0.96,0.01,-0.02,0.8500000000000001,0.3,0.31,-0.5,9,-4,1
10.159999999999997,-2.0,2.5400000000000205,-1.66,-0.3199999999999998,-0.17,0.0,-2.27,-0.4599999999999999,-0.05,0.3000000000000002,3,-2,1
-2.5400000000000205,3.0,0.0,0.33,1.49,-0.03,0.0499999999999999,0.27,-0.23,-0.02,0.3999999999999999,-2,-2,0
2.539999999999992,-9.0,0.0,-0.0699999999999998,1.2200000000000002,-0.18,-0.0999999999999999,3.1,-0.34,-0.0399999999999999,0.0,-19,-4,1
2.539999999999992,0.0,2.5400000000000205,1.5499999999999998,1.1599999999999997,0.07,-0.07,4.24,0.37,-0.05,3.5,-8,-7,1
-2.539999999999992,5.0,-7.6200000000000045,0.27,-2.1999999999999997,0.09,0.1499999999999999,0.05,-0.13,-0.1999999999999999,1.2,17,1,0
0.0,-5.0,-5.0800000000000125,1.67,1.33,0.0899999999999999,-0.03,-0.7599999999999998,0.12,0.2799999999999999,0.1999999999999999,23,8,1
20.319999999999993,-1.0,5.079999999999984,2.51,0.9800000000000004,0.04,-0.0899999999999999,-1.88,-0.32,-0.17,0.7999999999999999,8,-3,1
-15.240000000000007,4.0,-2.539999999999992,-0.3599999999999999,-0.98,-0.06,-0.02,0.5999999999999999,0.0299999999999999,-0.1099999999999999,0.7000000000000001,4,0,0
-5.079999999999984,3.0,0.0,-2.3199999999999994,-1.3200000000000005,-0.08,0.06,3.46,0.12,0.1099999999999999,0.8,10,-5,0
-2.539999999999992,2.0,-10.159999999999997,-0.7600000000000002,-0.1499999999999999,0.0999999999999999,0.02,1.38,-0.12,-0.0899999999999999,0.1,0,5,1
2.539999999999992,-12.0,-2.539999999999992,0.91,-1.88,0.19,0.23,0.81,-0.0499999999999999,0.12,0.0,-10,-10,1
2.539999999999992,-2.0,-2.539999999999992,-0.0899999999999998,-1.01,0.2,0.06,1.94,0.26,0.03,-0.0999999999999999,-1,-5,1
-7.6200000000000045,11.0,-7.6200000000000045,-0.04,-0.1699999999999999,-0.0199999999999999,0.07,0.4499999999999999,-0.36,0.0599999999999999,-0.5999999999999999,18,7,1
-5.0800000000000125,-1.0,-5.0800000000000125,-0.6600000000000001,-0.8999999999999999,0.02,0.17,0.8300000000000001,0.23,0.5700000000000001,-0.8999999999999999,-12,-7,1
2.539999999999992,-5.0,5.0800000000000125,-0.5500000000000003,1.9499999999999995,-0.0899999999999999,-0.0299999999999999,1.1900000000000002,0.08,0.08,1.4,7,4,1
2.539999999999992,-1.0,-5.079999999999984,1.7399999999999998,1.82,-0.03,-0.03,-0.24,-0.19,0.1099999999999999,0.2,8,9,0
-10.159999999999997,6.0,-5.0800000000000125,-1.61,-2.38,-0.03,0.05,2.47,-0.12,-0.12,0.1,-7,-1,0
-2.539999999999992,-3.0,-5.079999999999984,3.57,1.1700000000000004,0.16,0.12,-1.88,0.0,0.1899999999999999,-0.8,-3,-8,1
5.079999999999984,1.0,2.539999999999992,1.4300000000000002,1.17,-0.0299999999999999,0.03,-1.1,0.15,0.0299999999999999,0.3999999999999999,-5,4,0
-5.079999999999984,3.0,-7.6200000000000045,2.4299999999999997,1.58,-0.06,-0.1,-1.87,0.13,0.63,-2.4,4,2,1
5.0800000000000125,-1.0,-2.539999999999992,-1.25,-1.5499999999999998,-0.06,0.0799999999999999,-0.9099999999999996,0.02,0.13,-0.5,3,2,1
0.0,6.0,2.539999999999992,-2.47,-3.51,0.07,0.07,-2.79,-0.2499999999999999,-0.4,0.7,1,1,0
2.539999999999992,0.0,-2.5400000000000205,-0.4700000000000002,-0.2000000000000001,-0.01,-0.0799999999999999,-0.7400000000000002,0.1099999999999999,-0.0899999999999999,0.4999999999999999,11,5,1
-2.539999999999992,-11.0,-2.539999999999992,0.5499999999999998,-2.38,0.0,0.1799999999999999,1.3400000000000003,0.22,0.47,-0.7000000000000001,8,-5,1
-17.78,-2.0,-12.699999999999989,0.25,0.8599999999999999,-0.0499999999999999,0.1099999999999999,-2.2,-0.47,0.0999999999999999,0.2,-14,2,0
-7.6200000000000045,7.0,-2.5400000000000205,-1.15,-0.7199999999999998,0.08,-0.1,1.81,0.15,-0.03,0.4,7,1,0
-2.5400000000000205,-1.0,2.5400000000000205,-1.1499999999999997,-3.28,0.0,-0.02,1.28,0.3899999999999999,0.0999999999999999,-0.1,0,-6,1
2.5400000000000205,9.0,-2.539999999999992,1.25,0.7000000000000002,0.0199999999999999,0.0599999999999999,0.31,0.21,-0.0599999999999999,-1.3,4,1,0
7.6200000000000045,9.0,-2.5400000000000205,0.1299999999999999,1.9299999999999995,-0.0499999999999999,0.0199999999999999,-0.4199999999999999,-0.18,-0.51,0.5,-1,-1,0
-15.23999999999998,6.0,-7.6200000000000045,-2.6500000000000004,-1.13,-0.13,0.14,1.86,0.1699999999999999,0.4000000000000001,-0.6000000000000001,-9,-6,0
5.079999999999984,6.0,0.0,-0.7899999999999996,2.41,-0.22,-0.0899999999999999,0.45,-0.04,-0.33,-0.6,9,12,0
-7.6200000000000045,1.0,0.0,-0.8600000000000003,1.7200000000000002,0.01,-0.16,-1.15,-0.0799999999999999,0.2299999999999999,-0.3,0,-2,1
-5.079999999999984,-2.0,-7.6200000000000045,-0.3199999999999998,-0.54,-0.17,-0.0799999999999999,-0.1100000000000003,-0.14,-0.09,1.4,6,3,0
-5.0800000000000125,-3.0,-7.6200000000000045,-0.9699999999999998,-1.81,0.07,0.0499999999999999,1.54,0.1299999999999999,-0.0399999999999999,0.0,1,-6,1
10.159999999999997,1.0,5.0800000000000125,-0.0999999999999996,-0.2100000000000008,-0.08,0.0899999999999999,-0.57,0.15,0.12,-0.1,-15,-7,1
-10.159999999999997,5.0,-2.539999999999992,-0.8899999999999999,-0.69,-0.03,-0.0299999999999999,0.78,0.11,-0.3199999999999999,1.7000000000000002,1,-3,1
17.78,2.0,5.0800000000000125,0.2899999999999996,-2.5900000000000003,0.08,0.1899999999999999,0.33,0.2799999999999999,0.1999999999999999,0.8,8,-6,1
5.0800000000000125,-2.0,-2.539999999999992,-0.94,1.3199999999999998,-0.06,0.01,-0.8300000000000001,-0.1499999999999999,0.0699999999999999,-0.4,-10,-7,1
5.079999999999984,-8.0,2.539999999999992,-0.1,-1.87,-0.0499999999999999,0.03,1.12,-0.17,0.2299999999999999,0.4,-11,-12,0
-2.5400000000000205,5.0,2.5400000000000205,-0.5699999999999998,-0.4899999999999997,-0.12,0.0899999999999999,1.4,0.0799999999999999,-0.2299999999999999,0.0,-2,4,0
2.539999999999992,-1.0,7.6200000000000045,0.54,-0.4299999999999997,0.02,0.04,1.2200000000000002,0.1099999999999999,-0.06,0.7,6,7,0
7.619999999999976,-2.0,7.619999999999976,-0.92,0.9400000000000004,0.07,-0.0799999999999999,-0.6600000000000001,0.0,-0.06,0.1999999999999999,18,8,1
-2.539999999999992,1.0,0.0,1.1800000000000002,0.7199999999999998,0.0799999999999999,-0.1,-0.1400000000000001,0.1999999999999999,0.29,-0.1,-1,7,0
5.079999999999984,4.0,7.6200000000000045,-1.48,-0.0299999999999998,0.08,-0.0599999999999999,-0.8299999999999998,-0.2499999999999999,-0.02,-0.8,32,9,0
-2.539999999999992,-5.0,2.539999999999992,0.5900000000000003,-0.9700000000000002,0.01,0.15,2.96,-0.4499999999999999,0.3199999999999999,-0.3999999999999999,8,1,1
2.5400000000000205,7.0,7.6200000000000045,-1.4499999999999995,0.9099999999999996,-0.06,-0.08,0.03,0.0499999999999999,-0.19,-0.2,-4,1,0
-5.079999999999984,5.0,0.0,1.2300000000000004,-0.0299999999999993,0.1499999999999999,-0.1,1.22,0.05,-0.83,1.7,-9,-9,0
0.0,-7.0,2.539999999999992,-0.8499999999999999,0.1299999999999999,-0.0099999999999999,-0.01,-0.5,0.0799999999999999,-0.0399999999999999,0.3,-6,-1,1
12.700000000000015,-2.0,10.159999999999997,-0.33,-0.6600000000000001,-0.04,-0.0499999999999999,2.33,0.46,0.3099999999999999,-0.1999999999999999,3,2,1
0.0,-2.0,2.539999999999992,0.4599999999999999,-0.6399999999999997,0.08,0.0899999999999999,-0.27,0.11,0.12,-0.1,-16,-6,1
0.0,5.0,-7.6200000000000045,-0.9900000000000002,-1.64,-0.0299999999999999,0.1099999999999999,0.0599999999999998,-0.35,0.13,0.5,7,4,0
-2.5400000000000205,-3.0,-2.539999999999992,2.01,2.8099999999999996,0.0099999999999999,-0.02,-1.65,-0.14,0.02,-0.2,16,4,0
5.079999999999984,3.0,-5.079999999999984,-1.13,0.0900000000000003,0.0399999999999999,-0.0499999999999999,-0.57,-0.08,-0.29,0.4,-14,-12,0
15.23999999999998,-2.0,-2.539999999999992,-0.1400000000000001,-0.3199999999999998,0.0499999999999999,-0.12,-1.08,-0.36,-0.35,0.6,-2,-2,0
0.0,-3.0,-2.539999999999992,-1.42,-0.6499999999999999,-0.0299999999999999,-0.06,1.4,0.2199999999999999,0.62,1.5,9,0,1
0.0,3.0,5.0800000000000125,-1.0799999999999998,-0.8399999999999999,0.0,0.08,-1.21,0.39,0.21,0.2,10,-1,1
-7.6200000000000045,3.0,-2.539999999999992,-0.3200000000000003,-0.6399999999999999,0.0,0.05,0.0300000000000002,0.0099999999999999,-0.07,0.1999999999999999,-3,-3,1
-5.0800000000000125,1.0,0.0,-1.85,-1.9400000000000004,0.05,0.0699999999999999,1.62,0.07,0.31,-0.3999999999999999,-8,-4,0
5.0800000000000125,-11.0,2.539999999999992,-1.27,-0.6199999999999997,0.04,-0.1499999999999999,1.5599999999999998,0.1,0.2199999999999999,0.5,4,0,0
2.5400000000000205,2.0,7.6200000000000045,2.07,0.8899999999999997,0.1299999999999999,-0.01,-2.5700000000000003,0.18,0.1099999999999999,0.1999999999999999,11,13,0
-10.159999999999997,0.0,-2.539999999999992,-0.2300000000000002,0.5999999999999999,0.0099999999999999,-0.03,0.7599999999999998,-0.14,-0.35,0.3999999999999999,-11,-3,0
-5.079999999999984,0.0,-10.159999999999997,1.3499999999999996,-0.3700000000000001,0.03,0.01,0.24,0.19,0.15,-0.6000000000000001,3,6,1
5.079999999999984,0.0,12.699999999999989,-0.6400000000000001,-0.69,-0.0699999999999999,-0.08,0.04,-0.06,-0.09,-0.5,4,6,0
-10.160000000000023,0.0,-12.700000000000015,1.21,0.1099999999999998,0.05,0.0499999999999999,3.42,0.19,0.2699999999999999,-0.5,-12,-7,1
-5.0800000000000125,-4.0,-2.539999999999992,1.8299999999999996,0.48,0.0499999999999999,-0.08,2.73,0.54,0.13,0.2999999999999999,13,1,1
7.6200000000000045,0.0,7.6200000000000045,0.04,0.2199999999999997,-0.02,-0.0699999999999999,0.0,-0.2299999999999999,-0.22,0.4,6,7,0
12.699999999999989,-6.0,0.0,0.3900000000000001,-0.7200000000000002,0.15,0.01,1.2799999999999998,0.24,0.06,-0.5,9,-2,0
7.6200000000000045,-1.0,2.539999999999992,-0.5300000000000002,-0.6899999999999997,0.02,0.04,-1.96,0.36,0.18,-0.1999999999999999,10,2,1
15.240000000000007,2.0,0.0,0.31,1.2000000000000002,-0.12,0.0299999999999999,0.08,-0.1,-0.17,0.4,-2,1,1
-7.619999999999976,-2.0,0.0,0.06,-0.8600000000000003,-0.05,0.04,1.56,-0.07,0.27,-1.0,13,1,1
-7.6200000000000045,5.0,0.0,0.3999999999999999,-1.0,0.12,0.02,1.0200000000000002,0.5900000000000001,-0.1999999999999999,-0.2,6,6,0
-5.0800000000000125,7.0,2.539999999999992,-3.0200000000000005,-1.1099999999999994,-0.14,0.12,1.2,-0.37,-0.07,-0.6,-9,3,0
-2.539999999999992,0.0,2.5400000000000205,0.0799999999999996,1.3600000000000003,-0.0499999999999999,0.03,-1.92,-0.26,0.04,-0.2,-4,1,1
2.5400000000000205,-3.0,12.700000000000015,2.0399999999999996,0.8600000000000003,-0.04,0.0899999999999999,0.0999999999999999,0.0499999999999999,-0.0899999999999999,0.4,4,0,1
-10.159999999999997,-4.0,-12.699999999999989,-0.7599999999999998,-1.65,0.1099999999999999,-0.0899999999999999,0.84,-0.0999999999999999,0.1999999999999999,-1.8,-12,-5,0
5.0800000000000125,-4.0,0.0,1.14,1.51,0.1099999999999999,-0.05,3.3000000000000003,0.14,0.1599999999999999,1.4,-3,-1,1
7.6200000000000045,0.0,2.539999999999992,0.2400000000000002,0.6899999999999995,-0.13,0.0299999999999999,-1.98,-0.4,-0.16,0.7,-4,1,1
0.0,1.0,-7.6200000000000045,1.88,-1.0,0.0999999999999999,0.0099999999999998,4.83,-0.0499999999999999,0.0399999999999999,0.3,-7,-6,1
-2.539999999999992,-2.0,-2.539999999999992,2.07,-1.87,0.16,0.08,0.6900000000000002,0.1699999999999999,0.15,0.3,0,-11,1
2.539999999999992,-1.0,-2.5400000000000205,0.75,-0.4900000000000002,-0.0399999999999999,0.0699999999999999,0.1299999999999999,0.1699999999999999,0.2499999999999999,-0.6000000000000001,-9,-5,1
2.539999999999992,5.0,5.0800000000000125,-0.75,-0.3599999999999999,-0.0499999999999999,0.0999999999999999,0.8299999999999998,0.01,-0.0999999999999999,1.0,-2,3,1
-2.5400000000000205,3.0,-7.619999999999976,1.2800000000000002,-1.7999999999999998,0.15,0.0899999999999999,-0.01,0.03,0.4899999999999999,-1.4,9,7,1
-5.079999999999984,3.0,-5.0800000000000125,0.2800000000000002,0.3199999999999998,0.03,0.0299999999999999,-2.0999999999999996,-0.2,-0.03,-0.3999999999999999,4,4,1
7.6200000000000045,-2.0,7.6200000000000045,-0.31,-1.0300000000000002,0.0299999999999999,0.02,0.1800000000000001,0.03,-0.07,0.3,1,9,0
2.539999999999992,5.0,0.0,-1.0700000000000005,-1.2599999999999998,-0.0799999999999999,0.02,2.24,0.1099999999999999,-0.15,1.6,1,-2,0
-2.539999999999992,-2.0,-7.6200000000000045,-1.27,1.5700000000000005,0.04,-0.38,-2.81,-0.1,-0.6,4.8,2,7,0
15.23999999999998,-2.0,2.539999999999992,3.2600000000000007,1.42,0.06,0.02,-2.19,0.0799999999999999,0.67,-0.0999999999999999,16,5,1
-10.159999999999997,6.0,-2.539999999999992,1.02,1.6399999999999997,0.1099999999999999,0.0599999999999999,0.33,-0.1399999999999999,-0.69,-0.3,-15,-6,0
20.32000000000002,3.0,10.159999999999997,-1.95,0.5099999999999998,0.08,-0.21,-0.97,0.0,0.0,2.6,-7,9,0
0.0,1.0,2.539999999999992,-0.6500000000000001,0.2699999999999998,0.07,0.0699999999999999,-0.3399999999999998,-0.0499999999999999,0.26,-0.1999999999999999,-3,2,0
-5.079999999999984,-3.0,-5.0800000000000125,0.3799999999999999,2.29,-0.01,-0.0899999999999999,-2.08,-0.08,-0.1499999999999999,0.7999999999999999,-3,5,0
-5.079999999999984,-6.0,2.5400000000000205,0.2299999999999999,-1.25,0.08,0.06,-1.97,0.1299999999999999,-0.21,0.7,7,-2,1
0.0,2.0,0.0,0.3700000000000001,-0.96,0.2199999999999999,-0.01,-0.0399999999999999,0.3899999999999999,-0.14,0.6,6,-3,1
0.0,1.0,0.0,-0.8700000000000001,-0.3199999999999998,0.09,-0.03,0.8500000000000001,0.03,-0.71,3.899999999999999,2,1,1
-2.5400000000000205,3.0,-2.539999999999992,-1.8699999999999997,-0.9700000000000002,0.01,0.04,0.0899999999999998,0.09,0.01,-0.6000000000000001,10,5,1
2.539999999999992,-2.0,2.5400000000000205,0.4099999999999999,-0.2299999999999999,-0.0399999999999999,0.01,1.14,0.53,0.5900000000000001,0.3,-4,2,0
-5.0800000000000125,-4.0,-2.539999999999992,0.28,-0.08,0.1499999999999999,0.0699999999999999,2.23,-0.15,0.08,-0.8,-9,-4,1
7.6200000000000045,1.0,5.079999999999984,-0.3500000000000001,3.87,-0.13,-0.04,0.5499999999999998,-0.16,0.26,-0.8,13,5,0
5.0800000000000125,-3.0,-2.539999999999992,-1.9,-1.09,-0.0799999999999999,-0.03,3.01,0.33,0.1599999999999999,-0.6000000000000001,8,1,1
12.700000000000015,-1.0,-2.5400000000000205,0.2599999999999998,-1.3099999999999996,0.1699999999999999,0.13,0.3999999999999999,0.06,0.12,0.0999999999999999,9,-7,1
2.5400000000000205,-2.0,-2.5400000000000205,0.3799999999999999,0.1400000000000001,0.07,-0.1100000000000001,1.15,0.0799999999999999,0.05,0.4,10,-7,1
-10.159999999999997,-4.0,2.539999999999992,-0.6299999999999999,-0.5699999999999998,-0.13,-0.07,2.32,0.46,0.1699999999999999,-0.2999999999999999,-2,0,1
-12.700000000000015,2.0,-10.159999999999997,-0.0300000000000002,1.09,-0.07,-0.0499999999999999,-1.39,0.06,-0.0799999999999999,-0.3,-12,-7,0
5.079999999999984,5.0,5.079999999999984,-1.5299999999999998,0.8199999999999998,-0.12,-0.15,-2.24,-0.1099999999999999,-0.2899999999999999,0.3,5,23,0
7.6200000000000045,3.0,5.079999999999984,-1.14,-0.5200000000000002,-0.0999999999999999,-0.01,-1.4900000000000002,0.4499999999999999,0.04,-0.3,-6,1,0
-2.539999999999992,2.0,5.079999999999984,0.9499999999999996,-0.2800000000000002,0.08,0.0999999999999999,-4.59,-0.1399999999999999,-0.0899999999999999,0.4,2,2,0
-12.699999999999989,7.0,-5.079999999999984,-0.91,-0.6599999999999997,0.0299999999999999,-0.1,-0.26,-0.41,-0.33,0.3,-5,-1,0
-15.240000000000007,5.0,-5.0800000000000125,1.4299999999999995,-1.61,0.25,0.0999999999999999,0.2299999999999998,-0.12,0.15,-0.3000000000000002,1,2,1
-7.6200000000000045,1.0,2.539999999999992,3.4399999999999995,2.03,0.1699999999999999,0.05,-2.32,-0.58,0.1999999999999999,0.0,10,5,1
-7.6200000000000045,4.0,-10.160000000000023,-1.16,-0.8800000000000003,0.0,0.0,3.48,0.0799999999999999,-0.0999999999999999,0.0999999999999999,5,-8,1
-5.079999999999984,5.0,-2.5400000000000205,-1.8800000000000003,1.39,-0.06,-0.2299999999999999,1.9499999999999995,-0.34,-0.22,0.9000000000000001,-12,-9,0
5.079999999999984,4.0,0.0,0.91,3.04,0.06,-0.1999999999999999,-1.2600000000000002,-0.1099999999999999,-0.2,0.5,10,4,1
7.6200000000000045,-2.0,2.5400000000000205,-0.4699999999999997,-0.5800000000000001,-0.0899999999999999,-0.02,-0.5899999999999999,0.0,0.27,-0.8,8,2,0
-5.0800000000000125,1.0,-2.539999999999992,2.1,0.33,-0.0499999999999999,-0.03,-0.4100000000000001,-0.0499999999999999,-0.25,0.0,5,0,1
-2.539999999999992,9.0,0.0,-0.8500000000000001,-0.5,0.0,0.02,-1.5699999999999998,-0.02,-0.0999999999999999,0.0999999999999999,10,3,0
-2.5400000000000205,-3.0,-10.159999999999997,-2.28,-0.25,0.01,0.06,0.93,0.47,-0.09,0.7,3,5,0
-2.5400000000000205,-3.0,5.079999999999984,-1.06,1.4000000000000004,0.1099999999999999,-0.0499999999999999,1.86,0.0199999999999999,-0.28,0.3,-2,-1,0
-5.079999999999984,3.0,-2.5400000000000205,-0.1199999999999996,-1.65,-0.0199999999999999,0.0899999999999999,1.79,-0.0499999999999999,0.03,-0.3,0,-3,0
2.539999999999992,-2.0,0.0,-1.02,1.73,-0.03,-0.1899999999999999,0.76,-0.15,-0.01,0.6000000000000001,-17,3,0
-10.160000000000023,-4.0,-2.5400000000000205,0.1399999999999996,-0.6599999999999997,0.1599999999999999,0.06,1.0,0.19,0.3299999999999999,-0.3,-20,-16,1
0.0,-4.0,2.539999999999992,0.6800000000000002,1.82,-0.14,-0.05,-0.0199999999999999,-0.19,0.1099999999999999,0.2,24,7,1
-2.539999999999992,0.0,2.5400000000000205,-3.12,-1.5400000000000005,-0.09,-0.06,-0.31,0.06,0.18,-0.3999999999999999,-14,-2,0
0.0,-1.0,-5.0800000000000125,0.97,0.04,0.03,-0.05,-0.5899999999999999,0.0,-0.26,0.0,-12,-3,0
-7.619999999999976,2.0,-10.159999999999997,-1.0500000000000005,3.76,-0.07,-0.08,-3.16,-0.0699999999999999,-0.2799999999999999,0.1,-13,-9,0
-17.78,3.0,-7.6200000000000045,-0.77,-0.8700000000000001,-0.07,0.0899999999999999,-1.1,-0.1699999999999999,0.0399999999999999,-0.4,-2,-3,1
10.159999999999997,14.0,2.539999999999992,-1.9099999999999997,0.2099999999999999,0.0199999999999999,0.0399999999999999,-0.0899999999999998,0.0899999999999999,0.13,-1.4,-8,-4,1
7.619999999999976,5.0,0.0,-0.5199999999999996,-1.66,0.0499999999999999,-0.0699999999999999,0.92,0.1099999999999999,-0.2799999999999999,1.1,-3,-2,0
-10.159999999999997,1.0,-5.0800000000000125,2.7700000000000005,0.91,-0.09,0.15,-1.3,-0.18,-0.36,-1.0,0,1,0
7.6200000000000045,-2.0,5.0800000000000125,0.4399999999999999,-0.6099999999999999,-0.0299999999999999,-0.0699999999999999,-1.27,0.05,-0.4,-1.0,12,7,1
7.619999999999976,1.0,12.699999999999989,0.9300000000000002,1.2700000000000005,-0.0099999999999999,-0.0699999999999999,-0.79,-0.0199999999999999,0.1799999999999999,0.6,4,1,0
5.0800000000000125,6.0,-2.539999999999992,0.0599999999999996,0.2299999999999999,-0.0499999999999999,0.01,1.0799999999999998,-0.13,-0.13,0.4,-4,5,1
2.539999999999992,6.0,-2.539999999999992,0.2099999999999999,1.1800000000000002,-0.03,-0.09,-1.7000000000000002,0.0199999999999999,0.01,-0.1,4,5,1
-2.539999999999992,-4.0,-5.0800000000000125,1.74,1.17,-0.01,-0.01,-0.15,-0.24,0.31,-1.4,-8,0,1
-10.159999999999997,3.0,-10.159999999999997,-0.02,-0.31,0.0,-0.01,0.78,-0.4,-0.2299999999999999,0.3,-2,0,0
-5.079999999999984,-1.0,-2.539999999999992,1.02,1.15,-0.0399999999999999,-0.13,0.3000000000000002,-0.21,0.02,0.5000000000000001,-1,1,1
0.0,-2.0,12.699999999999989,1.47,1.5499999999999998,0.06,0.01,-1.95,0.37,0.29,-2.0,-12,-2,0
-2.539999999999992,-4.0,2.539999999999992,1.68,1.0100000000000002,-0.14,-0.0399999999999999,0.0,-0.2199999999999999,0.4,0.6,7,-1,1
7.6200000000000045,-4.0,0.0,0.4899999999999997,1.69,0.07,-0.0799999999999999,-1.8000000000000005,-0.1099999999999999,-0.17,0.2999999999999999,-2,-1,0
2.539999999999992,2.0,-5.0800000000000125,0.7399999999999998,-1.8699999999999997,0.23,0.1499999999999999,0.2099999999999999,-0.13,-0.02,0.6000000000000001,29,12,0
-10.159999999999997,1.0,-7.6200000000000045,-0.0700000000000002,-0.2000000000000001,-0.0499999999999999,0.15,0.1,-0.32,-0.02,0.0,0,1,1
2.539999999999992,-5.0,0.0,1.0199999999999996,0.08,0.1,-0.0499999999999999,-0.1200000000000001,0.11,-0.0699999999999999,-0.1999999999999999,-1,5,1
17.78,-2.0,12.699999999999989,1.08,0.77,-0.02,0.03,-2.16,-0.1099999999999999,0.1099999999999999,-0.3,-6,-2,0
-5.079999999999984,2.0,0.0,-1.4299999999999995,1.5599999999999996,0.0,-0.0299999999999999,1.77,0.04,-0.27,2.0,5,-3,0
-5.0800000000000125,12.0,-7.6200000000000045,0.33,1.87,-0.1099999999999999,-0.0199999999999999,1.38,-0.22,0.0599999999999999,-1.0,8,10,0
12.700000000000015,3.0,-5.0800000000000125,-1.8499999999999996,-0.0899999999999998,0.02,-0.0499999999999999,0.4,0.02,-0.1799999999999999,-0.1999999999999999,-3,-1,1
0.0,11.0,-12.700000000000015,-0.2299999999999999,-0.5099999999999998,0.03,0.0599999999999999,2.76,0.19,0.1099999999999999,-1.0,-3,-7,0
-12.699999999999989,-2.0,0.0,-0.1499999999999999,0.1999999999999997,-0.02,0.1599999999999999,1.5,0.43,0.32,-1.1,-6,-4,1
-15.23999999999998,3.0,-20.319999999999993,-0.8700000000000001,-1.0499999999999998,0.0799999999999999,-0.0399999999999999,2.6599999999999997,-0.0199999999999999,0.3099999999999999,-1.1,-6,-1,1
-15.23999999999998,3.0,0.0,2.5800000000000005,2.120000000000001,0.12,-0.0199999999999999,0.5699999999999998,-0.0799999999999999,-0.67,1.2,-19,-12,0
-2.539999999999992,-2.0,-10.159999999999997,-1.08,-1.69,0.0499999999999999,0.02,5.0600000000000005,0.29,-0.0199999999999999,0.4000000000000001,-4,1,0
-5.079999999999984,0.0,0.0,-0.3600000000000003,-0.7799999999999994,0.05,0.0799999999999999,-0.2099999999999999,0.1,0.19,-0.5,14,0,1
-12.699999999999989,6.0,-2.5400000000000205,-0.2600000000000002,0.24,0.19,-0.1099999999999999,-1.7800000000000002,0.27,0.03,-0.1999999999999999,7,4,0
5.0800000000000125,-1.0,-2.5400000000000205,-1.8200000000000005,-0.1299999999999999,-0.06,0.0,1.81,0.2,0.1899999999999999,0.4,-9,-3,1
12.700000000000015,1.0,0.0,-1.88,-1.42,-0.0399999999999999,0.02,1.95,0.2,-0.13,1.1,11,0,1
0.0,-12.0,0.0,-0.1299999999999999,0.2000000000000001,-0.19,0.15,-0.4799999999999997,0.22,0.33,-0.3,-1,-1,0
-20.319999999999993,5.0,-7.6200000000000045,-1.0500000000000005,1.31,-0.04,0.0699999999999999,-0.97,-0.02,0.2099999999999999,0.1,-15,-6,1
-7.6200000000000045,-4.0,0.0,0.5899999999999999,-2.8499999999999996,0.09,0.1,0.4200000000000001,0.0699999999999999,0.05,0.0,-17,-8,1
0.0,-1.0,-5.079999999999984,1.84,-1.6300000000000003,0.21,0.16,0.3299999999999998,0.1699999999999999,0.52,0.3,3,-4,1
0.0,-3.0,-7.619999999999976,0.8600000000000003,-0.8899999999999999,0.11,0.1099999999999999,2.73,0.33,0.21,-0.6000000000000001,8,-4,1
12.699999999999989,-5.0,7.6200000000000045,1.2799999999999998,-0.0300000000000002,0.0299999999999999,0.02,-0.27,0.0,0.02,0.0,-12,-11,1
0.0,-2.0,-2.539999999999992,-0.1599999999999997,-1.17,0.12,0.1699999999999999,-0.39,0.14,-0.01,0.0,11,3,1
10.159999999999997,8.0,12.699999999999989,-3.89,-2.8500000000000005,0.04,0.0699999999999999,0.1199999999999996,-0.03,-0.0699999999999999,-0.1,-12,-5,1
2.539999999999992,-3.0,5.079999999999984,-2.1799999999999997,-1.35,-0.0699999999999999,-0.0999999999999999,1.95,-0.0899999999999999,-0.12,0.7,-17,-10,0
-10.159999999999997,4.0,-12.700000000000015,-2.53,-1.69,-0.07,0.02,1.7900000000000005,-0.0399999999999999,-0.02,0.0,-16,-5,1
-2.539999999999992,4.0,-2.539999999999992,0.4300000000000001,1.59,0.0799999999999999,-0.09,-0.1,-0.26,-0.1499999999999999,0.3999999999999999,-11,-6,0
2.539999999999992,9.0,2.539999999999992,0.0300000000000002,-0.6400000000000001,0.0399999999999999,0.09,-1.28,0.12,0.0899999999999999,0.4999999999999999,24,12,0
5.0800000000000125,0.0,-5.0800000000000125,0.02,0.3999999999999999,-0.07,-0.09,0.26,0.1499999999999999,-0.01,0.3,12,6,1
-2.5400000000000205,1.0,0.0,0.0300000000000002,0.8199999999999998,-0.0899999999999999,-0.07,-1.2500000000000002,0.14,0.6,0.1,18,7,0
-7.6200000000000045,-6.0,-2.539999999999992,1.62,1.1999999999999995,0.08,-0.29,-1.06,-0.2,0.32,4.699999999999999,-15,-6,0
-2.539999999999992,9.0,0.0,0.0699999999999998,-1.2200000000000002,0.18,0.0999999999999999,-3.1,0.34,0.0399999999999999,0.0,19,4,0
-15.240000000000007,8.0,-10.160000000000023,0.2299999999999999,-0.3700000000000001,-0.13,0.14,-0.0299999999999998,-0.09,0.0999999999999999,-2.4000000000000004,-11,2,1
-12.699999999999989,2.0,-12.699999999999989,0.9999999999999998,0.05,0.12,0.01,0.71,-0.18,0.0999999999999999,-1.2,10,4,1
-7.6200000000000045,3.0,0.0,0.1899999999999999,-0.6400000000000001,0.01,0.0,1.72,-0.05,-0.02,-0.2,-7,-7,1
0.0,-5.0,5.0800000000000125,0.8300000000000001,1.17,0.18,-0.06,0.22,0.2,-0.04,0.1,6,2,1
-7.6200000000000045,5.0,-5.079999999999984,0.48,-0.1399999999999996,0.0199999999999999,0.02,0.6099999999999999,0.0399999999999999,-0.1899999999999999,0.8,13,7,0
-7.619999999999976,0.0,0.0,0.8000000000000003,-0.75,-0.06,0.1099999999999999,-0.02,-0.12,-0.01,0.0,5,-1,1
-2.5400000000000205,5.0,-5.079999999999984,-2.8600000000000003,-0.8399999999999999,-0.1499999999999999,0.0899999999999999,1.3099999999999998,-0.61,0.08,1.1,-5,5,1
10.159999999999997,-4.0,7.6200000000000045,1.99,0.96,0.12,-0.02,-2.01,0.14,0.64,-1.5,7,3,1
-10.159999999999997,-1.0,-10.159999999999997,0.8800000000000001,0.2999999999999998,0.0999999999999999,0.0699999999999999,2.42,-0.08,0.42,-1.8,-5,0,1
2.539999999999992,-9.0,2.539999999999992,-0.2999999999999998,-0.2800000000000002,-0.0999999999999999,0.12,1.46,-0.08,0.16,-0.3,-13,-7,1
-17.78,6.0,-10.159999999999997,-2.64,0.9700000000000002,-0.17,-0.08,-0.7200000000000002,-0.07,-0.03,0.1,2,10,0
-2.5400000000000205,-3.0,2.539999999999992,0.8700000000000001,-1.4899999999999998,0.21,0.06,-0.42,-0.0099999999999999,0.36,-0.2,-9,-8,1
-2.539999999999992,5.0,-2.539999999999992,-0.1499999999999999,0.2400000000000002,0.02,0.12,-1.97,-0.38,0.0,0.1,-11,-1,0
-5.0800000000000125,4.0,7.6200000000000045,0.0900000000000003,-0.9599999999999996,-0.12,0.02,1.77,-0.11,-0.52,0.7999999999999999,12,2,1
-7.619999999999976,2.0,-12.700000000000015,-0.6200000000000001,-0.0300000000000002,-0.2099999999999999,-0.04,-0.3299999999999999,0.2,0.18,-0.8,-8,3,0
5.079999999999984,8.0,5.079999999999984,0.1199999999999996,0.71,-0.0799999999999999,0.12,-0.98,-0.08,0.09,-0.4,-1,1,1
5.0800000000000125,1.0,5.079999999999984,-0.29,1.2600000000000002,0.0499999999999999,-0.1099999999999999,2.3099999999999996,-0.6599999999999999,0.0499999999999999,1.0,0,0,1
10.159999999999997,-2.0,2.5400000000000205,0.9400000000000002,0.8300000000000001,-0.0699999999999999,-0.18,-2.1599999999999997,-0.31,-0.27,-0.7000000000000001,-13,-4,1
-15.240000000000007,8.0,-5.079999999999984,1.41,-0.0299999999999998,-0.12,0.21,0.91,0.1599999999999999,0.2699999999999999,-2.5,8,0,1
0.0,1.0,-2.539999999999992,-1.64,-0.2400000000000002,-0.1,0.0,-0.4499999999999999,-0.02,0.0499999999999999,1.2,10,1,0
0.0,-12.0,-2.539999999999992,2.1,0.56,0.08,0.1099999999999999,0.97,0.2,-0.0799999999999999,-0.2,-9,-4,0
0.0,-2.0,2.5400000000000205,1.21,-1.0700000000000005,-0.03,0.18,0.43,0.0699999999999999,0.0699999999999999,0.6,7,-1,1
2.5400000000000205,-3.0,10.159999999999997,1.22,2.6199999999999997,0.06,0.01,-1.5099999999999998,-0.28,0.19,-1.4,-2,3,1
17.78,4.0,0.0,-0.31,-0.56,0.06,0.18,-0.33,0.1599999999999999,-0.19,-0.0999999999999999,5,3,1
0.0,0.0,-2.539999999999992,-0.25,0.4300000000000001,-0.0499999999999999,-0.0399999999999999,0.8399999999999999,0.06,0.06,-0.8,14,-3,1
0.0,0.0,-2.539999999999992,-0.0500000000000002,0.5699999999999998,-0.07,-0.17,-0.56,-0.3999999999999999,-0.06,0.8,-5,-4,0
15.240000000000007,3.0,12.700000000000015,-0.4600000000000002,0.5499999999999998,-0.0999999999999999,-0.13,0.24,0.31,0.16,0.5,1,5,1
10.159999999999997,2.0,0.0,0.1400000000000001,2.1100000000000003,-0.04,0.0299999999999999,-0.9200000000000002,-0.3399999999999999,0.22,0.1999999999999999,-5,-1,1
-5.0800000000000125,-2.0,2.539999999999992,0.6000000000000001,0.6499999999999999,-0.0399999999999999,0.19,-0.8799999999999999,-0.1,0.2699999999999999,-0.0999999999999998,-7,-2,1
2.5400000000000205,1.0,-2.539999999999992,-1.85,-0.5499999999999998,-0.1499999999999999,-0.01,2.58,0.1099999999999999,-0.48,-0.0999999999999999,-28,-16,1
-12.699999999999989,-3.0,-7.6200000000000045,3.48,-0.7599999999999998,0.1199999999999999,0.0699999999999999,4.31,0.16,0.1899999999999999,-0.4,-5,-9,1
12.700000000000015,-10.0,15.23999999999998,1.6800000000000002,0.4300000000000001,0.0399999999999999,0.05,-0.21,-0.05,0.17,-0.1,8,-5,1
2.539999999999992,2.0,0.0,-0.31,1.4399999999999995,-0.02,-0.1099999999999999,-0.6400000000000001,-0.0399999999999999,0.02,0.7,17,0,1
-5.079999999999984,4.0,-2.5400000000000205,-2.03,-0.5699999999999998,-0.22,0.0999999999999999,1.2800000000000002,0.0399999999999999,0.45,0.0999999999999999,-8,2,0
7.619999999999976,-1.0,7.619999999999976,0.73,0.7000000000000006,0.11,-0.12,1.0799999999999998,0.13,0.0499999999999999,1.2,23,8,1
7.6200000000000045,9.0,7.6200000000000045,-1.0599999999999996,0.6699999999999999,0.04,-0.02,-0.7299999999999998,-0.13,0.0699999999999999,0.6,8,5,1
-7.6200000000000045,5.0,-12.700000000000015,-2.75,-1.6800000000000002,-0.0099999999999999,0.0,3.62,-0.13,-0.02,0.8,-8,2,1
-5.079999999999984,3.0,0.0,-2.9300000000000006,-1.1500000000000004,-0.01,-0.0799999999999999,3.28,-0.02,-0.57,1.4,-19,-3,0
0.0,-5.0,5.0800000000000125,1.4499999999999995,-0.56,0.07,0.06,3.14,0.0299999999999999,0.4399999999999999,0.4,14,-8,1
-5.079999999999984,1.0,-15.23999999999998,-1.0700000000000005,0.5099999999999998,-0.08,0.04,0.3399999999999998,0.13,-0.0499999999999999,1.2999999999999998,-5,-10,0
-7.6200000000000045,7.0,-7.6200000000000045,-2.51,0.1499999999999999,-0.0299999999999999,-0.03,0.32,0.31,-0.12,-0.4,10,8,1
-7.6200000000000045,7.0,-2.5400000000000205,-1.04,-0.1299999999999999,0.0299999999999999,0.0599999999999999,2.3,0.2,0.0,0.8,2,-3,1
0.0,-3.0,-5.0800000000000125,-1.85,-0.33,0.0799999999999999,-0.01,0.1299999999999999,0.0199999999999999,-0.24,-0.4,14,7,1
2.539999999999992,0.0,0.0,-1.36,0.06,-0.06,0.05,-0.7999999999999998,0.07,0.33,-0.7,-7,-6,0
0.0,3.0,-2.5400000000000205,1.45,-0.3200000000000003,0.06,0.0699999999999999,-1.6,0.1499999999999999,0.6,-0.5,18,4,1
-7.6200000000000045,0.0,-2.539999999999992,-0.7,0.2199999999999997,-0.18,-0.0999999999999999,2.26,0.22,0.14,0.4,25,11,1
17.78,1.0,12.700000000000015,-0.6699999999999999,-0.5199999999999998,-0.0799999999999999,0.06,-2.52,-0.0499999999999999,0.16,0.6,-8,5,1
10.159999999999997,0.0,10.159999999999997,-0.2799999999999998,-3.3099999999999996,0.15,-0.0799999999999999,-0.2199999999999999,0.39,-0.2299999999999999,0.8,5,-3,1
7.6200000000000045,-4.0,5.079999999999984,-1.93,0.1099999999999998,-0.0399999999999999,0.03,0.71,-0.04,0.3,-0.2,6,0,1
5.079999999999984,-4.0,5.079999999999984,-2.0,-1.6100000000000003,-0.13,0.03,-2.49,-0.33,0.76,0.5,11,-2,1
27.940000000000023,-10.0,7.6200000000000045,1.21,1.12,0.1399999999999999,0.02,-1.88,-0.1399999999999999,0.2899999999999999,0.0999999999999999,-2,-14,1
0.0,6.0,-2.5400000000000205,1.63,-0.3900000000000001,-0.0299999999999999,0.06,0.6100000000000001,0.1699999999999999,0.0799999999999999,-0.6000000000000001,12,1,1
-22.860000000000017,-1.0,-10.159999999999997,-1.15,3.51,-0.2,-0.08,-1.16,-0.29,0.13,-0.1,-5,4,1
10.159999999999997,0.0,-2.539999999999992,0.71,-2.64,0.1,0.0399999999999999,1.4400000000000002,-0.06,0.0599999999999999,-0.2,3,-5,1
-5.0800000000000125,1.0,-5.0800000000000125,-2.3800000000000003,-3.51,-0.0299999999999999,0.18,3.62,-0.09,-0.12,-0.6,9,-4,1
-10.159999999999997,-2.0,0.0,1.35,2.15,-0.0299999999999999,0.08,-0.6500000000000001,-0.1299999999999999,0.1599999999999999,-0.5,-10,-3,0
-7.6200000000000045,-2.0,-5.0800000000000125,-2.0000000000000004,1.86,-0.1599999999999999,-0.0899999999999999,0.7399999999999998,-0.37,0.18,0.8,0,-4,1
-10.159999999999997,8.0,-5.079999999999984,1.03,2.29,-0.1,-0.15,-2.2,0.01,0.2799999999999999,-2.0,2,3,0
0.0,0.0,0.0,-1.16,-1.1100000000000003,-0.02,0.06,-0.24,-0.15,0.09,0.7000000000000001,8,8,1
-7.619999999999976,-1.0,0.0,-0.5099999999999998,-0.7399999999999998,0.12,0.0,0.76,0.04,-0.0799999999999999,0.6000000000000001,2,-1,1
17.78,-1.0,10.159999999999997,-2.07,0.92,-0.05,-0.16,0.1899999999999999,-0.0399999999999999,-0.26,1.6,-4,8,0
12.699999999999989,-7.0,5.079999999999984,1.9800000000000004,1.65,-0.0199999999999999,-0.12,-0.8699999999999999,-0.09,-0.13,0.0,0,4,0
5.0800000000000125,9.0,0.0,0.4099999999999997,0.3700000000000001,0.11,-0.1399999999999999,0.1199999999999998,-0.1199999999999999,-0.03,1.1,-5,7,1
-12.700000000000015,-1.0,-10.160000000000023,-0.6600000000000001,-0.92,0.1099999999999999,0.15,1.2799999999999998,0.2,0.4399999999999999,-0.8,-10,-6,1
15.240000000000007,5.0,10.159999999999997,-1.3099999999999996,-1.1000000000000003,-0.04,-0.04,1.52,-0.06,-0.06,0.5,7,6,1
5.0800000000000125,0.0,2.539999999999992,0.1099999999999998,-0.54,0.02,-0.04,3.16,0.0699999999999999,0.05,0.8,-8,2,0
0.0,-5.0,-5.079999999999984,2.1799999999999997,0.4599999999999999,-0.0499999999999999,-0.05,-0.01,-0.03,0.27,-0.0999999999999999,18,2,1
2.539999999999992,1.0,7.6200000000000045,1.0499999999999998,0.6000000000000001,0.02,-0.04,-0.2199999999999999,-0.1699999999999999,-0.0699999999999999,-0.0999999999999999,-2,-2,0
0.0,-3.0,0.0,2.04,0.27,0.0299999999999999,0.05,1.34,0.24,0.27,0.8,10,1,1
17.78,3.0,10.159999999999997,0.04,-1.4499999999999995,-0.0099999999999999,0.14,-2.59,0.02,0.26,-0.7,4,6,1
12.700000000000015,-4.0,0.0,-1.5,-0.5599999999999996,-0.1599999999999999,-0.02,0.3699999999999999,0.7,-0.18,0.0,0,-2,0
2.5400000000000205,3.0,2.539999999999992,-0.7200000000000002,-0.8200000000000003,0.0,-0.01,-1.0699999999999998,-0.15,-0.01,0.1,20,-1,1
20.319999999999993,7.0,7.6200000000000045,-0.3199999999999998,0.6200000000000001,0.07,-0.0399999999999999,-0.4199999999999999,0.08,0.05,0.0,0,2,0
-7.6200000000000045,-4.0,0.0,0.0500000000000002,1.35,-0.1599999999999999,0.04,-0.75,-0.34,0.13,0.5,10,5,0
7.6200000000000045,-3.0,10.159999999999997,0.81,1.3699999999999997,-0.04,-0.1499999999999999,-1.59,0.29,0.0899999999999999,-0.9000000000000001,1,-4,1
5.079999999999984,-6.0,10.159999999999997,-0.1899999999999999,-1.2899999999999996,-0.01,-0.12,0.3,0.11,0.06,0.0,4,-1,1
-5.0800000000000125,4.0,-2.5400000000000205,-1.94,0.9600000000000004,-0.21,-0.09,0.5800000000000001,-0.0199999999999999,-0.4599999999999999,0.0,5,4,0
7.619999999999976,-1.0,10.159999999999997,0.33,-0.0900000000000003,0.01,0.02,-0.05,0.0499999999999999,-0.15,1.3,-15,-6,1
-10.159999999999997,-2.0,0.0,-1.6500000000000004,0.3599999999999999,-0.1099999999999999,-0.07,-0.4000000000000001,0.07,0.0699999999999999,0.6000000000000001,3,0,0
-5.079999999999984,-5.0,2.539999999999992,0.75,-0.3500000000000001,-0.14,0.21,-0.99,0.03,0.25,-1.7,-18,-11,0
7.6200000000000045,-3.0,10.159999999999997,1.7000000000000002,-1.7200000000000002,0.0499999999999999,0.12,-0.5199999999999998,0.25,-0.41,0.8,25,-3,1
10.159999999999997,2.0,5.0800000000000125,-0.1400000000000001,-1.2199999999999998,0.0499999999999999,-0.0799999999999999,0.81,-0.06,-0.29,1.3,-9,-11,0
7.6200000000000045,8.0,-5.0800000000000125,1.25,-0.2099999999999999,0.03,0.27,-3.29,-0.42,-0.4499999999999999,0.0999999999999999,0,-1,1
-5.0800000000000125,5.0,0.0,-0.4899999999999997,0.3499999999999996,-0.06,-0.0599999999999999,1.7200000000000002,0.22,-0.08,0.4,12,8,1
-22.859999999999985,-4.0,-15.23999999999998,-0.4300000000000001,0.6799999999999997,0.0299999999999999,0.12,2.27,0.43,0.65,-0.7000000000000001,10,7,1
-7.6200000000000045,3.0,0.0,-0.5099999999999998,1.94,0.01,-0.03,0.1099999999999999,-0.38,0.2099999999999999,0.0,-6,-2,1
0.0,8.0,2.539999999999992,-1.7599999999999998,-0.52,0.07,0.09,2.55,-0.0799999999999999,0.0799999999999999,0.5,-9,-13,1
-7.6200000000000045,3.0,-12.699999999999989,-1.35,-1.02,-0.14,0.02,-0.1099999999999999,0.4499999999999999,0.14,-0.1,-15,1,0
5.079999999999984,3.0,-5.079999999999984,-1.61,0.0399999999999998,0.0899999999999999,-0.04,-1.5099999999999998,0.06,-0.3199999999999999,-0.2,4,5,0
-2.5400000000000205,-6.0,0.0,0.7799999999999998,1.21,0.12,-0.0599999999999999,-0.1600000000000001,0.23,0.22,-1.4,5,-1,0
0.0,2.0,-5.079999999999984,-1.93,-2.44,0.11,0.13,2.88,0.42,0.2299999999999999,0.1,0,-8,1
15.240000000000007,-1.0,12.700000000000015,0.1699999999999999,-1.3200000000000005,-0.06,0.02,-3.24,0.0,-0.25,0.7,14,6,0
-7.6200000000000045,-5.0,-7.6200000000000045,-0.2399999999999997,0.5100000000000002,-0.0999999999999999,0.0499999999999999,0.1699999999999999,-0.04,0.16,-0.4,-4,-4,1
-2.539999999999992,8.0,-5.0800000000000125,-0.0499999999999998,0.52,-0.02,0.0599999999999999,1.09,0.1699999999999999,-0.0499999999999999,-0.2,-10,-9,0
2.539999999999992,0.0,-2.539999999999992,-1.1999999999999995,-2.63,0.13,0.06,-0.36,-0.3,-0.23,0.2,4,-2,1
-2.539999999999992,5.0,-2.5400000000000205,-0.4100000000000001,0.3500000000000001,-0.09,0.12,-2.85,-0.35,0.4399999999999999,-1.1,-13,-5,0
2.5400000000000205,8.0,2.539999999999992,-1.3200000000000005,0.5100000000000002,-0.08,-0.1999999999999999,0.1099999999999998,-0.0399999999999999,-0.19,1.6,-17,-4,0
-10.159999999999997,0.0,0.0,2.6399999999999997,1.1700000000000004,0.1099999999999999,0.1100000000000001,-2.04,-0.41,0.26,-0.2,0,-1,1
10.159999999999997,-2.0,2.539999999999992,3.2,-1.11,-0.12,0.18,0.64,0.0499999999999999,0.44,0.8,8,-3,1
2.539999999999992,2.0,15.23999999999998,0.2400000000000002,-0.1399999999999996,-0.1499999999999999,0.0999999999999999,0.07,0.3399999999999999,0.3399999999999999,-0.6,4,6,1
0.0,4.0,-5.079999999999984,-0.4899999999999997,-0.4599999999999999,-0.0199999999999999,0.01,0.85,0.41,0.02,0.3,23,7,1
30.480000000000015,-14.0,33.01999999999998,0.31,1.14,0.0399999999999999,-0.0499999999999999,0.05,-0.09,-0.0899999999999999,1.5,20,-1,0
-5.079999999999984,3.0,-7.6200000000000045,1.12,0.5,0.0399999999999999,0.0399999999999999,-0.28,0.41,0.1699999999999999,0.0,4,1,0
10.159999999999997,-4.0,12.700000000000015,-0.96,-1.1,-0.08,0.0699999999999999,0.29,-0.0899999999999999,0.0699999999999999,0.0,0,2,1
0.0,3.0,2.5400000000000205,1.7699999999999998,1.73,0.03,0.04,-1.4999999999999998,0.18,0.3399999999999999,-1.7999999999999998,-10,-1,0
7.6200000000000045,3.0,7.6200000000000045,-0.79,-1.34,0.0899999999999999,0.0899999999999999,1.61,-0.18,0.0899999999999999,0.3,-2,-4,1
-2.5400000000000205,7.0,-2.539999999999992,0.8600000000000003,0.56,0.0,0.0899999999999999,1.39,0.1699999999999999,-0.1100000000000001,0.0,4,-1,0
2.539999999999992,1.0,-2.539999999999992,0.8400000000000003,-0.3399999999999998,0.0299999999999999,0.0299999999999999,-1.11,0.3199999999999999,-0.1,-0.7000000000000001,0,2,1
-2.539999999999992,9.0,-5.0800000000000125,0.3000000000000002,-0.02,-0.0799999999999999,0.0499999999999999,-1.56,-0.27,-0.5800000000000001,0.9,-5,-1,0
-10.160000000000023,1.0,-7.6200000000000045,0.2199999999999997,-0.6600000000000001,0.1,0.1099999999999999,1.76,-0.87,-0.73,-0.2,-4,-5,0
0.0,-3.0,2.5400000000000205,1.39,1.63,-0.02,-0.1699999999999999,3.69,0.17,-0.15,4.5,-1,-5,1
0.0,-8.0,5.079999999999984,0.1499999999999999,-1.13,0.06,0.0999999999999999,-0.31,0.13,0.18,0.1,-8,-7,1
7.6200000000000045,3.0,0.0,-0.1299999999999999,-0.1699999999999999,0.03,-0.01,0.98,0.0199999999999999,0.1999999999999999,-0.1999999999999999,10,-1,1
7.6200000000000045,-2.0,0.0,1.34,0.0500000000000002,-0.09,0.02,0.7999999999999998,-0.09,0.2299999999999999,-0.9,-14,-4,1
-2.5400000000000205,4.0,-2.539999999999992,-2.06,-2.4,-0.1099999999999999,0.04,1.81,-0.16,-0.01,0.4,-13,-5,0
-10.159999999999997,-5.0,0.0,-2.47,-0.3199999999999998,-0.18,0.0199999999999999,1.71,-0.2,0.1799999999999999,-0.1999999999999999,-8,-5,1
7.6200000000000045,-3.0,12.699999999999989,-0.3999999999999999,0.07,0.02,-0.13,2.13,-0.5,-0.1099999999999999,0.6,-6,-3,1
-10.160000000000023,-5.0,-5.0800000000000125,0.33,0.3799999999999999,-0.07,0.0299999999999999,1.7000000000000002,0.03,0.0,0.6000000000000001,2,4,1
-10.159999999999997,-1.0,0.0,1.41,1.25,-0.26,0.0299999999999999,-1.4700000000000002,0.13,0.27,0.1,9,6,1
0.0,4.0,-7.6200000000000045,1.09,1.14,-0.06,0.0,0.3999999999999999,-0.25,0.39,-0.8999999999999999,17,5,1
-5.079999999999984,5.0,-2.539999999999992,-0.75,-0.5200000000000005,-0.01,0.0599999999999999,-0.24,0.16,-0.02,-1.0,-1,5,1
-5.0800000000000125,-6.0,-12.700000000000015,-0.6299999999999994,2.1900000000000004,-0.1699999999999999,-0.1099999999999999,-0.6399999999999999,-0.6499999999999999,0.1699999999999999,0.2,-2,-4,1
-7.6200000000000045,-8.0,-5.079999999999984,0.1500000000000001,0.3799999999999999,0.26,-0.07,1.3199999999999998,0.29,0.14,0.1999999999999999,-6,-7,1
5.0800000000000125,0.0,2.5400000000000205,0.92,0.2200000000000002,-0.15,0.1599999999999999,2.3,0.0899999999999999,-0.29,0.2,-3,4,1
5.079999999999984,1.0,15.23999999999998,0.08,0.4099999999999997,0.0299999999999999,0.04,-1.89,-0.2799999999999999,-0.27,1.4,8,1,0
5.079999999999984,-9.0,7.6200000000000045,-2.04,-0.06,-0.1599999999999999,-0.1099999999999999,-2.42,-0.22,-0.3,7.2,-3,-8,0
-12.700000000000015,0.0,-7.6200000000000045,0.8000000000000003,-1.48,0.03,0.0,-0.53,-0.0999999999999999,0.4199999999999999,-2.2,-5,1,1
5.079999999999984,-1.0,5.079999999999984,0.6799999999999997,-0.9799999999999996,0.01,0.07,-2.62,-0.3399999999999999,0.43,0.0,5,7,1
5.0800000000000125,-5.0,2.5400000000000205,-0.2000000000000001,0.9200000000000004,0.06,-0.05,-1.8,0.23,0.26,-0.1999999999999999,8,-3,1
0.0,-3.0,-5.0800000000000125,-0.29,0.08,0.02,0.04,2.34,0.0,0.1099999999999999,-0.8,-4,-2,0
-5.0800000000000125,-1.0,0.0,0.7799999999999998,-0.6499999999999999,0.19,0.0699999999999999,0.6,0.26,0.0699999999999999,0.0,28,7,0
5.0800000000000125,0.0,-2.539999999999992,0.8099999999999998,-0.4199999999999999,0.07,-0.0899999999999999,1.11,0.27,-0.0499999999999999,-0.1999999999999999,2,-4,0
2.539999999999992,0.0,-2.539999999999992,-0.0699999999999998,-0.5800000000000001,-0.0499999999999999,-0.06,-0.6700000000000002,0.0,-0.26,0.6,15,3,1
2.539999999999992,-2.0,0.0,-3.38,-1.0300000000000002,-0.08,0.02,2.26,0.2,0.13,-0.1999999999999999,15,5,0
-2.539999999999992,-6.0,-7.6200000000000045,0.7,0.8699999999999999,0.1599999999999999,-0.0699999999999999,-2.99,-0.1999999999999999,0.2099999999999999,-0.6,-4,0,1
0.0,6.0,-2.5400000000000205,-4.949999999999999,-1.96,-0.18,-0.0999999999999999,1.99,0.1099999999999999,-0.2199999999999999,1.7,-12,-8,0
7.619999999999976,2.0,2.539999999999992,-2.6499999999999995,-3.26,-0.0499999999999999,0.21,0.56,0.41,0.1099999999999999,0.7,26,15,0
-12.700000000000015,5.0,-2.5400000000000205,1.25,-1.36,0.1999999999999999,0.13,-0.16,0.03,0.2199999999999999,-1.8000000000000005,6,4,0
-2.5400000000000205,-3.0,-2.539999999999992,-1.5000000000000004,-0.1,-0.0199999999999999,-0.17,-0.81,0.37,-0.31,0.0,-2,-2,0
0.0,-2.0,0.0,0.2299999999999999,-1.92,0.14,0.06,2.64,0.28,-0.1699999999999999,0.5,5,-9,1
-7.6200000000000045,1.0,-2.5400000000000205,-0.48,-1.92,0.05,0.04,-0.5899999999999999,0.23,0.13,-0.8,4,3,0
-2.539999999999992,-3.0,-7.619999999999976,-1.3600000000000003,-1.0400000000000005,0.0099999999999999,0.01,-0.5499999999999999,0.1699999999999999,-0.13,-0.0999999999999998,-12,-7,1
0.0,-6.0,5.0800000000000125,-0.7999999999999998,-0.0500000000000002,-0.0499999999999999,-0.0999999999999999,-0.8200000000000001,0.0899999999999999,0.35,0.0999999999999999,-4,-2,0
10.159999999999997,0.0,0.0,0.7800000000000002,-0.3599999999999999,0.04,0.05,-0.5,0.06,-0.2,-0.9,5,-5,1
-7.619999999999976,2.0,-10.159999999999997,0.2200000000000002,0.8899999999999997,-0.0899999999999999,-0.04,0.5800000000000001,-0.2,0.13,0.0,9,11,1
0.0,-13.0,5.0800000000000125,0.92,-0.2300000000000002,-0.01,0.12,0.1200000000000001,-0.02,0.1,0.3,-4,-3,1
-5.0800000000000125,8.0,2.539999999999992,-1.32,-0.3999999999999999,-0.03,0.12,2.6900000000000004,0.0499999999999999,-0.76,0.6,-4,-5,0
7.6200000000000045,5.0,5.079999999999984,-1.14,-1.5399999999999996,0.1499999999999999,-0.03,2.4099999999999997,0.01,0.0899999999999999,0.5,9,3,1
10.159999999999997,-4.0,2.539999999999992,2.1100000000000003,1.79,0.1099999999999999,0.0899999999999999,0.4600000000000001,-0.0999999999999999,0.21,-0.3,-5,-1,0
-2.539999999999992,1.0,-2.539999999999992,-2.74,0.1200000000000001,0.08,-0.15,-0.03,0.1699999999999999,-0.0999999999999999,0.3,-4,5,1
-7.6200000000000045,1.0,-12.700000000000015,-0.4199999999999999,0.52,-0.0099999999999999,0.0399999999999999,-3.19,-0.47,-0.0899999999999999,-0.5,-7,-3,0
-5.0800000000000125,2.0,-5.079999999999984,-1.59,-1.69,0.03,0.0999999999999999,2.1199999999999997,0.0499999999999999,-0.0399999999999999,0.7000000000000001,-22,-3,1
0.0,4.0,-7.6200000000000045,-2.0999999999999996,0.56,-0.0799999999999999,-0.03,-1.4900000000000002,-0.06,-0.2199999999999999,0.7,-8,7,0
-2.539999999999992,-3.0,0.0,-0.2200000000000002,-0.5799999999999996,0.13,-0.0499999999999999,2.5999999999999996,0.03,0.28,0.5,8,1,1
-2.539999999999992,2.0,-5.0800000000000125,-0.7199999999999998,-0.6600000000000001,-0.0399999999999999,0.0799999999999999,-2.12,0.12,0.22,-0.6,-11,-5,0
7.6200000000000045,3.0,-2.539999999999992,1.3099999999999996,0.2000000000000001,0.1,-0.03,0.48,0.5,-0.01,-0.4,5,8,1
-10.159999999999997,-4.0,-5.0800000000000125,-0.2099999999999999,0.4300000000000001,0.02,0.0,-2.0,-0.68,-0.5900000000000001,-0.9,-9,-8,0
0.0,-1.0,7.6200000000000045,-1.88,1.0,-0.0999999999999999,-0.0099999999999998,-4.83,0.0499999999999999,-0.0399999999999999,-0.3,7,6,0
0.0,1.0,-5.0800000000000125,0.1200000000000001,-2.2099999999999995,0.0299999999999999,0.0399999999999999,-0.81,-0.01,-0.06,-0.3,9,1,1
2.5400000000000205,-1.0,2.539999999999992,0.7400000000000002,0.1699999999999999,0.15,0.0299999999999999,1.0499999999999998,-0.0799999999999999,-0.06,0.5,8,8,0
0.0,3.0,0.0,-0.6400000000000001,-0.8500000000000001,-0.0299999999999999,0.01,1.54,0.13,0.2899999999999999,-0.4,16,4,1
-10.160000000000023,3.0,-5.079999999999984,-0.6399999999999997,-0.1799999999999997,-0.0499999999999999,0.01,-2.0,0.0799999999999999,-0.3199999999999999,0.2,-1,2,0
-2.539999999999992,6.0,-2.5400000000000205,-0.3799999999999999,0.8700000000000001,0.02,-0.13,2.1300000000000003,0.1099999999999999,-0.28,0.3,1,-2,0
0.0,1.0,2.539999999999992,0.04,-0.6999999999999997,0.06,0.08,-2.1900000000000004,0.0999999999999999,-0.05,-0.6000000000000001,11,7,0
0.0,2.0,0.0,1.3299999999999996,1.67,-0.0299999999999999,-0.09,-1.54,-0.14,0.31,-0.3,6,15,0
2.539999999999992,-1.0,5.0800000000000125,-3.63,0.1299999999999999,0.0999999999999999,-0.19,2.5700000000000003,0.1699999999999999,0.0999999999999999,0.6,3,3,0
-2.539999999999992,12.0,-2.539999999999992,-4.4,0.04,-0.2299999999999999,-0.0699999999999999,0.0299999999999999,-0.27,-0.42,0.2,-7,6,0
-5.079999999999984,2.0,-7.619999999999976,0.7800000000000002,-0.3199999999999998,0.0,0.0499999999999999,0.4900000000000001,0.16,0.1299999999999999,-0.3,-2,1,0
-22.860000000000017,2.0,-7.6200000000000045,-1.3699999999999997,2.0,-0.14,-0.18,1.14,0.27,0.0999999999999999,-0.6,10,9,1
-12.699999999999989,-2.0,0.0,-0.1600000000000001,0.6599999999999999,0.0899999999999999,-0.14,3.42,-0.64,-0.29,1.4,-4,-1,1
-5.0800000000000125,-3.0,-7.6200000000000045,2.76,0.7300000000000004,0.12,-0.03,-0.6099999999999999,0.1899999999999999,-0.17,1.1,14,-2,1
2.5400000000000205,8.0,-2.539999999999992,-0.0099999999999997,-0.27,-0.0299999999999999,0.1099999999999999,1.39,-0.65,0.0399999999999999,0.7,18,10,1
-2.539999999999992,4.0,5.0800000000000125,1.58,0.3399999999999998,0.1299999999999999,-0.07,-0.9500000000000002,0.13,-0.38,0.1,-10,-1,0
7.6200000000000045,-7.0,-2.539999999999992,-0.0899999999999998,0.0700000000000002,0.07,-0.2299999999999999,-0.6800000000000002,0.02,-0.4299999999999999,4.3,6,5,1
10.159999999999997,-1.0,2.5400000000000205,0.1400000000000001,-0.5900000000000003,0.1099999999999999,-0.0699999999999999,0.76,0.17,-0.25,0.7,3,3,0
2.5400000000000205,-1.0,2.539999999999992,-0.06,1.15,-0.0499999999999999,-0.12,-3.73,-0.47,-0.0899999999999999,-1.0,-1,0,0
5.0800000000000125,7.0,5.0800000000000125,-1.0700000000000005,-1.5699999999999998,-0.13,0.05,1.5799999999999998,-0.0399999999999999,-0.2199999999999999,1.6,-6,-9,0
-7.6200000000000045,-1.0,-2.539999999999992,1.0500000000000005,-0.8599999999999994,0.01,0.02,0.49,0.23,0.1899999999999999,-0.7,15,1,1
0.0,2.0,2.539999999999992,1.27,1.31,-0.0499999999999999,-0.0599999999999999,-2.24,0.0299999999999999,0.77,-3.5999999999999996,15,2,1
-12.700000000000015,-5.0,-7.6200000000000045,1.35,0.73,0.08,0.03,3.07,0.35,0.8200000000000001,-1.1,-3,-6,1
-10.159999999999997,1.0,-17.78,-0.4599999999999999,-0.7800000000000002,0.1099999999999999,0.1099999999999999,2.19,0.26,0.2299999999999999,-0.6000000000000001,-3,-7,1
10.160000000000023,-2.0,7.6200000000000045,3.88,3.0,0.25,0.18,0.58,0.1599999999999999,0.37,-0.9,8,-1,0
-15.23999999999998,2.0,-7.6200000000000045,-1.64,-1.98,0.0,0.1099999999999999,1.35,0.15,0.22,-0.5,2,-6,1
-7.6200000000000045,5.0,-10.160000000000023,-0.4600000000000004,-0.7399999999999998,0.0999999999999999,0.03,0.4799999999999997,0.0899999999999999,-0.3399999999999999,0.2999999999999999,9,6,0
-15.23999999999998,11.0,-7.6200000000000045,-0.9900000000000002,0.4000000000000003,0.06,-0.0599999999999999,-0.5800000000000001,0.08,-0.14,0.0999999999999999,-3,10,0
5.0800000000000125,1.0,2.539999999999992,-1.4,-0.6299999999999999,-0.18,-0.01,-0.6199999999999999,0.0399999999999999,-0.02,-0.7000000000000001,-11,-13,0
5.079999999999984,10.0,0.0,-0.2599999999999998,-0.71,0.0199999999999999,0.08,-0.3999999999999999,0.15,0.0399999999999999,0.2999999999999999,14,3,1
-10.160000000000023,1.0,-2.539999999999992,-0.2899999999999996,-1.7800000000000002,0.0499999999999999,0.05,0.8999999999999999,0.17,0.12,0.2,15,4,1
7.6200000000000045,-3.0,2.539999999999992,-0.3400000000000003,-2.31,0.08,0.03,5.32,0.62,-0.1499999999999999,-0.7,-2,1,1
7.6200000000000045,-2.0,2.539999999999992,0.0899999999999998,-1.0299999999999998,0.13,-0.03,2.04,0.41,-0.2,0.2,9,6,1
0.0,1.0,2.539999999999992,-0.1,1.39,0.23,-0.2199999999999999,1.71,-0.09,0.4299999999999999,0.1999999999999999,7,-1,0
0.0,4.0,0.0,-0.6499999999999995,-3.88,-0.0499999999999999,0.06,0.69,0.14,0.05,0.0999999999999999,2,-6,1
-5.0800000000000125,4.0,-7.6200000000000045,0.3200000000000003,0.5900000000000003,-0.0899999999999999,0.3,2.61,0.45,0.0899999999999999,-5.3999999999999995,9,7,1
2.539999999999992,3.0,-7.6200000000000045,0.1199999999999996,-1.27,0.14,0.1699999999999999,3.5700000000000003,0.2799999999999999,0.4499999999999999,0.1,-6,-12,1
-7.6200000000000045,-1.0,-7.6200000000000045,0.27,0.7100000000000004,0.03,-0.0899999999999999,1.97,0.05,-0.15,-1.7,-2,1,1
10.159999999999997,2.0,7.6200000000000045,-0.2799999999999998,-0.7700000000000002,0.0,-0.01,-0.6699999999999999,0.0399999999999999,0.16,-0.7999999999999999,15,6,1
12.699999999999989,3.0,0.0,-1.14,-0.8900000000000001,-0.0399999999999999,0.0,1.7,0.01,-0.24,0.7000000000000001,-20,-11,0
-12.699999999999989,1.0,-12.699999999999989,0.71,1.4799999999999995,-0.02,0.1899999999999999,-0.69,0.41,0.5599999999999999,-0.4,8,8,0
7.6200000000000045,2.0,-2.539999999999992,-1.15,0.4100000000000001,0.01,-0.1099999999999999,-1.5,-0.5800000000000001,-0.19,0.2,4,0,1
20.32000000000002,5.0,12.700000000000015,1.3899999999999997,-0.4400000000000001,0.2099999999999999,0.1399999999999999,-0.3400000000000001,0.1699999999999999,0.12,0.2,8,7,1
5.0800000000000125,1.0,2.539999999999992,-1.3499999999999996,-0.0700000000000002,-0.2099999999999999,-0.1100000000000001,0.63,0.38,-0.0899999999999999,0.1,2,3,0
-2.539999999999992,0.0,5.079999999999984,-0.4700000000000002,-1.99,-0.07,0.07,-0.44,-0.16,0.1999999999999999,-0.3,2,-3,1
17.78,-2.0,10.159999999999997,1.6,0.3000000000000002,0.01,-0.1099999999999999,0.71,0.0399999999999999,0.12,-0.6000000000000001,-16,-6,1
-2.539999999999992,-2.0,2.539999999999992,-0.2299999999999999,-0.31,0.0299999999999999,0.02,-2.38,-0.1399999999999999,-0.01,0.5,1,5,0
15.23999999999998,-2.0,10.159999999999997,-0.2600000000000007,-0.91,-0.0399999999999999,-0.04,-0.06,-0.0499999999999999,-0.25,0.3999999999999999,20,4,0
5.079999999999984,-1.0,7.6200000000000045,0.4100000000000001,-0.1,0.0999999999999999,-0.05,1.5100000000000002,0.12,0.0799999999999999,-0.6,4,-5,1
0.0,1.0,-2.539999999999992,0.4199999999999999,0.08,-0.07,0.03,0.03,0.28,0.1699999999999999,0.2,14,2,1
-10.159999999999997,6.0,-7.6200000000000045,-1.77,-1.6,-0.04,-0.0899999999999999,1.53,0.2499999999999999,0.25,2.4,5,-1,0
2.539999999999992,-5.0,0.0,1.51,-0.1899999999999999,-0.1099999999999999,0.0999999999999999,0.6,0.3899999999999999,0.7,-1.0,11,5,1
-5.079999999999984,2.0,-5.079999999999984,0.29,-0.96,0.2299999999999999,0.0799999999999999,-0.8200000000000001,0.37,0.0899999999999999,-0.1999999999999999,19,2,1
0.0,8.0,-2.539999999999992,-3.03,-1.38,-0.18,0.07,-0.1899999999999999,-0.71,-0.2199999999999999,2.4,12,4,1
2.539999999999992,0.0,2.5400000000000205,-1.56,0.1200000000000001,-0.0899999999999999,-0.02,1.67,-0.2399999999999999,-0.01,0.3,10,-2,1
0.0,7.0,0.0,0.1099999999999998,-2.53,0.02,0.05,2.75,0.16,0.0,-0.5999999999999999,11,-2,1
12.699999999999989,2.0,5.0800000000000125,1.13,-1.73,-0.06,0.2199999999999999,2.99,0.38,0.5,0.6,5,1,1
2.539999999999992,7.0,10.159999999999997,-2.0,-0.1,0.02,0.01,-0.0399999999999995,-0.24,-0.02,0.0999999999999999,9,2,1
15.23999999999998,2.0,-2.539999999999992,-0.4199999999999999,-0.4099999999999997,0.1099999999999999,-0.0599999999999999,-0.86,-0.13,-0.3399999999999999,-0.0999999999999999,-1,-1,1
2.539999999999992,-5.0,2.5400000000000205,-1.18,-0.1600000000000001,-0.14,0.03,3.1,0.11,0.32,0.3,5,5,1
2.539999999999992,4.0,12.699999999999989,0.3399999999999998,1.61,0.0999999999999999,-0.04,-1.12,-0.1999999999999999,0.0899999999999999,0.4,6,2,1
5.0800000000000125,5.0,0.0,1.2200000000000002,2.04,-0.03,0.0399999999999999,0.29,0.09,0.43,-0.2,-7,-6,0
-2.539999999999992,1.0,-5.0800000000000125,0.0500000000000002,0.2999999999999998,-0.13,-0.08,-2.73,-0.22,-0.69,0.4,-1,0,1
-7.6200000000000045,-3.0,5.0800000000000125,0.04,1.2199999999999998,-0.04,-0.08,0.39,0.39,0.0899999999999999,-0.6000000000000001,-1,-5,0
-10.159999999999997,-8.0,-7.6200000000000045,0.8100000000000003,0.9400000000000002,0.07,-0.01,-2.01,-0.13,0.1999999999999999,-0.6,8,8,1
-2.5400000000000205,1.0,-5.079999999999984,1.7800000000000002,1.2400000000000002,0.01,-0.03,-1.11,-0.0699999999999999,-0.05,-0.6,-1,4,1
5.079999999999984,0.0,2.539999999999992,0.6099999999999999,0.31,0.04,0.0699999999999999,-1.05,0.08,0.19,0.3,27,11,0
5.079999999999984,-7.0,2.5400000000000205,1.6999999999999995,1.87,-0.0299999999999999,-0.05,-2.33,0.0299999999999999,0.18,-0.2,6,9,1
5.079999999999984,6.0,10.159999999999997,0.98,0.1699999999999999,0.1,-0.0599999999999999,0.6999999999999997,-0.0799999999999999,0.12,0.3,-5,-2,0
-5.079999999999984,-1.0,-5.0800000000000125,0.52,-0.3700000000000001,0.17,0.02,3.46,0.27,0.26,-1.1,-9,-11,1
-2.539999999999992,-1.0,-2.5400000000000205,-0.8500000000000001,-0.8699999999999999,0.0,-0.0799999999999999,0.73,0.1499999999999999,0.1,0.1,8,0,1
7.6200000000000045,-1.0,7.6200000000000045,-0.0500000000000002,1.3800000000000003,-0.1099999999999999,-0.01,-0.5299999999999999,-0.13,-0.12,-0.0999999999999999,17,10,0
0.0,4.0,5.079999999999984,-0.9999999999999998,-0.9500000000000002,0.13,-0.02,-0.3400000000000001,0.12,-0.25,0.7,-12,-6,1
10.160000000000023,-5.0,17.78,-1.7000000000000002,0.2200000000000002,-0.06,-0.08,-1.3,0.12,-0.13,1.7,13,9,1
-2.539999999999992,-2.0,5.079999999999984,-2.25,-0.1099999999999998,-0.11,-0.0899999999999999,0.16,0.0799999999999999,-0.25,0.1,19,5,1
0.0,1.0,-2.5400000000000205,-0.04,1.6999999999999995,-0.0999999999999999,-0.0699999999999999,0.5300000000000002,-0.1599999999999999,-0.24,0.3,5,3,1
12.699999999999989,-5.0,5.079999999999984,-2.6399999999999997,-1.67,-0.24,0.0,-1.6,-0.21,-0.23,5.9,-2,-8,0
15.240000000000007,-4.0,10.159999999999997,1.99,-0.6399999999999999,-0.0099999999999999,-0.03,-0.1899999999999999,-0.03,-0.17,-0.2,-7,-7,1
15.23999999999998,-4.0,7.619999999999976,-2.54,-0.1799999999999997,0.08,-0.1399999999999999,0.75,0.41,-0.01,-0.1,-5,-4,1
0.0,-2.0,7.6200000000000045,-0.4599999999999999,-0.1600000000000001,-0.14,0.02,2.1100000000000003,0.2299999999999999,-0.1799999999999999,-0.4,-6,0,0
2.539999999999992,-6.0,0.0,-1.0099999999999998,-2.68,-0.01,0.0,0.74,-0.02,-0.28,0.0,-3,0,0
-2.5400000000000205,5.0,0.0,0.6299999999999999,1.2600000000000002,0.01,-0.05,-0.63,-0.19,-0.38,0.0,-3,-1,0
7.6200000000000045,6.0,5.079999999999984,0.2699999999999998,0.75,-0.24,0.02,-0.72,-0.0399999999999999,-0.47,-0.3,-4,10,0
5.079999999999984,-1.0,2.539999999999992,-0.7899999999999996,0.2299999999999999,-0.07,-0.03,1.39,0.0,-0.0999999999999999,0.0,-9,-2,0
25.40000000000001,-10.0,10.159999999999997,2.7,-0.6099999999999999,0.1099999999999999,0.14,0.91,-0.1499999999999999,0.4199999999999999,-0.0999999999999999,1,-13,1
-2.539999999999992,2.0,2.539999999999992,0.0899999999999998,1.01,-0.2,-0.06,-1.94,-0.26,-0.03,0.0999999999999999,1,5,0
2.539999999999992,2.0,0.0,1.0500000000000005,0.06,-0.0399999999999999,0.06,0.93,0.31,0.03,0.0,18,3,1
-10.159999999999997,6.0,-5.0800000000000125,1.16,0.6499999999999999,-0.03,0.0799999999999999,-1.2299999999999998,0.12,0.0599999999999999,-2.3000000000000003,-5,4,1
-2.539999999999992,6.0,-7.6200000000000045,0.1099999999999998,0.2899999999999996,0.21,-0.28,-0.68,-0.15,-0.15,-0.6000000000000001,14,4,0
5.079999999999984,-2.0,0.0,-1.38,-0.33,0.15,-0.0499999999999999,-0.1900000000000001,0.0999999999999999,-0.43,-0.4,3,-4,1
10.159999999999997,13.0,2.539999999999992,0.1599999999999997,1.0299999999999998,-0.12,0.0799999999999999,-1.11,-0.15,0.05,0.4,7,4,1
0.0,-2.0,12.699999999999989,-0.5,-0.1400000000000001,0.2199999999999999,0.0099999999999998,4.640000000000001,-0.56,-0.19,1.4,4,-4,0
-10.159999999999997,2.0,5.0800000000000125,-0.77,-0.71,-0.12,-0.13,-0.2300000000000001,-0.24,-0.02,-0.8999999999999999,3,8,1
-25.40000000000001,0.0,-15.240000000000007,0.6599999999999997,-1.58,0.17,0.18,1.16,0.25,0.04,0.5,-2,-5,1
15.23999999999998,1.0,7.619999999999976,1.71,0.5399999999999998,-0.06,0.18,-2.7,0.12,-0.0599999999999999,0.8,3,2,1
5.0800000000000125,-2.0,7.6200000000000045,-0.8399999999999999,-1.0299999999999998,0.0499999999999999,-0.02,0.1099999999999998,0.14,-0.02,0.5,1,-4,1
5.079999999999984,0.0,10.159999999999997,1.4500000000000002,2.6300000000000003,0.06,-0.13,-0.1400000000000001,-0.3,0.12,1.0,4,-1,1
-5.079999999999984,1.0,-7.6200000000000045,-3.33,-1.92,-0.12,0.08,0.4499999999999999,-0.25,-0.1099999999999999,-0.3,-15,-3,0
5.0800000000000125,8.0,7.6200000000000045,1.8700000000000008,0.31,-0.12,0.01,-0.7299999999999998,-0.09,-0.49,0.0,-1,1,0
7.6200000000000045,7.0,0.0,0.69,0.81,0.0899999999999999,-0.18,-1.92,-0.22,-0.0899999999999999,0.3999999999999999,-6,-2,0
20.32000000000002,-3.0,7.6200000000000045,-0.9300000000000002,0.5,0.12,-0.23,0.26,0.0399999999999999,-0.1699999999999999,2.2,-5,4,0
-5.0800000000000125,-4.0,-5.0800000000000125,0.54,-0.02,-0.06,0.02,1.3099999999999998,-0.05,-0.0999999999999999,0.4999999999999999,12,7,1
0.0,5.0,-2.5400000000000205,-0.2299999999999999,0.1800000000000001,0.1,-0.0999999999999999,-2.16,0.21,-0.05,0.0,1,3,1
0.0,0.0,5.0800000000000125,-0.08,2.84,0.0499999999999999,-0.0399999999999999,-1.1,-0.08,-0.12,1.2,7,5,1
5.0800000000000125,3.0,0.0,0.25,-1.46,0.0,0.03,-0.1199999999999998,-0.05,0.42,-0.0999999999999999,0,-9,1
7.619999999999976,-2.0,17.78,-1.5199999999999996,-2.67,-0.0399999999999999,0.0,0.42,0.18,-0.2199999999999999,1.6,0,-6,0
17.78,-4.0,12.700000000000015,-0.1500000000000001,1.94,0.0399999999999999,0.0,-0.8899999999999999,0.0399999999999999,-0.0799999999999999,0.3000000000000002,-14,-6,0
-2.539999999999992,-6.0,-2.539999999999992,0.1200000000000001,-0.2299999999999999,0.0199999999999999,-0.0899999999999999,2.07,-0.0199999999999999,0.1999999999999999,-0.8,-2,-4,1
-7.6200000000000045,7.0,0.0,-1.13,-1.31,0.04,0.07,0.05,-0.1099999999999999,-0.33,0.3,1,2,0
-7.6200000000000045,3.0,-7.6200000000000045,0.0899999999999998,0.4500000000000002,-0.0399999999999999,-0.0399999999999999,0.24,0.1399999999999999,0.18,-0.3,13,-3,0
17.78,9.0,10.159999999999997,0.4599999999999999,-2.0199999999999996,0.06,0.07,0.3299999999999998,0.18,-0.24,0.1,8,2,1
0.0,3.0,-2.539999999999992,-0.4300000000000001,-0.9699999999999998,0.01,0.07,1.29,-0.77,-0.05,-0.7000000000000001,42,14,0
2.539999999999992,-6.0,-2.539999999999992,1.11,0.2000000000000001,-0.0499999999999999,-0.02,0.5299999999999998,-0.1099999999999999,0.1699999999999999,0.1,8,8,0
5.0800000000000125,9.0,5.0800000000000125,-0.8500000000000001,1.0,-0.23,0.07,1.5799999999999998,-0.06,-0.54,1.1,-4,5,0
7.6200000000000045,0.0,7.6200000000000045,-0.2299999999999999,1.4,-0.12,-0.0699999999999999,1.41,0.0,0.15,-1.1,9,4,1
2.5400000000000205,6.0,5.079999999999984,-0.06,0.4399999999999999,-0.2,0.18,-1.71,-0.25,0.52,-1.7,-13,-9,1
2.539999999999992,-1.0,5.0800000000000125,0.08,1.64,-0.0399999999999999,-0.2,-0.5599999999999999,-0.85,-0.2099999999999999,0.0,-13,-5,0
-17.78,7.0,-5.0800000000000125,0.1400000000000001,-1.0100000000000002,0.08,0.0699999999999999,-0.4300000000000001,-0.14,-0.08,-0.2,-1,-1,0
0.0,0.0,2.5400000000000205,-0.8799999999999999,-2.2799999999999994,0.15,0.0799999999999999,2.27,0.19,-0.17,0.2,-1,-5,1
-2.5400000000000205,9.0,5.079999999999984,-0.1200000000000001,-0.4900000000000002,0.05,0.04,2.4099999999999997,0.08,0.26,-0.3,-3,0,1
-7.6200000000000045,-4.0,-7.6200000000000045,-0.5500000000000003,0.49,0.02,-0.2199999999999999,0.1399999999999999,-0.1099999999999999,-0.42,1.1,-8,-7,0
2.5400000000000205,-3.0,0.0,1.6199999999999997,1.4000000000000004,-0.06,-0.0799999999999999,0.75,-0.03,0.05,-0.1999999999999999,4,-8,1
-12.699999999999989,-5.0,-12.699999999999989,-0.4599999999999999,0.7999999999999998,0.0099999999999999,-0.05,1.45,-0.1,0.02,0.3999999999999999,16,4,1
-17.78,6.0,-10.160000000000023,-2.1100000000000003,-0.4599999999999999,-0.12,-0.12,2.07,-0.04,-0.41,0.2,-2,-4,0
2.5400000000000205,3.0,-2.539999999999992,0.71,-0.5299999999999998,0.0699999999999999,0.0699999999999999,2.0199999999999996,-0.0299999999999999,0.05,0.5,12,5,0
7.619999999999976,1.0,0.0,1.3300000000000003,-2.08,-0.11,0.22,0.7299999999999999,0.14,0.45,0.2,18,2,1
10.160000000000023,2.0,2.5400000000000205,-0.0300000000000002,0.9499999999999996,0.18,-0.02,-3.31,0.18,0.0299999999999999,0.4,5,-4,1
7.6200000000000045,-4.0,0.0,1.79,-0.0699999999999998,-0.1,0.01,-1.4200000000000002,0.13,0.0299999999999999,0.0999999999999999,0,-5,1
-12.699999999999989,7.0,-5.0800000000000125,1.5500000000000005,-0.2299999999999999,0.0,0.18,0.6900000000000001,0.51,0.45,0.0999999999999999,-14,-8,1
10.159999999999997,-4.0,2.5400000000000205,0.32,-0.1799999999999999,0.06,-0.05,0.4399999999999999,0.19,0.0999999999999999,-0.4,-6,-7,0
-15.240000000000007,2.0,-15.240000000000007,1.0399999999999998,-0.1499999999999999,0.1499999999999999,0.0,1.63,0.3,0.86,-2.2,2,-5,1
-15.240000000000007,1.0,0.0,-0.73,-1.5200000000000005,0.0,0.04,-0.1899999999999999,0.06,-0.28,1.0,12,6,0
0.0,-5.0,-2.5400000000000205,1.67,0.0,0.07,0.05,-1.0399999999999998,0.31,0.41,-1.3,18,9,1
2.539999999999992,5.0,0.0,-2.1499999999999995,0.7599999999999998,-0.1699999999999999,-0.02,-1.2400000000000002,0.05,0.08,0.0,4,14,0
0.0,1.0,-2.539999999999992,-2.0500000000000003,-0.98,-0.08,-0.0999999999999999,-1.77,-0.01,-0.0499999999999999,0.3,-11,-4,1
0.0,0.0,0.0,0.06,0.2600000000000002,0.0499999999999999,-0.0599999999999999,-0.6099999999999999,0.0499999999999999,0.2799999999999999,-0.7,24,10,0
-5.079999999999984,-2.0,-5.079999999999984,-1.3099999999999996,0.1200000000000001,-0.0399999999999999,-0.02,-0.3400000000000001,-0.13,-0.01,-0.0999999999999999,6,6,0
15.240000000000007,-2.0,2.539999999999992,-0.52,-1.29,0.0,-0.0599999999999999,1.49,0.15,0.0899999999999999,0.0999999999999999,-1,2,1
0.0,-4.0,0.0,0.2799999999999998,0.0899999999999998,-0.06,-0.06,-0.2199999999999999,-0.2299999999999999,-0.01,0.7,-1,-1,0
10.160000000000023,-1.0,7.6200000000000045,2.04,-0.2599999999999998,0.05,-0.0399999999999999,-2.91,-0.12,0.31,0.5,9,6,1
5.0800000000000125,4.0,2.539999999999992,0.6400000000000001,-0.52,0.04,-0.06,-1.06,0.2299999999999999,-0.16,0.3,12,4,0
0.0,2.0,5.079999999999984,-0.7200000000000002,-0.3699999999999996,-0.01,0.05,-0.2199999999999997,0.1099999999999999,0.14,0.0999999999999999,-25,-14,1
5.0800000000000125,-8.0,5.079999999999984,1.0,1.0500000000000005,-0.1499999999999999,-0.07,-0.04,0.08,0.17,-0.7000000000000001,-4,3,1
-5.0800000000000125,8.0,2.539999999999992,0.2999999999999998,-0.25,-0.02,0.16,-1.3299999999999998,-0.23,0.2099999999999999,-4.7,35,9,1
-2.5400000000000205,-1.0,0.0,-1.02,0.25,-0.0999999999999999,0.03,-0.3500000000000001,-0.17,0.14,-0.4,-9,3,0
5.079999999999984,-1.0,7.6200000000000045,-0.71,-0.75,-0.0499999999999999,0.08,0.7099999999999997,0.23,0.08,-0.3,9,2,0
-7.6200000000000045,5.0,-5.0800000000000125,-1.46,-0.6400000000000001,0.0,0.0699999999999999,3.44,0.25,0.26,0.0,-14,-9,0
0.0,-1.0,7.619999999999976,-0.5800000000000001,-0.5099999999999998,-0.29,0.0899999999999999,0.4299999999999999,0.36,-0.13,1.8,5,2,1
-7.6200000000000045,5.0,-2.539999999999992,2.2,-0.06,-0.04,0.07,0.2099999999999999,-0.1099999999999999,0.0499999999999999,-2.0,-1,-7,1
5.079999999999984,-2.0,-5.079999999999984,-0.1599999999999997,-1.59,0.15,0.0,1.27,0.26,-0.2299999999999999,0.5,14,-2,1
10.159999999999997,-4.0,5.079999999999984,0.98,2.63,-0.08,0.0299999999999999,-3.3800000000000003,-0.07,-0.1599999999999999,1.4,0,1,1
5.0800000000000125,7.0,2.539999999999992,-0.5499999999999998,-0.79,-0.01,0.02,0.71,0.0099999999999999,0.2399999999999999,0.1999999999999999,-9,-2,1
7.6200000000000045,-2.0,5.0800000000000125,0.0299999999999998,0.3499999999999996,-0.11,0.03,-2.27,-0.12,0.27,-0.6,9,4,1
-5.079999999999984,1.0,-5.0800000000000125,1.38,0.5099999999999998,0.0799999999999999,0.0699999999999999,3.08,0.42,0.1899999999999999,-1.2,8,3,1
7.6200000000000045,7.0,10.159999999999997,-0.6000000000000001,0.4399999999999999,-0.2,-0.05,-0.61,-0.17,-0.13,0.8,13,12,1
-5.0800000000000125,2.0,5.0800000000000125,-1.3199999999999998,2.1,-0.29,-0.04,-1.89,-0.1099999999999999,-0.3999999999999999,0.0,3,8,0
17.78,0.0,2.539999999999992,-1.6800000000000002,-0.8500000000000001,0.14,-0.03,1.03,0.44,0.05,2.6,-8,-2,1
12.699999999999989,-2.0,15.240000000000007,1.6799999999999995,0.69,0.06,-0.08,-1.2700000000000002,0.2199999999999999,0.65,0.2,21,8,1
-7.6200000000000045,-8.0,0.0,-0.5800000000000001,-0.9700000000000002,0.0799999999999999,-0.0799999999999999,1.65,0.19,-0.26,-0.4,-3,-2,0
-2.539999999999992,-2.0,-7.6200000000000045,-0.75,-0.4499999999999997,-0.0299999999999999,-0.02,0.1799999999999999,0.06,0.0799999999999999,-1.6,11,8,0
12.699999999999989,0.0,7.619999999999976,-2.1899999999999995,-2.83,0.0,-0.0699999999999999,2.7,0.32,-0.14,0.8,4,0,1
0.0,4.0,5.079999999999984,-0.8500000000000001,0.4399999999999999,-0.14,0.05,-0.3799999999999999,-0.23,0.25,-2.4000000000000004,-18,1,0
12.699999999999989,8.0,2.539999999999992,0.1,0.06,0.0,-0.01,-1.01,-0.32,-0.4999999999999999,0.0,-2,-2,0
5.079999999999984,-1.0,0.0,-1.48,-1.82,-0.12,0.02,-2.49,-0.33,0.7,1.8,3,0,1
0.0,3.0,0.0,-0.1100000000000003,0.73,0.0899999999999999,-0.31,-3.16,-0.55,-0.1899999999999999,5.8999999999999995,-11,-1,0
-5.079999999999984,-4.0,2.539999999999992,2.31,-0.5099999999999998,0.0,0.18,-1.72,0.0999999999999999,0.27,-1.9,3,-2,1
-12.699999999999989,-3.0,-7.6200000000000045,3.48,-0.7599999999999998,0.1199999999999999,0.0699999999999999,4.31,0.16,0.1899999999999999,-0.4,-5,-9,1
-10.160000000000023,8.0,-10.159999999999997,-2.8000000000000003,1.0100000000000002,-0.24,-0.0199999999999999,-0.3500000000000001,-0.73,0.07,0.1,0,8,1
5.0800000000000125,-10.0,17.78,-2.2699999999999996,1.5,-0.08,-0.09,-0.0499999999999999,-0.2,0.01,1.1,15,3,1
-17.78,-3.0,-7.6200000000000045,-0.5,0.1099999999999998,0.0899999999999999,0.0999999999999999,0.3599999999999999,0.33,0.24,-0.5000000000000001,-6,0,0
10.159999999999997,-1.0,7.6200000000000045,1.2599999999999998,1.79,0.1099999999999999,-0.01,-3.01,-0.03,0.0899999999999999,-0.7000000000000001,3,0,0
10.159999999999997,-4.0,5.079999999999984,-2.16,0.3900000000000001,-0.09,-0.0599999999999999,0.3,0.0999999999999999,-0.24,0.3,4,-4,1
-5.079999999999984,8.0,-7.6200000000000045,0.6599999999999999,-0.1199999999999998,0.08,0.01,2.66,0.3199999999999999,0.19,-5.4,5,5,0
7.6200000000000045,-2.0,5.079999999999984,-0.7599999999999998,-0.6199999999999997,-0.0899999999999999,0.0,0.5300000000000002,0.0799999999999999,-0.0799999999999999,-0.9,-22,-3,0
2.5400000000000205,10.0,-2.5400000000000205,-0.1099999999999998,-0.73,-0.0499999999999999,0.1399999999999999,1.52,0.15,0.18,-1.1,-2,-6,1
0.0,2.0,-5.079999999999984,-1.52,0.1599999999999992,-0.1,-0.01,-0.6300000000000001,0.08,0.0899999999999999,-0.7999999999999999,-13,0,1
5.079999999999984,3.0,10.159999999999997,1.2400000000000002,1.4300000000000006,0.06,-0.0499999999999999,0.0,-0.0499999999999999,0.0799999999999999,0.7999999999999999,8,-2,1
0.0,-1.0,0.0,1.2,-0.5299999999999998,-0.07,0.15,1.08,0.42,0.82,-1.0,10,5,1
-2.539999999999992,1.0,-2.539999999999992,-3.04,-0.0499999999999998,-0.1299999999999999,-0.13,0.43,-0.2799999999999999,-0.0999999999999999,-0.3999999999999999,5,2,1
15.23999999999998,8.0,7.6200000000000045,-0.95,0.29,0.1,-0.1399999999999999,-1.03,-0.16,-0.2199999999999999,0.6000000000000001,15,10,0
2.5400000000000205,-3.0,7.619999999999976,-0.1699999999999999,-0.06,-0.08,-0.0799999999999999,-0.92,-0.1499999999999999,0.2,-0.5,7,7,1
5.079999999999984,-5.0,7.6200000000000045,-0.8099999999999998,-1.2000000000000002,-0.3,0.3,-1.39,-0.1099999999999999,-0.69,1.9,-6,3,1
0.0,-2.0,-2.539999999999992,1.9200000000000004,-0.8600000000000003,0.07,0.21,1.2,0.3399999999999999,-0.2099999999999999,-1.1,-10,-13,1
5.0800000000000125,-12.0,0.0,0.4199999999999999,0.2199999999999997,0.1499999999999999,-0.0999999999999999,-0.1199999999999998,-0.15,-0.25,0.6,23,11,1
-5.0800000000000125,1.0,-2.5400000000000205,-1.41,-0.7400000000000002,-0.08,-0.03,0.1299999999999999,-0.08,-0.2299999999999999,0.7999999999999999,8,5,0
12.699999999999989,-2.0,10.159999999999997,1.6100000000000003,0.5899999999999999,0.03,-0.0599999999999999,-0.53,-0.14,-0.07,-0.3999999999999999,-15,-4,1
10.159999999999997,6.0,2.5400000000000205,-1.7000000000000002,-1.7200000000000002,-0.09,0.0999999999999999,-1.37,0.0199999999999999,0.01,0.1,-1,3,0
-10.159999999999997,5.0,-15.240000000000007,-0.9500000000000002,-1.06,0.1,0.0,3.49,0.19,-0.55,3.1999999999999997,1,0,0
-20.319999999999993,-2.0,-12.699999999999989,-2.6699999999999995,1.0,-0.03,0.0399999999999999,-0.61,-0.66,0.2199999999999999,-0.3999999999999999,-10,-3,0
7.6200000000000045,3.0,2.539999999999992,0.6700000000000008,0.5800000000000001,0.06,-0.0199999999999999,-0.2299999999999999,-0.06,-0.14,0.9,3,-9,0
0.0,2.0,-10.159999999999997,-0.1899999999999999,0.92,-0.0399999999999999,0.0499999999999999,-3.02,-0.1899999999999999,0.2299999999999999,-1.0,1,-1,1
-10.159999999999997,6.0,0.0,-3.0200000000000005,2.1500000000000004,-0.03,-0.08,0.0099999999999998,-0.1799999999999999,-0.36,0.5000000000000001,-23,-5,1
-7.6200000000000045,4.0,-5.0800000000000125,-0.08,-0.33,-0.07,-0.1099999999999999,1.13,0.07,-0.15,-0.2,9,7,1
-17.78,-3.0,-17.78,1.0499999999999998,0.3699999999999996,0.02,0.0899999999999999,2.95,0.15,0.6699999999999999,-0.1999999999999999,5,5,1
-5.0800000000000125,3.0,5.0800000000000125,0.4100000000000001,1.46,0.01,0.17,0.8100000000000003,-0.01,0.19,-0.3,-4,4,0
22.860000000000017,-8.0,10.159999999999997,2.15,-0.1999999999999997,0.1999999999999999,0.01,-1.05,0.01,0.2199999999999999,0.5,8,-7,1
0.0,-7.0,-2.539999999999992,1.67,-0.0700000000000002,-0.1,0.19,0.5900000000000001,-0.19,0.3,0.4,3,-6,1
0.0,-1.0,0.0,-0.79,-2.4099999999999997,-0.0499999999999999,0.0999999999999999,1.6399999999999997,0.12,0.02,0.0,-29,-9,0
15.23999999999998,10.0,0.0,1.29,-0.8999999999999997,0.01,0.17,-1.09,-0.66,-0.35,0.2000000000000001,27,5,0
7.6200000000000045,-2.0,-5.0800000000000125,0.2399999999999997,-0.5900000000000003,0.0399999999999999,0.0599999999999999,1.7999999999999998,-0.02,-0.3899999999999999,0.1,-23,-12,1
15.240000000000007,-4.0,12.700000000000015,0.2600000000000002,2.0899999999999994,-0.09,-0.04,-0.3,0.02,0.34,0.2,7,4,1
0.0,2.0,0.0,-0.3500000000000005,-0.1099999999999998,0.09,0.01,1.42,0.05,-0.02,1.3,9,12,1
-17.78,-6.0,-12.699999999999989,1.5799999999999996,1.7400000000000002,0.0299999999999999,0.03,-0.5,-0.45,0.3299999999999999,-0.2,2,-3,0
-2.539999999999992,6.0,-2.539999999999992,0.4700000000000002,1.14,0.0399999999999999,-0.06,-0.1100000000000001,-0.03,-0.2,-0.2,-7,0,1
0.0,-2.0,-10.159999999999997,-0.1400000000000001,0.4500000000000002,-0.09,-0.0999999999999999,-1.29,0.64,0.17,-0.3,-5,-1,1
12.699999999999989,-4.0,7.6200000000000045,0.1100000000000003,0.98,-0.0999999999999999,-0.16,0.5,-0.0799999999999999,0.13,-0.2999999999999999,-1,2,1
5.0800000000000125,1.0,2.539999999999992,-0.6800000000000002,-0.1499999999999999,-0.0499999999999999,0.0,-2.06,-0.66,-0.02,0.3,-7,-5,1
2.5400000000000205,4.0,0.0,-1.2000000000000002,-1.24,-0.01,0.14,0.0999999999999998,-0.3,0.01,0.8999999999999999,-6,1,0
7.6200000000000045,4.0,0.0,1.15,0.08,-0.1099999999999999,0.07,-0.3099999999999999,-0.12,0.0,-0.3,4,4,1
15.240000000000007,1.0,10.159999999999997,0.7,1.31,-0.0399999999999999,-0.14,-1.62,0.09,-0.5800000000000001,-0.4000000000000001,-9,6,0
5.0800000000000125,4.0,0.0,0.9700000000000002,2.1599999999999997,-0.07,0.04,-0.1599999999999997,-0.2,0.35,-0.5,6,4,1
-2.539999999999992,1.0,-5.0800000000000125,-0.1599999999999997,-1.38,-0.09,0.1899999999999999,-1.08,-0.28,0.0699999999999999,-0.4,11,7,1
-5.079999999999984,-1.0,-7.6200000000000045,0.5099999999999998,0.1400000000000001,-0.01,0.0,-1.15,0.19,-0.15,-1.7,3,8,0
5.0800000000000125,-5.0,0.0,2.44,0.9500000000000002,0.02,0.0599999999999999,1.4899999999999998,-0.1699999999999999,0.0399999999999999,0.1,9,7,0
-5.0800000000000125,2.0,-5.079999999999984,0.0099999999999997,-1.42,0.04,0.1699999999999999,2.39,0.0399999999999999,-0.27,-0.2,-2,3,1
7.619999999999976,2.0,5.079999999999984,-0.2099999999999999,0.92,-0.0799999999999999,0.0499999999999999,0.13,0.15,-0.17,0.1999999999999999,-8,-5,0
0.0,6.0,0.0,0.8399999999999999,-0.92,0.0999999999999999,0.14,1.0,0.17,-0.0599999999999999,0.8,13,6,0
5.0800000000000125,-5.0,-2.539999999999992,-1.2399999999999998,-0.3699999999999996,0.04,-0.16,0.9899999999999998,0.09,0.0,4.8,5,5,1
7.6200000000000045,5.0,5.079999999999984,-0.1799999999999997,0.2999999999999998,-0.0399999999999999,0.0,0.4300000000000001,0.25,0.02,0.4000000000000001,-20,-11,0
-5.0800000000000125,2.0,-7.6200000000000045,0.8399999999999999,1.0299999999999998,-0.0499999999999999,0.02,-0.1099999999999998,-0.14,0.02,-0.5,-1,4,0
-2.5400000000000205,5.0,-2.5400000000000205,0.4300000000000001,1.12,0.11,-0.1599999999999999,-1.85,0.12,-0.07,-0.3,14,7,0
-25.40000000000001,2.0,-15.23999999999998,-0.52,1.62,-0.13,-0.03,-1.7899999999999998,-0.01,0.12,0.0,-14,4,1
7.6200000000000045,3.0,-5.079999999999984,0.6499999999999999,1.82,0.0499999999999999,0.0099999999999998,-0.54,0.38,0.5700000000000001,-0.1999999999999999,-17,-3,0
2.539999999999992,-1.0,5.0800000000000125,-0.8700000000000001,-0.6499999999999999,-0.12,0.03,0.53,0.0499999999999999,0.25,-0.3,13,-1,0
7.619999999999976,0.0,5.0800000000000125,-0.25,-1.85,0.0999999999999999,0.08,1.9,0.25,0.01,0.0999999999999999,-7,-7,1
2.539999999999992,-2.0,0.0,0.2099999999999999,-1.9499999999999995,0.0799999999999999,0.0,-1.7800000000000002,0.0499999999999999,0.0599999999999999,-0.8999999999999999,-4,-6,1
0.0,6.0,-5.079999999999984,-1.3800000000000003,-0.06,-0.0199999999999999,-0.13,-0.4000000000000001,-0.11,-0.2699999999999999,-1.0,4,-7,0
-5.0800000000000125,6.0,-5.0800000000000125,0.6100000000000003,-2.05,0.0899999999999999,0.0899999999999999,1.52,0.13,-0.1,-0.7,17,3,1
12.699999999999989,-2.0,10.159999999999997,0.02,1.04,-0.06,-0.04,0.3499999999999998,0.1799999999999999,0.13,-0.7000000000000001,4,3,0
15.23999999999998,5.0,7.6200000000000045,-0.6599999999999999,-2.44,-0.17,0.07,1.0299999999999998,0.3299999999999999,0.42,3.4,5,-4,0
2.539999999999992,3.0,2.5400000000000205,0.2199999999999997,0.1899999999999999,-0.02,-0.0399999999999999,-0.53,-0.2299999999999999,-0.3999999999999999,0.4,0,-2,0
17.78,-3.0,17.78,-1.8600000000000003,0.2600000000000002,-0.13,-0.0199999999999999,-0.93,-0.54,-0.0299999999999999,1.7,11,7,1
-5.0800000000000125,14.0,-2.539999999999992,1.4300000000000002,0.0999999999999996,-0.01,0.11,0.6499999999999999,-0.06,-0.17,0.0,-5,0,0
2.539999999999992,4.0,-2.5400000000000205,2.5200000000000005,0.8199999999999998,0.06,0.17,-1.43,-0.0799999999999999,-0.3199999999999999,-0.6,8,-2,1
-20.319999999999993,-1.0,-12.700000000000015,2.99,-0.3199999999999998,0.12,0.19,1.56,0.3,0.16,-0.5999999999999999,4,-5,1
-10.159999999999997,4.0,-5.0800000000000125,-0.27,-0.06,-0.12,0.3,0.56,0.28,-0.12,-5.1,19,7,1
2.5400000000000205,-3.0,5.079999999999984,0.0499999999999998,-0.8700000000000001,-0.0299999999999999,0.08,0.54,-0.16,0.3,-1.6,2,6,1
5.079999999999984,-3.0,0.0,-1.15,-1.33,-0.0499999999999999,-0.01,-1.2300000000000002,0.8,0.71,0.4,12,3,0
2.539999999999992,1.0,-2.5400000000000205,2.05,1.17,0.0299999999999999,0.0399999999999999,0.6900000000000001,-0.14,0.2199999999999999,0.0,-6,-4,0
-10.160000000000023,1.0,-10.159999999999997,-1.4099999999999997,2.15,-0.16,-0.09,-0.6100000000000001,-0.0399999999999999,0.34,-1.1,-2,5,0
5.079999999999984,3.0,5.0800000000000125,-0.8300000000000001,-0.0899999999999998,-0.06,0.01,-0.6200000000000001,0.06,-0.0699999999999999,0.2,0,4,1
10.160000000000023,-4.0,2.539999999999992,0.4099999999999997,0.4899999999999997,-0.04,-0.08,-1.12,-0.04,0.32,-0.1999999999999999,19,-3,1
-2.539999999999992,1.0,2.539999999999992,1.37,1.2199999999999998,0.1499999999999999,-0.1599999999999999,0.02,-0.53,-0.01,1.0,14,13,1
7.6200000000000045,3.0,-5.0800000000000125,-1.7199999999999998,-0.3899999999999997,0.04,-0.0599999999999999,1.06,-0.17,-0.2099999999999999,1.1,5,1,1
10.159999999999997,-4.0,7.6200000000000045,1.5900000000000003,-0.1299999999999999,0.1099999999999999,0.12,0.36,-0.3199999999999999,0.27,0.0999999999999999,12,9,0
7.6200000000000045,2.0,0.0,-0.2000000000000001,-1.9000000000000004,0.29,0.05,1.68,0.46,-0.17,1.3,18,15,1
17.78,-2.0,15.23999999999998,0.2199999999999997,-1.2699999999999996,0.1699999999999999,-0.0599999999999999,3.51,0.5,0.0899999999999999,0.5,-1,-1,1
10.160000000000023,7.0,0.0,-0.1799999999999997,-1.14,-0.07,0.0299999999999999,0.25,-0.21,-0.02,0.5,6,4,1
-10.159999999999997,5.0,-5.0800000000000125,-0.71,1.09,0.0299999999999999,-0.0899999999999999,-0.0100000000000002,0.06,0.01,-0.6,2,4,1
-5.0800000000000125,1.0,0.0,-1.25,-1.61,0.0499999999999999,-0.03,2.76,0.1599999999999999,0.03,0.1,-1,6,1
-15.240000000000007,7.0,-2.5400000000000205,-1.18,-1.2000000000000002,0.0,0.13,-1.11,-0.19,-0.04,0.1999999999999999,13,4,0
5.0800000000000125,3.0,5.0800000000000125,1.89,0.29,-0.0799999999999999,0.1099999999999999,-1.4799999999999998,0.01,0.36,-0.1999999999999999,-12,-3,1
-5.079999999999984,-2.0,-12.699999999999989,1.27,1.3699999999999997,0.1599999999999999,-0.01,0.04,-0.0499999999999999,0.02,0.3,14,0,1
2.539999999999992,-7.0,0.0,2.2299999999999995,1.1800000000000002,0.0499999999999999,-0.03,-1.84,0.0799999999999999,0.39,-1.9,12,12,1
-17.78,-4.0,-7.6200000000000045,-0.4699999999999997,2.7299999999999995,-0.19,-0.01,-0.13,-0.48,0.2099999999999999,-0.6,-1,4,0
-2.539999999999992,2.0,-2.539999999999992,-1.9600000000000004,-1.1100000000000003,-0.0299999999999999,-0.0099999999999998,-0.0899999999999999,-0.06,-0.03,0.5,5,5,1
0.0,0.0,2.539999999999992,0.0,-1.33,-0.0199999999999999,0.08,-0.28,0.19,0.13,-1.5,-5,1,0
-5.079999999999984,4.0,-2.539999999999992,1.33,-0.5800000000000001,-0.02,-0.01,-0.6600000000000001,-0.09,0.1299999999999999,-1.2,-15,-2,0
7.6200000000000045,4.0,-5.0800000000000125,0.1799999999999997,0.4700000000000002,-0.02,0.1699999999999999,0.75,0.22,0.16,0.0,-7,-7,1
-17.78,7.0,-17.78,-0.0999999999999996,1.08,0.18,0.1299999999999999,-3.26,-0.66,0.26,-2.0,0,4,1
-7.6200000000000045,6.0,-5.0800000000000125,1.2700000000000002,-0.7399999999999998,0.1399999999999999,-0.02,-0.97,0.14,0.13,-1.7,6,1,1
-5.0800000000000125,16.0,-5.0800000000000125,-1.0399999999999996,1.2400000000000002,-0.1599999999999999,0.0499999999999999,-3.2500000000000004,0.02,-0.0399999999999999,-0.8,-20,5,0
-10.159999999999997,0.0,0.0,0.79,-0.72,0.36,0.0,1.7700000000000005,-0.02,0.3199999999999999,-2.5,4,1,1
10.160000000000023,-1.0,2.5400000000000205,0.79,1.39,-0.0299999999999999,-0.07,-3.64,-0.01,-0.0899999999999999,-0.1999999999999999,13,3,1
-10.159999999999997,6.0,-5.0800000000000125,-1.66,1.0,-0.0099999999999999,-0.0999999999999999,-1.41,0.03,-0.24,0.0,4,8,1
-5.079999999999984,3.0,-15.240000000000007,-0.33,-1.5499999999999998,0.06,0.0499999999999999,1.19,0.21,-0.5,2.6999999999999997,6,-1,1
5.0800000000000125,-3.0,2.539999999999992,0.4700000000000002,0.1099999999999994,0.01,0.14,0.42,0.26,-0.0099999999999998,-0.3,-12,-9,0
5.0800000000000125,0.0,-5.079999999999984,2.0199999999999996,1.81,0.1,-0.1,0.0499999999999999,0.2,0.36,-1.2999999999999998,8,6,1
0.0,0.0,-5.079999999999984,-2.17,-1.77,0.12,0.05,3.2,0.0399999999999999,-0.15,1.4,1,-5,1
7.6200000000000045,-5.0,7.6200000000000045,0.7100000000000004,-0.27,0.06,-0.15,0.25,0.26,0.1099999999999999,-0.7,18,-4,1
0.0,-5.0,-5.079999999999984,-0.1300000000000003,0.73,0.2,-0.1999999999999999,-0.56,-0.1699999999999999,-0.0999999999999999,-1.5,-18,-8,0
7.619999999999976,-8.0,-2.539999999999992,-0.6599999999999997,-0.96,0.16,0.0,0.93,0.47,-0.5900000000000001,0.7,3,4,1
2.5400000000000205,3.0,-2.539999999999992,-0.1400000000000001,-0.33,0.0799999999999999,-0.0699999999999999,2.48,0.0,-0.13,-0.3,-42,-16,0
7.6200000000000045,-2.0,-2.539999999999992,0.1600000000000001,-0.7100000000000004,-0.01,-0.01,-0.1099999999999998,-0.03,-0.32,0.1,-14,-4,1
12.700000000000015,6.0,7.6200000000000045,-0.8800000000000003,-2.3400000000000003,0.0499999999999999,0.01,-0.2299999999999999,0.0499999999999999,-0.0699999999999999,0.5,12,-1,0
-12.699999999999989,16.0,-12.700000000000015,-2.1300000000000003,-1.9099999999999997,0.0399999999999999,0.0799999999999999,1.72,0.07,-0.13,-0.3,9,0,0
-2.539999999999992,5.0,-7.6200000000000045,1.0499999999999994,3.05,-0.1999999999999999,0.02,-5.0200000000000005,-0.26,-0.01,-1.2,10,14,0
-7.6200000000000045,-3.0,-2.539999999999992,0.3700000000000001,2.03,-0.2199999999999999,0.18,-1.6900000000000002,0.1099999999999999,0.0899999999999999,-0.7,4,10,1
10.159999999999997,0.0,10.159999999999997,1.37,0.4500000000000002,0.04,0.03,-2.45,0.07,-0.0999999999999999,0.0,-1,2,0
0.0,-6.0,5.0800000000000125,-1.7199999999999998,-1.84,0.0999999999999999,-0.06,2.54,0.25,0.0499999999999999,0.1999999999999999,8,-2,1
0.0,5.0,0.0,-1.73,-0.5199999999999998,-0.0999999999999999,-0.1099999999999999,1.88,0.0799999999999999,-0.14,1.2,-9,-5,1
0.0,1.0,-2.539999999999992,-0.5900000000000003,0.2400000000000002,-0.02,-0.0299999999999999,2.08,-0.0999999999999999,0.0399999999999999,0.0999999999999999,-4,3,0
25.40000000000001,-9.0,7.6200000000000045,1.7000000000000002,0.6500000000000001,0.0399999999999999,0.03,0.72,-0.2,0.1999999999999999,0.0999999999999999,3,-7,1
5.079999999999984,-3.0,0.0,0.2300000000000002,1.44,0.0499999999999999,-0.17,0.72,0.11,0.18,-0.3999999999999999,-16,1,1
-2.539999999999992,2.0,2.539999999999992,0.1599999999999997,0.54,0.11,0.01,1.83,-0.09,-0.0799999999999999,-0.2,-4,2,0
5.0800000000000125,0.0,-2.539999999999992,-0.5199999999999998,-1.25,0.06,0.1299999999999999,0.6199999999999999,0.3,0.2299999999999999,1.6,-37,-16,0
-10.159999999999997,4.0,2.539999999999992,0.1499999999999999,-0.3399999999999998,0.01,0.1699999999999999,-0.4499999999999999,0.22,-0.01,0.3,3,4,0
7.6200000000000045,1.0,2.539999999999992,1.12,-1.13,-0.06,0.1799999999999999,-0.35,-0.0399999999999999,0.1999999999999999,0.8,-2,-1,0
5.0800000000000125,-2.0,10.159999999999997,2.9600000000000004,1.2000000000000002,0.07,0.01,1.17,0.04,-0.35,-0.3,1,1,0
-10.159999999999997,-10.0,-2.539999999999992,4.3999999999999995,2.1900000000000004,0.0499999999999999,0.25,-1.79,-0.3,0.61,-2.1,-35,-11,0
17.78,-5.0,10.159999999999997,-0.96,0.8599999999999999,-0.12,-0.19,-1.94,-0.6,-0.2099999999999999,1.2999999999999998,-6,-1,0
17.78,3.0,0.0,-1.1,-0.9300000000000002,-0.0399999999999999,0.0999999999999999,0.3500000000000001,0.0399999999999999,-0.12,0.1,-18,-7,1
-2.539999999999992,6.0,-5.079999999999984,-0.98,-0.6299999999999999,0.0,0.0299999999999999,-1.3,0.0,0.35,0.0,-1,1,0
-2.5400000000000205,-2.0,-2.539999999999992,-0.2999999999999998,0.98,-0.1499999999999999,-0.26,-1.1800000000000002,-0.16,-0.28,0.0,3,2,0
-5.079999999999984,-1.0,2.5400000000000205,-1.48,0.31,0.0099999999999999,0.03,-0.6800000000000002,0.28,-0.0199999999999999,-0.5000000000000001,5,2,1
2.5400000000000205,-1.0,7.619999999999976,1.8899999999999997,-0.1099999999999998,0.0099999999999999,0.01,0.8500000000000001,0.0199999999999999,-0.0499999999999999,0.8,-4,-7,0
7.6200000000000045,-7.0,5.0800000000000125,2.03,2.0700000000000003,0.03,-0.1099999999999999,-0.37,-0.18,-0.0199999999999999,0.2,-16,-12,1
-20.319999999999993,-2.0,-17.78,-2.1900000000000004,4.67,-0.13,-0.15,-1.2600000000000002,-0.2199999999999999,-0.31,1.1,-13,-9,0
15.240000000000007,-1.0,2.539999999999992,-1.4,0.1400000000000001,0.04,0.06,1.03,0.44,0.05,-3.4999999999999996,6,6,0
5.079999999999984,-11.0,5.079999999999984,1.13,0.0899999999999998,0.03,0.03,0.4899999999999997,-0.04,-0.0799999999999999,0.3999999999999999,-5,-1,0
10.159999999999997,-4.0,5.0800000000000125,-1.5700000000000005,-0.79,-0.0799999999999999,-0.06,-0.4000000000000001,-0.1799999999999999,-0.26,0.3,26,10,1
-7.6200000000000045,1.0,-2.5400000000000205,0.29,-0.3900000000000001,0.14,0.0,0.1500000000000001,-0.3999999999999999,0.0399999999999999,-0.5999999999999999,25,8,1
-2.539999999999992,-2.0,-7.6200000000000045,0.5799999999999996,-1.11,-0.01,0.0,0.6699999999999997,0.07,-0.15,-1.1,-1,2,0
0.0,4.0,0.0,-0.2100000000000004,-0.8000000000000003,-0.02,0.01,-1.32,-0.0099999999999999,0.0799999999999999,1.0,4,3,1
7.6200000000000045,-8.0,7.6200000000000045,0.1599999999999997,-0.3900000000000001,0.0299999999999999,0.0599999999999999,1.0,0.19,0.55,-0.9,1,-1,1
-10.159999999999997,1.0,-5.0800000000000125,-0.48,-0.8599999999999999,-0.01,0.0999999999999999,-1.14,-0.1099999999999999,-0.08,0.5999999999999999,-5,-1,0
2.539999999999992,1.0,5.0800000000000125,-1.53,-0.7000000000000002,-0.1599999999999999,0.03,2.13,0.18,0.37,0.2,1,-2,1
20.319999999999993,7.0,5.079999999999984,2.5,-1.28,0.0899999999999999,0.17,-2.52,-0.43,-0.37,1.1,36,6,1
0.0,1.0,-7.6200000000000045,0.6799999999999997,-0.2200000000000002,0.24,0.04,0.7899999999999999,0.3,0.15,0.5,6,5,0
-10.159999999999997,3.0,0.0,1.0099999999999998,-1.95,0.2199999999999999,-0.0699999999999999,1.4500000000000002,0.0499999999999999,0.26,0.2,1,-1,1
0.0,1.0,-7.6200000000000045,1.88,-1.0,0.0999999999999999,0.0099999999999998,4.83,-0.0499999999999999,0.0399999999999999,0.3,-7,-6,0
0.0,2.0,-5.079999999999984,-0.29,1.2199999999999998,-0.12,-0.02,0.73,-0.09,0.04,-0.2,14,14,0
-2.539999999999992,-5.0,-10.159999999999997,2.08,1.66,0.07,0.03,0.3900000000000001,0.1099999999999999,0.48,0.0999999999999998,18,4,1
-2.539999999999992,-1.0,0.0,1.5700000000000005,0.9699999999999998,0.03,0.02,-0.75,0.19,0.1499999999999999,-0.5,9,5,0
2.539999999999992,-2.0,0.0,-1.1800000000000002,-0.1600000000000001,-0.1099999999999999,-0.0699999999999999,0.5199999999999999,-0.4499999999999999,-0.49,-0.6000000000000001,2,9,1
2.539999999999992,3.0,-5.079999999999984,0.7499999999999998,-0.2000000000000001,0.06,-0.09,-1.01,-0.11,0.1,-0.7,8,0,0
2.539999999999992,-7.0,7.6200000000000045,2.39,-1.39,0.07,0.14,0.13,0.35,0.51,0.7,4,5,1
5.079999999999984,-3.0,-2.539999999999992,-0.25,0.6100000000000003,-0.09,-0.0499999999999999,-2.03,0.12,-0.0399999999999999,0.2,8,5,0
-5.0800000000000125,8.0,0.0,-0.7599999999999998,0.73,-0.0499999999999999,-0.0199999999999999,0.9800000000000002,0.03,-0.33,-0.0999999999999999,-9,5,0
15.240000000000007,-1.0,7.6200000000000045,1.7899999999999996,-1.99,0.2799999999999999,0.0699999999999999,-0.8599999999999999,0.61,0.2,-0.9000000000000001,4,0,0
7.619999999999976,-1.0,0.0,-0.1199999999999996,-3.72,0.0299999999999999,0.23,-0.5800000000000001,0.0499999999999999,0.06,1.4,14,0,1
-2.5400000000000205,-1.0,-2.5400000000000205,-1.2700000000000002,-0.8799999999999999,-0.01,0.14,0.6599999999999997,0.2,0.5,0.1,15,4,1
-12.699999999999989,4.0,-7.6200000000000045,0.5300000000000002,-0.4599999999999999,0.13,0.14,-3.29,-0.42,-0.74,2.6,4,1,0
-12.699999999999989,11.0,-7.6200000000000045,-0.9600000000000004,-0.1400000000000001,0.02,0.14,-0.79,-0.3,-0.06,1.5,8,8,1
-10.159999999999997,0.0,-2.539999999999992,1.88,1.95,-0.26,0.07,-1.18,-0.66,0.22,0.0,-8,-6,0
-5.079999999999984,1.0,-7.619999999999976,-0.1200000000000001,0.1600000000000001,-0.0399999999999999,-0.0899999999999999,0.3,0.06,-0.15,-0.1999999999999999,3,-5,1
-15.23999999999998,5.0,-10.159999999999997,-2.95,-0.6399999999999997,0.06,-0.0299999999999999,-0.09,0.23,0.14,-0.5,-10,4,0
0.0,3.0,2.539999999999992,-0.2199999999999997,-1.51,0.06,-0.0999999999999999,2.3,0.56,-0.03,-0.4999999999999999,15,5,1
0.0,2.0,5.0800000000000125,-0.0700000000000002,-2.9000000000000004,0.14,0.1699999999999999,-0.95,0.13,0.13,0.1999999999999999,13,-3,0
-7.6200000000000045,-5.0,-2.539999999999992,1.83,0.9300000000000002,0.09,0.05,2.26,0.33,0.24,-0.5,-21,-6,1
2.539999999999992,-2.0,-5.079999999999984,-1.0100000000000002,-0.3500000000000001,0.0799999999999999,0.05,1.4999999999999998,-0.0099999999999998,-0.0499999999999999,0.5,14,-3,1
-7.619999999999976,5.0,-17.78,-0.54,-1.8100000000000005,-0.14,0.12,-0.2899999999999999,-0.01,-0.0799999999999999,-0.8999999999999999,-13,-6,0
-5.0800000000000125,-1.0,-7.6200000000000045,1.04,-1.6700000000000004,0.0899999999999999,0.08,1.2200000000000002,0.15,0.0599999999999999,0.4,-20,-9,0
2.539999999999992,3.0,2.539999999999992,1.1,0.4199999999999999,0.29,-0.15,0.2299999999999999,0.2,-0.2,-0.7,5,3,1
7.6200000000000045,-2.0,-2.539999999999992,1.39,-1.9099999999999997,0.0999999999999999,0.25,5.32,0.62,0.18,0.6000000000000001,1,3,1
-7.6200000000000045,-5.0,-2.539999999999992,1.3499999999999996,1.32,0.02,-0.0299999999999999,-1.52,-0.1699999999999999,-0.16,-0.0999999999999999,-1,1,0
-5.0800000000000125,-7.0,7.6200000000000045,3.5900000000000003,1.58,0.1399999999999999,-0.01,-1.58,-0.75,0.0,0.0,6,5,0
-5.0800000000000125,-2.0,-7.6200000000000045,1.85,0.1799999999999997,0.08,-0.01,-0.6200000000000001,-0.1599999999999999,-0.16,-0.3999999999999999,10,4,1
-10.159999999999997,-10.0,-7.6200000000000045,1.1599999999999997,1.89,0.06,-0.03,-1.7300000000000002,0.21,0.31,-1.2,17,2,1
-2.5400000000000205,3.0,0.0,-0.1999999999999997,-1.5499999999999998,0.01,0.03,3.69,0.47,0.06,0.1,17,9,1
-5.0800000000000125,3.0,10.160000000000023,-1.7499999999999996,-1.7599999999999998,-0.13,-0.0699999999999999,0.12,0.08,-0.18,0.3,-3,-4,0
0.0,1.0,-2.5400000000000205,0.1200000000000001,-3.5399999999999996,0.01,0.12,-1.09,0.18,0.0699999999999999,-1.8,4,2,0
-7.6200000000000045,3.0,0.0,0.1100000000000001,-0.5500000000000003,0.08,0.0699999999999999,1.91,-0.06,0.0899999999999999,0.1999999999999999,3,-1,1
2.539999999999992,0.0,2.5400000000000205,-0.1200000000000001,0.3900000000000001,0.0699999999999999,-0.0399999999999999,-0.5499999999999999,0.12,-0.05,0.7000000000000001,-4,-9,1
-12.699999999999989,1.0,-7.6200000000000045,0.0999999999999996,1.4499999999999995,-0.17,0.0,-1.38,-0.16,0.0699999999999999,0.0,-3,10,0
-5.0800000000000125,6.0,-5.0800000000000125,-2.21,-1.13,-0.02,-0.01,-0.9000000000000001,0.2299999999999999,0.1899999999999999,2.3,-13,-7,0
-7.6200000000000045,3.0,-7.6200000000000045,1.7100000000000002,-0.8500000000000001,0.18,0.0,1.97,-0.0199999999999999,0.3299999999999999,-1.3,-2,-3,1
5.0800000000000125,-4.0,0.0,1.5499999999999998,2.17,-0.1099999999999999,0.01,-2.0900000000000003,0.06,0.3,-0.7,-6,-3,0
5.0800000000000125,2.0,12.699999999999989,0.48,0.95,-0.21,0.0299999999999999,-0.5300000000000002,-0.14,0.1799999999999999,-0.4,-3,1,1
-25.40000000000001,8.0,-30.47999999999999,-0.3999999999999999,-0.5,0.05,0.1299999999999999,-0.56,-0.46,0.2099999999999999,-1.5,-25,-6,0
20.319999999999993,-3.0,10.159999999999997,1.73,0.28,-0.09,0.1399999999999999,-1.8000000000000005,0.1499999999999999,0.05,0.6,3,-2,1
-5.0800000000000125,-4.0,5.0800000000000125,-0.2200000000000002,0.1299999999999999,0.02,-0.0599999999999999,0.93,0.0,0.1,0.9,-5,-2,1
5.079999999999984,5.0,2.539999999999992,0.7200000000000002,-1.04,0.0899999999999999,0.07,-1.7300000000000002,0.17,0.58,-0.9000000000000001,25,14,1
0.0,2.0,-5.079999999999984,3.7399999999999993,1.93,0.13,0.0599999999999999,0.0899999999999999,0.2499999999999999,0.48,-7.4,9,17,0
0.0,4.0,0.0,-1.91,-0.56,-0.2,0.0399999999999999,0.8300000000000001,-0.0999999999999999,0.06,1.2999999999999998,-10,2,0
27.940000000000023,-9.0,7.6200000000000045,1.04,-0.2899999999999996,0.0299999999999999,0.0899999999999999,0.4099999999999999,-0.11,0.2199999999999999,0.4,-10,-11,1
0.0,4.0,-2.5400000000000205,0.3500000000000001,-0.91,0.17,-0.0999999999999999,0.4900000000000002,0.02,-0.29,0.7999999999999999,28,-2,0
15.240000000000007,-8.0,15.23999999999998,0.8999999999999999,1.73,-0.01,-0.04,0.17,-0.21,0.0599999999999999,0.2,26,0,0
12.699999999999989,0.0,10.159999999999997,0.1,1.7699999999999996,-0.19,-0.09,1.21,0.68,0.49,-3.0,2,0,1
15.23999999999998,-7.0,12.699999999999989,0.7600000000000002,0.25,0.04,-0.0799999999999999,-0.1799999999999999,-0.35,-0.22,0.5,-13,-1,1
17.78,-3.0,7.6200000000000045,1.4900000000000002,0.6300000000000003,0.1099999999999999,-0.0599999999999999,-0.7899999999999999,0.0099999999999999,0.07,0.8,-4,-4,1
0.0,2.0,0.0,0.5899999999999999,0.5800000000000001,-0.08,0.05,-0.0899999999999998,0.0199999999999999,-0.0699999999999999,-0.5,-7,-9,0
-7.6200000000000045,-2.0,0.0,1.6,-1.0500000000000005,-0.06,0.0799999999999999,1.03,0.2399999999999999,0.57,0.1,4,2,1
-2.539999999999992,-3.0,5.0800000000000125,1.87,-1.7799999999999994,-0.04,0.1599999999999999,1.12,0.27,-0.42,-3.0999999999999996,5,6,1
2.539999999999992,6.0,7.6200000000000045,-0.02,-1.03,-0.03,-0.0399999999999999,0.79,-0.18,-0.51,0.7999999999999999,0,-6,0
5.0800000000000125,0.0,2.539999999999992,1.08,0.4700000000000002,-0.14,-0.03,0.1899999999999999,-0.1599999999999999,0.0799999999999999,-0.0999999999999999,9,9,1
7.6200000000000045,3.0,5.079999999999984,0.3599999999999999,0.81,-0.0299999999999999,0.09,0.92,-0.2499999999999999,-0.01,-0.7,0,4,0
-12.699999999999989,-9.0,-2.539999999999992,1.15,0.3999999999999999,-0.11,0.1299999999999999,-0.99,0.1,0.2,-1.1,-7,-8,1
-2.539999999999992,-5.0,5.079999999999984,-0.9000000000000001,-2.0,-0.0799999999999999,0.19,1.1,-0.08,-0.36,0.6000000000000001,2,6,0
-12.699999999999989,1.0,2.5400000000000205,3.77,-0.3700000000000001,0.19,-0.0799999999999999,0.32,0.0,0.42,1.0,2,-2,1
10.159999999999997,3.0,5.079999999999984,-0.6700000000000004,0.04,-0.09,-0.02,2.01,0.1699999999999999,0.28,0.5,1,1,0
-2.539999999999992,1.0,-5.0800000000000125,0.2099999999999999,0.77,0.1699999999999999,0.0699999999999999,-0.2299999999999999,0.84,0.2,0.5,-7,-8,0
5.0800000000000125,6.0,0.0,0.9899999999999998,-0.2000000000000001,0.2299999999999999,0.0,-1.48,0.38,-0.15,0.3,0,-1,1
-2.5400000000000205,-3.0,-5.0800000000000125,-0.81,-0.02,0.14,-0.0699999999999999,0.9599999999999996,0.0,-0.0799999999999999,0.0,8,7,1
-15.240000000000007,1.0,-7.6200000000000045,-0.4999999999999995,-0.25,-0.0499999999999999,0.05,0.26,-0.15,0.0,-0.1,-4,5,0
-2.539999999999992,6.0,-2.539999999999992,-0.97,0.1799999999999997,0.0499999999999999,-0.0199999999999999,-1.0199999999999998,-0.17,-0.36,2.0,24,5,1
15.240000000000007,0.0,7.6200000000000045,1.46,-0.3899999999999997,-0.02,0.1699999999999999,-2.21,-0.1299999999999999,1.0,0.3,5,5,0
5.0800000000000125,-8.0,0.0,-1.17,-0.7199999999999998,-0.0299999999999999,-0.02,3.16,0.12,0.02,0.7,-3,-2,1
-7.6200000000000045,2.0,-12.699999999999989,-0.2799999999999998,-1.02,0.15,0.0999999999999999,2.26,-0.09,-0.47,2.3,5,0,1
-2.539999999999992,-1.0,-2.539999999999992,-0.03,-0.07,0.07,0.0799999999999999,0.7599999999999999,-0.19,0.34,-0.8,-4,2,1
-12.700000000000015,-4.0,-5.0800000000000125,0.27,-0.7200000000000002,0.0299999999999999,0.03,1.43,0.19,0.2,-0.2,0,-3,1
-5.079999999999984,7.0,2.539999999999992,0.3500000000000001,0.1299999999999999,0.0,-0.15,0.5099999999999999,0.15,0.19,0.1,17,0,1
15.240000000000007,-8.0,2.539999999999992,-1.2999999999999998,0.4100000000000001,-0.1,-0.0699999999999999,0.03,-0.2,-0.2,-2.0,-6,-8,0
2.539999999999992,0.0,-2.539999999999992,0.0299999999999998,1.39,-0.03,-0.05,-0.8199999999999998,-0.01,-0.15,0.8999999999999999,13,10,0
-2.5400000000000205,6.0,7.619999999999976,0.8700000000000001,1.2900000000000005,-0.07,0.02,-1.16,-0.07,0.1799999999999999,-1.5000000000000002,2,8,1
12.699999999999989,-2.0,0.0,0.0899999999999998,0.5,0.02,0.03,0.1399999999999999,0.02,0.01,0.1999999999999999,-15,-9,0
2.539999999999992,-2.0,-2.539999999999992,-2.5000000000000004,-1.35,0.0499999999999999,-0.01,1.98,0.08,0.32,1.2,3,3,0
-10.159999999999997,0.0,-7.6200000000000045,0.1200000000000001,-1.09,0.05,-0.07,1.0699999999999998,-0.03,-0.24,0.5,4,-8,1
2.5400000000000205,-1.0,0.0,0.08,1.62,-0.02,-0.22,0.4299999999999999,-0.07,-0.07,0.1999999999999999,5,6,1
0.0,-3.0,2.539999999999992,0.5,0.3000000000000002,0.09,0.08,1.2,0.15,0.69,-1.2,0,0,1
-5.079999999999984,1.0,-2.5400000000000205,-0.69,0.5699999999999998,0.0699999999999999,-0.06,4.640000000000001,-0.24,-0.03,0.7,-10,-11,1
0.0,-1.0,0.0,-1.38,-0.1799999999999999,-0.0799999999999999,-0.0999999999999999,0.2399999999999997,0.0999999999999999,-0.1099999999999999,1.8,2,-3,1
2.539999999999992,-5.0,-7.6200000000000045,-0.4499999999999997,-0.4599999999999999,-0.09,0.03,0.5099999999999998,0.09,0.1899999999999999,-0.6,0,-4,1
-2.539999999999992,-2.0,5.079999999999984,-1.51,-0.79,0.05,-0.0699999999999999,-1.27,-0.07,-0.39,-0.4,12,8,1
-2.539999999999992,5.0,-7.6200000000000045,-1.1999999999999995,-0.1800000000000001,-0.0499999999999999,-0.13,0.09,0.0699999999999999,-0.36,2.0,2,2,0
0.0,8.0,5.079999999999984,0.9700000000000002,-0.0899999999999998,0.13,0.0,0.4399999999999999,0.08,-0.02,-0.1999999999999999,7,4,0
5.079999999999984,-14.0,0.0,1.0099999999999998,-0.04,-0.03,0.02,-0.03,0.12,0.18,-1.1,-8,-10,1
-7.6200000000000045,10.0,-10.160000000000023,-0.3400000000000003,0.27,0.0199999999999999,0.0999999999999999,1.47,-0.0499999999999999,0.08,-0.4,-6,0,0
-2.5400000000000205,-1.0,0.0,1.1899999999999995,0.5800000000000001,0.12,0.17,1.27,0.23,0.76,-1.6,-10,-6,1
-10.159999999999997,5.0,-2.5400000000000205,1.2999999999999998,-0.3800000000000003,0.0299999999999999,0.08,-1.96,-0.1499999999999999,-0.16,0.5,17,9,1
-5.0800000000000125,-3.0,2.539999999999992,0.8700000000000001,1.6300000000000003,0.03,-0.0899999999999999,0.75,0.04,-0.0799999999999999,0.0999999999999999,1,1,1
0.0,7.0,0.0,-1.5399999999999996,-4.1,0.07,0.01,3.05,0.22,0.06,0.3999999999999999,5,-8,1
2.539999999999992,-5.0,5.0800000000000125,1.2600000000000002,0.02,-0.07,0.0599999999999999,1.2799999999999998,0.12,0.25,-0.7000000000000001,-11,-7,1
2.5400000000000205,4.0,0.0,-0.08,-0.6800000000000002,-0.0199999999999999,0.0799999999999999,-0.1699999999999999,0.12,0.0899999999999999,-0.2,13,2,0
5.0800000000000125,5.0,-10.160000000000023,0.7000000000000002,-0.8999999999999999,-0.18,0.14,-1.2599999999999998,-0.0499999999999999,0.0899999999999999,-1.2,7,1,1
0.0,9.0,2.539999999999992,-0.2299999999999999,1.49,0.03,-0.1099999999999999,-0.8999999999999999,-0.09,-0.26,0.1999999999999999,-4,7,1
-2.539999999999992,-3.0,0.0,1.54,0.78,-0.0999999999999999,-0.0299999999999999,-2.3400000000000003,0.03,-0.3299999999999999,0.4,10,10,1
-2.539999999999992,-4.0,-2.5400000000000205,0.92,-0.7999999999999998,0.06,0.06,-1.16,0.3,0.19,-1.7,21,11,1
2.539999999999992,7.0,5.0800000000000125,-0.8700000000000001,-0.69,-0.1999999999999999,0.07,0.3699999999999999,-0.0399999999999999,-0.02,1.0,-18,-9,0
2.5400000000000205,3.0,0.0,-1.0100000000000002,-0.29,-0.1099999999999999,0.07,-0.07,0.13,-0.1599999999999999,1.2999999999999998,-11,-8,1
2.5400000000000205,-13.0,2.539999999999992,-0.2200000000000002,0.6200000000000001,-0.09,-0.01,-3.0,-0.08,-0.0199999999999999,-0.5,8,5,0
5.0800000000000125,2.0,5.079999999999984,1.42,-2.16,0.13,0.14,0.5,0.45,-0.2099999999999999,0.2,-5,1,1
20.319999999999993,4.0,12.699999999999989,0.6099999999999999,-2.26,0.04,-0.0499999999999999,2.3,0.56,-0.24,0.0,19,3,1
-2.539999999999992,4.0,2.5400000000000205,-2.28,-0.6199999999999999,0.15,-0.1599999999999999,1.7000000000000006,-0.06,0.0899999999999999,-0.9,0,-1,1
7.6200000000000045,2.0,12.699999999999989,1.61,-0.1600000000000001,0.05,0.04,-1.0200000000000002,-0.0299999999999999,0.0999999999999999,0.9,2,6,1
-2.539999999999992,-8.0,7.6200000000000045,-0.73,-0.33,-0.1599999999999999,-0.18,3.26,0.66,-0.05,1.5000000000000002,-4,-2,0
2.539999999999992,-3.0,2.539999999999992,1.58,-0.5300000000000002,0.0,0.0999999999999999,-1.3899999999999997,0.12,-0.0999999999999999,0.2,1,-2,1
2.5400000000000205,-5.0,0.0,-0.3800000000000003,0.4499999999999999,0.08,-0.12,0.1899999999999999,-0.08,-0.1799999999999999,0.7000000000000002,17,11,0
-5.079999999999984,0.0,-5.079999999999984,0.71,1.9499999999999995,-0.0299999999999999,0.11,0.04,-0.0499999999999999,-0.2899999999999999,1.1,15,10,1
5.0800000000000125,-3.0,0.0,-1.5499999999999998,0.1400000000000001,-0.2699999999999999,-0.1299999999999999,1.72,0.07,-0.35,2.5,5,2,0
2.539999999999992,-1.0,0.0,-0.96,0.1800000000000001,-0.06,0.0099999999999998,-0.3499999999999998,-0.0399999999999999,-0.3599999999999999,0.4,5,3,1
7.619999999999976,-2.0,0.0,1.99,-2.42,0.07,0.1299999999999999,-0.39,0.1599999999999999,0.48,0.0,21,14,1
7.619999999999976,9.0,-5.079999999999984,-0.1100000000000003,0.1999999999999997,0.0,-0.03,1.12,-0.1699999999999999,-0.39,-0.1,-9,-7,0
17.78,6.0,10.160000000000023,-0.31,-0.7399999999999998,-0.0299999999999999,0.05,1.0400000000000005,-0.1099999999999999,-0.05,0.7000000000000001,-5,-1,1
-2.539999999999992,0.0,-2.539999999999992,1.32,0.1899999999999999,0.08,-0.06,0.6799999999999997,0.0499999999999999,-0.04,-0.4,-14,-5,1
0.0,1.0,-7.619999999999976,-1.77,0.0199999999999995,-0.04,-0.05,0.24,0.0,-0.2299999999999999,0.7,-22,-13,0
7.619999999999976,8.0,0.0,-1.2599999999999998,-1.7400000000000002,0.1399999999999999,0.09,0.13,0.15,-0.08,0.6,22,10,0
-10.160000000000023,-5.0,2.5400000000000205,-1.29,0.4599999999999999,0.06,-0.0399999999999999,2.22,-0.01,-0.2099999999999999,0.3999999999999999,-13,-3,0
2.5400000000000205,5.0,-2.539999999999992,0.77,0.3700000000000001,-0.06,0.13,0.9500000000000002,-0.64,-0.14,-0.5,5,0,1
-2.539999999999992,-2.0,0.0,2.48,1.16,0.14,0.03,-0.6499999999999999,-0.3,0.0799999999999999,1.4,21,2,1
-5.0800000000000125,2.0,-7.6200000000000045,0.8899999999999997,0.8599999999999994,-0.1099999999999999,0.09,0.12,-0.15,-0.0999999999999999,-0.4,-1,8,1
7.6200000000000045,-9.0,10.160000000000023,1.4300000000000002,0.2099999999999999,-0.01,-0.12,1.66,-0.01,0.07,-0.3999999999999999,11,-3,1
-2.539999999999992,-5.0,0.0,-1.8900000000000008,-2.79,-0.01,0.0699999999999999,4.930000000000001,0.27,-0.12,0.2,-17,-4,0
-5.079999999999984,5.0,-7.6200000000000045,-0.4099999999999997,-0.4300000000000001,-0.1399999999999999,0.0699999999999999,2.52,-0.14,0.07,-0.5000000000000001,14,11,1
5.0800000000000125,-3.0,-5.0800000000000125,-0.2799999999999998,0.5800000000000001,0.18,-0.1499999999999999,1.55,-0.53,0.0899999999999999,-2.3,15,12,1
-10.159999999999997,2.0,-7.6200000000000045,2.32,0.4999999999999995,0.1799999999999999,0.02,-2.2,0.1599999999999999,0.0899999999999999,0.6,12,5,0
2.539999999999992,0.0,7.6200000000000045,-1.51,0.48,-0.06,-0.2099999999999999,-1.16,-0.38,-0.28,0.0999999999999999,-20,-16,0
5.0800000000000125,-7.0,-5.079999999999984,-1.99,1.2399999999999998,0.0699999999999999,-0.0999999999999999,0.92,-0.2099999999999999,-0.4299999999999999,2.1,-1,-8,0
10.159999999999997,2.0,7.619999999999976,0.6099999999999999,0.5900000000000003,0.06,0.0699999999999999,-1.48,0.74,0.41,0.3,4,1,1
-12.700000000000015,0.0,-7.6200000000000045,-0.48,0.5100000000000002,-0.0899999999999999,0.17,1.37,0.12,-0.01,0.0999999999999999,4,8,1
2.539999999999992,-2.0,-2.539999999999992,-0.8800000000000003,-0.5500000000000003,0.08,-0.18,-0.03,-0.4,-0.43,0.0999999999999999,0,0,1
-7.6200000000000045,-2.0,0.0,-0.4399999999999999,-1.29,0.12,-0.0599999999999999,-1.48,0.22,-0.18,0.1,25,4,1
15.240000000000007,-3.0,7.6200000000000045,0.0,-0.9500000000000002,0.1099999999999999,-0.08,0.8800000000000001,0.13,-0.1099999999999999,1.9,-4,-3,1
12.700000000000015,-5.0,12.699999999999989,0.1899999999999999,-0.2699999999999996,0.06,0.04,-0.6499999999999999,-0.22,-0.1999999999999999,1.5,15,6,0
-2.539999999999992,1.0,0.0,-0.0699999999999998,1.25,0.0,0.0,-1.82,0.12,0.0,-0.6000000000000001,4,6,0
-2.539999999999992,0.0,0.0,1.59,0.0299999999999998,0.07,0.0299999999999999,-0.4599999999999999,-0.18,0.0799999999999999,-0.5,-13,-6,1
25.40000000000001,6.0,15.23999999999998,0.5499999999999998,0.2000000000000001,-0.11,0.0699999999999999,-3.35,-0.56,-0.48,1.1,17,6,0
12.699999999999989,-2.0,15.240000000000007,-0.6200000000000001,-0.5,-0.09,-0.0299999999999999,-0.96,0.1099999999999999,-0.0299999999999999,0.8999999999999999,2,4,0
0.0,-2.0,5.0800000000000125,-0.24,-0.8700000000000001,-0.02,0.04,1.59,0.17,0.81,-0.8,16,6,1
15.240000000000007,-9.0,15.23999999999998,-0.6600000000000001,0.5299999999999998,-0.01,-0.04,-0.02,0.27,-0.0499999999999999,0.5999999999999999,0,-4,1
5.079999999999984,5.0,2.5400000000000205,-2.01,0.4200000000000004,0.07,-0.0799999999999999,-1.06,-0.0799999999999999,-0.78,-0.5,-17,0,0
10.159999999999997,-3.0,-2.539999999999992,1.3299999999999996,-0.4000000000000001,0.17,0.1599999999999999,1.33,0.45,0.48,-0.0999999999999998,-5,-7,1
5.0800000000000125,-4.0,-2.539999999999992,-0.5100000000000002,-0.4399999999999995,0.04,-0.0899999999999999,0.24,-0.12,0.2,-0.8,11,-4,1
-2.539999999999992,-15.0,0.0,-0.2600000000000002,0.04,-0.0399999999999999,0.02,-1.5699999999999998,0.19,0.17,-0.0999999999999999,5,-3,1
7.6200000000000045,5.0,2.539999999999992,-0.7600000000000002,-0.1599999999999999,0.0399999999999999,-0.06,0.8799999999999999,0.21,0.4499999999999999,-1.2,5,2,1
12.699999999999989,2.0,-2.539999999999992,-0.5900000000000003,0.5299999999999998,-0.02,-0.03,1.25,-0.09,-0.32,0.5,-12,-2,0
0.0,4.0,0.0,0.8200000000000003,0.9700000000000002,0.03,-0.0999999999999999,-0.72,-0.1699999999999999,-0.47,0.9,3,9,0
-12.699999999999989,-9.0,-7.6200000000000045,-1.3699999999999997,-0.8999999999999999,0.0,-0.04,1.65,0.29,0.1999999999999999,0.0,17,9,1
-2.539999999999992,0.0,-2.539999999999992,-1.07,1.38,-0.35,-0.2299999999999999,0.1400000000000001,-0.09,-0.4399999999999999,0.8,1,5,0
0.0,-8.0,7.619999999999976,0.1999999999999997,0.1499999999999999,0.0,-0.12,-0.8399999999999999,-0.25,-0.37,0.5,13,5,1
10.159999999999997,2.0,5.0800000000000125,-1.2899999999999998,-0.29,0.13,-0.1299999999999999,-0.1200000000000001,-0.3399999999999999,0.0399999999999999,0.1,4,8,1
-12.699999999999989,4.0,-15.23999999999998,-0.31,0.2299999999999999,-0.03,0.12,1.0,0.35,0.6699999999999999,-1.2,8,7,0
10.159999999999997,-8.0,0.0,0.4199999999999999,-1.0099999999999998,-0.0099999999999999,0.13,2.35,-0.06,0.0999999999999999,-0.2,-6,-6,1
10.159999999999997,-1.0,5.0800000000000125,0.79,-1.61,0.12,0.0899999999999999,1.7000000000000002,0.2199999999999999,0.42,0.1999999999999999,-3,-4,1
0.0,-2.0,7.619999999999976,-2.6,0.2000000000000001,-0.09,-0.0899999999999999,0.61,0.28,-0.41,0.3999999999999999,9,10,0
10.159999999999997,-7.0,-7.6200000000000045,1.16,-0.2700000000000004,0.1699999999999999,0.0,0.3999999999999999,0.18,0.3,0.0999999999999999,-1,-5,1
-2.539999999999992,-3.0,-2.539999999999992,0.91,-1.72,-0.06,0.22,-3.34,0.2799999999999999,0.7,-0.7,-7,-1,0
2.539999999999992,-8.0,2.5400000000000205,1.25,-0.5499999999999998,0.0499999999999999,0.1699999999999999,-1.58,0.18,0.14,-1.4,13,10,0
-2.539999999999992,-6.0,2.539999999999992,0.71,-0.7699999999999998,-0.0499999999999999,0.0799999999999999,-0.27,-0.12,0.2199999999999999,0.9,9,-3,1
2.5400000000000205,-6.0,5.079999999999984,0.1200000000000001,-0.3000000000000002,0.0299999999999999,0.0599999999999999,0.8900000000000001,-0.3399999999999999,0.15,0.7999999999999999,8,-1,1
0.0,10.0,2.539999999999992,-1.97,0.02,0.0999999999999999,0.06,-1.1399999999999997,-0.26,-0.1699999999999999,2.0,9,4,0
-15.240000000000007,5.0,-5.0800000000000125,1.4700000000000002,1.6,-0.06,0.13,0.8000000000000003,0.0,0.2299999999999999,-4.5,2,-1,1
2.5400000000000205,-5.0,7.6200000000000045,-1.64,-0.0699999999999998,0.02,-0.2,-2.76,0.2599999999999999,-0.2899999999999999,-0.5,2,2,0
-20.32000000000002,6.0,-7.6200000000000045,-0.7200000000000002,0.5699999999999998,-0.0699999999999999,-0.0999999999999999,0.0799999999999998,0.0299999999999999,-0.4599999999999999,0.1999999999999999,0,13,0
-5.079999999999984,5.0,-2.5400000000000205,-0.75,-1.17,0.11,-0.04,1.2,-0.03,-0.28,0.7000000000000001,11,-5,1
7.6200000000000045,-11.0,0.0,-0.1,0.1899999999999999,0.0999999999999999,-0.12,-0.4899999999999997,-0.06,-0.32,1.7,28,12,1
0.0,-2.0,2.539999999999992,-0.6800000000000002,0.7400000000000002,-0.13,-0.06,-0.2000000000000001,0.03,-0.2299999999999999,1.0,-21,-11,0
-12.700000000000015,8.0,-5.079999999999984,-0.81,-0.3300000000000003,0.13,0.06,-2.13,-0.06,0.06,-0.1,25,6,0
0.0,-1.0,0.0,2.8600000000000003,2.61,0.1399999999999999,-0.07,0.09,-0.0499999999999999,0.2099999999999999,-0.6000000000000001,7,3,1
0.0,-6.0,-5.079999999999984,0.2399999999999997,1.9299999999999995,-0.01,-0.08,-0.02,0.0499999999999999,0.2199999999999999,-0.1,8,-1,1
0.0,-1.0,0.0,-0.7200000000000002,-1.64,0.0399999999999999,0.01,1.94,0.03,-0.3899999999999999,-0.3,-14,-9,0
-2.539999999999992,4.0,-5.0800000000000125,0.5000000000000002,-0.5699999999999998,0.12,0.0,-1.1800000000000002,0.01,-0.2300000000000001,0.0,-17,-7,0
2.539999999999992,2.0,-2.539999999999992,0.08,0.4100000000000001,-0.09,-0.0899999999999999,-3.31,-0.02,-0.1799999999999999,-0.2,3,1,0
12.700000000000015,-6.0,12.700000000000015,-0.8900000000000001,0.3199999999999998,0.0,-0.19,-0.6299999999999999,0.0299999999999999,0.03,0.8,-12,-4,1
0.0,1.0,-5.079999999999984,-0.5300000000000002,-0.2599999999999998,-0.0499999999999999,-0.0599999999999999,-0.3500000000000001,-0.1699999999999999,-0.32,-1.2,11,6,1
12.699999999999989,-6.0,5.0800000000000125,-0.4700000000000002,0.3200000000000003,-0.04,-0.0299999999999999,0.3799999999999999,0.25,0.05,0.6,3,3,0
-15.240000000000007,3.0,-5.0800000000000125,0.98,-0.4700000000000002,0.0399999999999999,0.0899999999999999,-1.42,0.35,-0.03,-0.8,4,4,0
10.160000000000023,2.0,2.5400000000000205,0.31,0.5099999999999998,-0.12,0.13,-1.24,0.0599999999999999,0.31,0.4999999999999999,-9,-7,1
-15.240000000000007,-13.0,-10.159999999999997,-0.4299999999999997,3.979999999999999,-0.3699999999999999,-0.0499999999999999,-0.5199999999999999,-0.53,0.27,0.4999999999999999,-12,-4,0
-2.539999999999992,-3.0,-5.079999999999984,-0.52,0.48,0.02,-0.02,-0.2000000000000001,0.06,-0.24,2.0,16,6,0
-5.079999999999984,-5.0,-7.6200000000000045,-0.04,-0.3399999999999998,0.06,0.02,1.37,0.0899999999999999,0.2,-0.3999999999999999,10,0,0
-5.0800000000000125,0.0,0.0,0.1800000000000001,0.6600000000000001,-0.12,0.0699999999999999,0.48,0.3399999999999999,0.4499999999999999,-0.6,10,4,1
0.0,4.0,0.0,-1.6899999999999995,1.58,-0.03,-0.25,0.3800000000000001,0.05,-0.36,1.9,12,6,0
17.78,-2.0,12.699999999999989,-0.09,-0.1300000000000001,-0.12,-0.0299999999999999,-1.3800000000000003,-0.13,0.43,-4.1,3,-2,0
5.0800000000000125,-7.0,0.0,1.17,0.0699999999999998,-0.0999999999999999,0.1099999999999999,0.21,-0.07,0.0,0.1999999999999999,10,0,1
2.539999999999992,1.0,10.160000000000023,-1.2600000000000002,-0.1499999999999999,-0.0499999999999999,0.02,1.4499999999999995,-0.01,-0.12,1.3,-9,-4,0
12.699999999999989,-6.0,2.539999999999992,-1.44,-0.8899999999999997,0.0399999999999999,-0.0199999999999999,1.0,-0.32,0.0599999999999999,-2.3,20,0,1
-2.539999999999992,-7.0,2.5400000000000205,0.3399999999999998,0.8700000000000001,-0.06,-0.0799999999999999,-1.26,-0.35,-0.09,-0.3,2,3,0
2.539999999999992,-8.0,2.539999999999992,0.5100000000000002,1.06,-0.0299999999999999,-0.02,0.0699999999999999,0.0499999999999999,0.15,-0.8,-4,7,1
10.159999999999997,-5.0,7.6200000000000045,-0.0099999999999997,0.5399999999999996,-0.1099999999999999,-0.1099999999999999,-1.22,0.02,0.25,0.2,2,-1,1
2.5400000000000205,2.0,0.0,-0.7200000000000002,-0.2299999999999999,-0.01,-0.02,-0.8099999999999998,-0.07,-0.1799999999999999,0.3,-10,-5,1
-10.159999999999997,2.0,-10.159999999999997,1.46,-0.27,0.12,0.04,-0.6799999999999999,0.37,0.64,-0.3999999999999999,-8,10,1
7.6200000000000045,2.0,5.0800000000000125,1.4599999999999995,-0.7800000000000002,0.1499999999999999,0.0999999999999999,-0.52,0.17,0.1599999999999999,0.2,8,-3,1
2.5400000000000205,-4.0,5.0800000000000125,0.2800000000000002,0.7400000000000002,-0.08,-0.01,-0.26,-0.18,-0.06,0.0,-10,0,1
25.40000000000001,-4.0,5.079999999999984,1.4700000000000002,0.8300000000000003,0.1399999999999999,-0.0699999999999999,-1.4400000000000002,0.01,0.1499999999999999,0.0999999999999999,4,-4,1
-5.079999999999984,-3.0,-2.5400000000000205,1.2300000000000002,0.98,0.0499999999999999,0.0499999999999999,2.04,0.47,0.3399999999999999,-1.0,22,11,1
33.01999999999998,-1.0,10.159999999999997,1.29,-1.2899999999999998,0.0999999999999999,0.16,-1.62,-0.62,-0.69,1.2000000000000002,24,-2,1
7.619999999999976,1.0,10.159999999999997,1.19,1.8700000000000008,0.09,-0.0599999999999999,-0.1800000000000001,-0.2699999999999999,0.43,-0.3,22,12,1
-5.0800000000000125,-10.0,0.0,0.77,-0.71,0.0999999999999999,0.03,2.94,0.19,0.51,-1.2,1,-9,1
0.0,10.0,2.539999999999992,-1.3400000000000003,0.3499999999999998,-0.09,-0.1,-2.94,-0.3400000000000001,-0.2,-0.5,-9,3,0
7.6200000000000045,-3.0,10.159999999999997,0.8000000000000003,-0.9599999999999996,-0.15,0.0499999999999999,1.0100000000000002,0.3099999999999999,-0.48,-3.3,0,3,1
-7.6200000000000045,3.0,-5.0800000000000125,-1.1,-0.6600000000000001,-0.0499999999999999,0.0999999999999999,1.71,0.1599999999999999,0.14,-0.6000000000000001,2,2,1
2.539999999999992,-2.0,-2.5400000000000205,-2.37,-1.69,0.01,0.05,-0.52,0.3,-0.18,-0.8,14,9,1
15.240000000000007,5.0,-2.539999999999992,0.7599999999999998,-1.3499999999999996,0.03,0.18,-1.72,-0.33,-0.2999999999999999,-0.2,-9,-8,1
-10.159999999999997,-1.0,-12.699999999999989,0.6499999999999999,1.7099999999999995,0.0799999999999999,0.0899999999999999,-0.8,0.09,0.12,0.8,5,-1,1
-2.539999999999992,2.0,-5.079999999999984,-2.1999999999999997,-1.7299999999999995,0.16,0.0499999999999999,-0.48,-0.18,0.01,0.2,-9,-7,1
12.699999999999989,-1.0,7.619999999999976,-0.1699999999999999,0.31,-0.1699999999999999,0.0799999999999999,-1.5299999999999998,-0.01,-0.18,0.3,5,1,0
-2.539999999999992,-11.0,7.6200000000000045,-1.1700000000000002,0.1600000000000001,-0.0799999999999999,0.01,1.74,-0.28,-0.5499999999999999,1.8,-26,-12,0
2.539999999999992,-8.0,2.539999999999992,-0.6400000000000001,2.96,-0.28,-0.15,-0.6900000000000002,0.18,-0.35,-0.5,0,9,1
-7.6200000000000045,-9.0,0.0,-1.39,-0.6800000000000002,-0.07,-0.0999999999999999,-0.3700000000000001,-0.08,-0.42,1.2999999999999998,2,2,1
15.240000000000007,-5.0,15.23999999999998,-0.92,1.59,-0.12,-0.04,-0.2300000000000001,0.06,-0.0899999999999999,-0.6000000000000001,-3,-2,0
-2.5400000000000205,0.0,-5.079999999999984,-0.4099999999999997,0.2200000000000002,0.0,-0.0699999999999999,1.02,0.29,-0.0699999999999999,0.5,10,5,0
0.0,-4.0,-5.0800000000000125,2.45,1.88,-0.0399999999999999,-0.0599999999999999,-1.88,-0.13,-0.3,0.7000000000000001,0,9,0
0.0,-3.0,0.0,-1.17,-0.5100000000000002,-0.0799999999999999,0.01,1.9,-0.29,0.04,-0.2,3,7,1
2.539999999999992,-13.0,-2.5400000000000205,0.4499999999999997,0.2599999999999998,0.01,-0.07,-0.4400000000000001,-0.0999999999999999,0.18,-1.0,6,8,1
-5.0800000000000125,0.0,-5.0800000000000125,4.01,0.6500000000000004,0.1,0.03,-0.6399999999999999,0.0,0.47,-0.8000000000000003,16,3,1
-5.0800000000000125,11.0,-10.159999999999997,-0.6099999999999999,0.7800000000000002,0.02,-0.15,0.6799999999999999,0.2099999999999999,-0.21,0.5,-5,8,0
7.6200000000000045,7.0,0.0,0.2599999999999998,-0.1399999999999996,0.01,0.02,2.05,-0.0399999999999999,0.01,0.0,7,2,0
2.5400000000000205,6.0,-2.539999999999992,-2.48,-0.3399999999999998,-0.43,-0.06,0.97,0.1699999999999999,-0.0399999999999999,1.5,6,3,1
7.6200000000000045,-4.0,2.539999999999992,1.99,-0.8700000000000001,0.17,0.0899999999999999,1.7000000000000002,0.26,0.1899999999999999,0.7000000000000001,9,-9,1
7.6200000000000045,-11.0,10.159999999999997,2.27,1.56,0.0299999999999999,-0.06,-1.56,0.06,0.22,-2.5,16,6,1
-7.6200000000000045,6.0,-5.0800000000000125,-0.5800000000000001,-0.0099999999999997,-0.11,0.0699999999999999,-0.7399999999999998,0.0399999999999999,-0.07,-1.0000000000000002,3,8,1
0.0,-3.0,-2.539999999999992,-1.3400000000000003,-1.0,-0.0399999999999999,0.03,1.55,0.07,-0.07,1.6,12,4,0
-5.079999999999984,-1.0,5.079999999999984,1.58,0.3399999999999998,-0.09,0.1099999999999999,-1.99,0.1099999999999999,0.0999999999999999,-0.1,-1,2,1
2.539999999999992,4.0,-2.539999999999992,-0.5999999999999999,-0.27,0.06,0.01,0.3500000000000001,-0.21,-0.1399999999999999,0.4999999999999998,37,8,0
-2.539999999999992,5.0,-12.699999999999989,0.0999999999999996,-1.19,0.0299999999999999,0.1399999999999999,3.0999999999999996,-0.14,0.06,-2.8,0,-2,1
0.0,-10.0,2.539999999999992,-0.8300000000000001,-0.9899999999999998,0.0299999999999999,-0.0999999999999999,3.1199999999999997,0.32,0.2299999999999999,0.0999999999999999,-6,-3,0
-5.0800000000000125,-7.0,-5.079999999999984,1.93,2.01,0.05,-0.0499999999999999,-2.1100000000000003,0.0499999999999999,0.0499999999999999,-0.6,8,0,0
2.5400000000000205,1.0,5.079999999999984,-1.5799999999999996,-0.2000000000000001,0.0,-0.0099999999999998,1.3199999999999998,-0.2399999999999999,-0.01,0.3,-7,-9,1
12.699999999999989,1.0,10.159999999999997,0.5099999999999998,-1.25,-0.07,0.12,0.45,0.11,0.0899999999999999,0.8,-13,-4,1
17.78,-5.0,12.700000000000015,0.51,0.33,-0.02,-0.0899999999999999,-2.0,0.21,-0.0499999999999999,0.7,-5,6,0
-5.0800000000000125,1.0,0.0,-0.3099999999999996,1.8200000000000005,0.04,-0.0899999999999999,1.3000000000000005,-0.0199999999999999,0.0,-0.6000000000000001,-1,-1,0
5.0800000000000125,-3.0,-10.160000000000023,1.7499999999999996,1.7599999999999998,0.13,0.0699999999999999,-0.12,-0.08,0.18,-0.3,3,4,0
5.0800000000000125,1.0,5.079999999999984,0.9500000000000002,0.6799999999999997,-0.03,0.0,-1.64,0.02,-0.06,-0.3,6,3,0
-17.78,4.0,-17.78,-1.66,-0.3900000000000001,0.1,0.12,-0.3199999999999999,-0.14,-0.0499999999999999,0.9000000000000001,-2,1,0
-15.240000000000007,4.0,-7.619999999999976,0.6199999999999999,0.2199999999999999,0.0799999999999999,0.0299999999999999,-1.81,0.0499999999999999,0.32,0.0,-12,-1,0
-2.5400000000000205,0.0,0.0,0.6600000000000001,0.9399999999999996,0.01,-0.0599999999999999,0.31,-0.0899999999999999,-0.02,-0.3,13,4,1
7.619999999999976,5.0,0.0,-0.6199999999999997,-1.84,0.05,-0.03,1.7600000000000002,-0.05,-0.39,0.7,29,-5,0
12.699999999999989,-4.0,5.0800000000000125,-0.08,-1.5699999999999998,-0.1599999999999999,0.15,1.5400000000000005,0.0399999999999999,0.13,-0.2,-4,-9,1
0.0,7.0,0.0,-0.2299999999999999,-2.8699999999999997,-0.12,0.13,-0.0700000000000002,-0.14,-0.01,-0.3999999999999999,-14,-9,1
10.159999999999997,4.0,7.6200000000000045,0.4599999999999999,1.29,0.16,-0.0999999999999999,-1.99,-0.1399999999999999,0.26,-0.5,-1,9,0
5.079999999999984,3.0,0.0,0.48,0.27,0.01,-0.0099999999999998,0.6099999999999999,0.05,0.26,-0.0999999999999999,-2,-1,0
0.0,-7.0,2.5400000000000205,1.37,0.2299999999999999,-0.03,0.1499999999999999,3.4799999999999995,0.29,0.3399999999999999,-1.1,-29,-9,0
0.0,0.0,-5.0800000000000125,0.27,-0.9500000000000002,-0.06,0.15,-1.4299999999999995,0.14,0.1599999999999999,-0.2999999999999999,-14,-4,0
-2.539999999999992,2.0,-5.0800000000000125,0.6499999999999999,0.0699999999999998,0.1099999999999999,-0.0499999999999999,-0.1099999999999998,0.12,-0.14,0.3,1,7,0
-7.619999999999976,3.0,-12.700000000000015,1.35,-1.9000000000000004,-0.01,0.14,0.87,0.32,-0.0899999999999999,0.3,2,0,1
0.0,6.0,-5.079999999999984,2.57,0.6499999999999999,0.06,0.02,-0.96,-0.0499999999999999,-0.17,-0.2,-11,-2,1
-10.159999999999997,6.0,-5.0800000000000125,1.6800000000000002,0.4399999999999999,0.02,-0.01,-1.17,-0.25,0.3799999999999999,-0.1,11,4,1
-15.23999999999998,6.0,-10.159999999999997,1.79,-0.7200000000000002,-0.06,0.0699999999999999,-0.77,-0.2,-0.12,-0.9,15,11,1
7.6200000000000045,1.0,7.619999999999976,1.37,-2.7,0.02,0.26,-0.55,0.08,0.41,-1.6,-3,1,1
2.539999999999992,6.0,0.0,0.5,-0.0499999999999998,-0.03,0.18,-1.47,0.25,0.1599999999999999,0.5999999999999999,-3,3,0
7.6200000000000045,0.0,5.079999999999984,1.45,0.7199999999999998,0.1099999999999999,-0.01,2.88,0.55,-0.14,-1.4,-1,1,0
10.159999999999997,5.0,5.0800000000000125,-2.8400000000000003,-0.2200000000000002,0.15,-0.0699999999999999,-1.23,0.1,-0.25,0.0999999999999999,-9,0,0
0.0,4.0,0.0,-0.77,-1.4799999999999998,-0.06,-0.0599999999999999,0.97,-0.12,-0.43,-0.8,11,2,1
-5.0800000000000125,-1.0,-2.539999999999992,0.98,1.03,-0.02,-0.0699999999999999,0.09,-0.07,-0.1699999999999999,-0.3999999999999999,13,4,1
-5.079999999999984,2.0,5.0800000000000125,-1.1,-0.92,0.04,-0.01,-0.5299999999999998,0.0099999999999999,-0.37,0.6,7,4,0
5.0800000000000125,-3.0,5.079999999999984,0.7999999999999998,-0.7199999999999998,-0.08,0.0,-0.48,0.07,0.0599999999999999,-0.7000000000000001,-7,-6,1
-2.539999999999992,-7.0,-5.079999999999984,1.79,0.69,-0.02,0.01,0.3399999999999998,-0.25,0.3799999999999999,-1.5,1,4,1
2.539999999999992,4.0,-2.539999999999992,0.31,0.7999999999999998,0.06,-0.12,-1.7799999999999998,-0.12,-0.1399999999999999,-1.2,13,5,0
0.0,6.0,5.079999999999984,2.02,-1.48,0.45,0.2,-0.5899999999999999,-0.07,0.14,-1.3,0,-1,0
-5.079999999999984,-5.0,-7.6200000000000045,-0.2700000000000004,-0.3899999999999997,-0.1899999999999999,0.0199999999999999,0.36,0.13,0.2099999999999999,-0.4,9,6,1
5.0800000000000125,-2.0,10.159999999999997,0.02,-0.25,-0.07,-0.0699999999999999,-1.43,-0.2199999999999999,-0.04,0.0,11,10,1
-12.700000000000015,-3.0,-5.0800000000000125,1.41,-0.6000000000000001,-0.06,0.31,1.32,0.71,0.4499999999999999,-1.0,-31,-14,1
0.0,-3.0,7.619999999999976,1.23,-0.91,-0.0299999999999999,0.08,-1.24,-0.24,-0.29,-0.7,16,3,1
-2.539999999999992,2.0,-5.0800000000000125,-1.2000000000000002,0.77,-0.04,-0.04,0.14,-0.11,-0.03,-0.6,-7,-4,0
2.539999999999992,-12.0,2.539999999999992,0.6599999999999997,-1.0399999999999998,-0.0499999999999999,0.02,0.8099999999999998,0.08,-0.0999999999999999,-0.6,-10,-12,0
0.0,2.0,5.079999999999984,0.02,1.1399999999999997,-0.1,-0.1899999999999999,-1.0499999999999998,-0.31,-0.1799999999999999,2.0999999999999996,-7,2,0
5.0800000000000125,13.0,2.539999999999992,0.0299999999999993,-1.7499999999999998,0.3099999999999999,0.0899999999999999,-0.3600000000000001,0.4399999999999999,-0.2999999999999999,-0.2,1,2,0
-12.699999999999989,0.0,-12.699999999999989,1.04,-0.4100000000000001,0.01,0.21,-1.6800000000000002,-0.2,-0.2299999999999999,-0.0999999999999999,11,3,1
5.0800000000000125,-1.0,7.6200000000000045,-1.35,0.0200000000000004,-0.0299999999999999,-0.11,0.08,-0.2399999999999999,0.39,0.5000000000000001,-8,4,0
15.240000000000007,-5.0,2.539999999999992,0.0700000000000002,1.95,-0.03,-0.25,1.83,0.0,-0.24,1.7,-17,0,1
2.539999999999992,7.0,0.0,-0.3899999999999997,0.95,-0.08,-0.12,-2.73,0.0,-0.18,0.4,0,5,0
0.0,0.0,-12.700000000000015,-1.7799999999999998,-0.3899999999999997,-0.06,-0.1199999999999999,1.35,-0.35,-0.17,-1.5,-20,-11,0
-7.6200000000000045,8.0,-10.160000000000023,-3.16,-0.8300000000000001,-0.04,-0.0599999999999999,2.2699999999999996,0.13,-0.2299999999999999,-0.6,18,-5,1
0.0,3.0,0.0,-0.2099999999999999,-1.1999999999999995,0.0,0.08,0.1400000000000001,0.25,-0.04,-0.2,4,-1,1
2.539999999999992,-6.0,5.0800000000000125,1.22,-0.2099999999999999,0.0499999999999999,0.04,1.5299999999999998,0.21,0.29,-1.1,-34,-7,1
17.78,3.0,5.0800000000000125,-1.37,-2.4799999999999995,0.14,0.0999999999999999,-0.48,-0.18,-0.1999999999999999,0.7,-5,-9,1
-22.860000000000017,3.0,-22.859999999999985,1.96,0.4199999999999999,-0.01,-0.01,-1.61,0.15,0.31,-4.0,-4,7,0
7.6200000000000045,0.0,10.159999999999997,0.96,0.2799999999999998,-0.02,-0.0399999999999999,-2.06,0.06,0.7,-3.3,16,11,1
-7.6200000000000045,4.0,-2.5400000000000205,-0.6200000000000001,-0.8900000000000001,-0.09,0.12,-1.0099999999999998,0.0,0.1099999999999999,-1.9,-6,3,0
0.0,0.0,-5.0800000000000125,1.01,0.6700000000000004,0.1099999999999999,-0.05,-2.5,-0.09,-0.44,0.8999999999999999,4,3,1
10.159999999999997,0.0,12.699999999999989,-0.6800000000000002,-0.2099999999999999,-0.07,-0.03,-0.14,0.01,-0.37,1.8,1,-5,1
10.159999999999997,2.0,0.0,1.87,0.6299999999999999,0.1499999999999999,0.08,-0.91,0.2,0.58,-1.3,7,6,1
-10.159999999999997,0.0,-2.539999999999992,2.18,0.1200000000000001,0.0199999999999999,0.04,-1.07,0.05,-0.22,0.0,3,0,0
-5.0800000000000125,0.0,0.0,1.63,0.3499999999999998,-0.01,0.0099999999999998,1.0,0.2799999999999999,0.3899999999999999,0.4,-1,-1,0
-12.700000000000015,5.0,-5.079999999999984,-0.8200000000000003,-0.3500000000000001,0.0,0.02,-1.81,0.0299999999999999,-0.02,-0.5,-11,-4,1
0.0,-9.0,-2.539999999999992,0.28,0.33,0.19,-0.15,2.3699999999999997,-0.0399999999999999,0.11,2.8,-6,2,1
0.0,-9.0,0.0,1.0299999999999998,-0.5700000000000003,0.1,0.08,2.37,-0.4,-0.29,1.8,1,0,1
-5.0800000000000125,-3.0,-7.6200000000000045,1.0100000000000002,-0.3800000000000003,-0.0799999999999999,0.0899999999999999,1.1,-0.24,-0.0899999999999999,-0.2,7,-3,1
-5.0800000000000125,2.0,-5.0800000000000125,-0.1599999999999999,-0.3900000000000001,-0.11,0.27,1.4700000000000002,-0.36,0.0699999999999999,1.0,14,4,1
10.159999999999997,3.0,2.5400000000000205,0.4900000000000002,-0.79,0.08,-0.03,-0.69,-0.1399999999999999,-0.21,0.6000000000000001,1,-1,0
15.23999999999998,-12.0,5.079999999999984,1.85,0.98,0.06,-0.13,-0.55,-0.18,-0.06,-0.0999999999999998,0,2,1
12.699999999999989,3.0,7.6200000000000045,-0.92,1.3200000000000005,-0.1399999999999999,0.01,-3.3,-0.32,0.31,-1.2,-9,-1,0
0.0,3.0,0.0,0.3499999999999998,1.38,0.0399999999999999,-0.19,-1.1800000000000002,0.08,-0.19,1.3,0,5,1
7.6200000000000045,2.0,7.6200000000000045,-0.3799999999999999,1.16,-0.13,-0.02,-0.29,0.18,0.2699999999999999,0.0,-3,-1,0
10.160000000000023,2.0,2.5400000000000205,-0.0300000000000002,0.9499999999999996,0.18,-0.02,-3.31,0.18,0.0299999999999999,0.4,5,-4,1
10.159999999999997,6.0,7.6200000000000045,-1.12,-1.77,0.09,-0.0799999999999999,2.89,-0.0899999999999999,-0.0699999999999999,0.5,7,-8,1
0.0,3.0,-2.539999999999992,-0.8399999999999999,-0.2000000000000001,-0.1399999999999999,0.01,1.18,0.01,0.12,0.0,6,5,1
-2.5400000000000205,3.0,-7.6200000000000045,0.1200000000000001,0.1600000000000001,0.04,-0.0799999999999999,-0.79,0.12,0.0399999999999999,0.0,32,4,1
-10.160000000000023,7.0,-10.159999999999997,-2.31,1.46,-0.1099999999999999,-0.1,0.8399999999999999,-0.2299999999999999,-0.16,0.0,1,5,0
12.699999999999989,-2.0,10.159999999999997,-1.5599999999999996,1.34,-0.0099999999999999,-0.1599999999999999,-1.98,0.02,-0.38,3.1999999999999997,-7,-2,0
-17.78,3.0,-12.700000000000015,-1.7200000000000002,2.11,0.12,-0.2699999999999999,3.01,0.16,-0.4399999999999999,0.4,9,11,0
-2.5400000000000205,-3.0,-2.5400000000000205,1.97,2.4400000000000004,-0.11,0.07,-0.4000000000000003,0.04,-0.0899999999999999,0.3,-1,0,1
7.6200000000000045,-1.0,12.699999999999989,0.3000000000000002,1.58,0.1299999999999999,0.0,-2.6999999999999997,-0.2,0.05,-0.5000000000000002,25,10,1
12.700000000000015,-8.0,12.700000000000015,2.11,1.62,0.06,0.08,-1.59,0.1,0.41,-0.8,-31,-7,0
25.40000000000001,-17.0,10.159999999999997,2.39,0.6000000000000001,0.1299999999999999,0.05,-1.32,-0.01,0.25,0.4,0,-7,1
-10.159999999999997,4.0,-5.0800000000000125,1.06,0.0099999999999997,0.13,-0.03,1.19,-0.1,-0.27,0.0999999999999999,-20,-6,0
2.539999999999992,2.0,-5.079999999999984,-0.3200000000000003,0.25,0.1099999999999999,-0.0899999999999999,0.6600000000000001,0.02,-0.3299999999999999,0.0,-7,-2,0
-5.0800000000000125,-6.0,-2.5400000000000205,-0.1,-1.2200000000000002,0.0,0.05,0.6400000000000001,-0.19,-0.04,0.0999999999999999,-19,-6,0
-2.539999999999992,-4.0,0.0,2.03,0.8299999999999998,0.0299999999999999,0.0699999999999999,-1.85,0.12,-0.22,-0.5,-5,-2,0
-2.539999999999992,3.0,0.0,-0.8999999999999999,1.0099999999999998,-0.0499999999999999,-0.03,-2.33,0.05,-0.7,0.1999999999999999,7,12,0
2.539999999999992,0.0,5.0800000000000125,-0.2200000000000002,-0.3999999999999999,0.0299999999999999,-0.05,-0.87,-0.29,-0.15,0.3,-11,-3,0
2.5400000000000205,2.0,-2.5400000000000205,1.1999999999999995,-0.94,-0.03,0.0499999999999999,-2.62,-0.12,0.0999999999999999,-1.1,-1,-3,1
-7.6200000000000045,5.0,0.0,-0.1,0.08,-0.15,0.01,0.5300000000000002,-0.05,0.01,-1.6,-6,2,0
-5.0800000000000125,1.0,-12.699999999999989,-2.0599999999999996,2.9299999999999997,-0.07,-0.1099999999999999,1.64,-0.0399999999999999,-0.3299999999999999,2.4,16,5,1
2.5400000000000205,-3.0,2.539999999999992,-0.8500000000000001,-1.42,0.25,-0.03,2.48,0.22,0.18,0.5,-7,1,1
-5.0800000000000125,-5.0,2.539999999999992,-0.2299999999999999,-0.75,0.01,-0.0499999999999999,-1.15,-0.26,-0.39,-0.1999999999999999,8,5,1
-17.78,6.0,-2.539999999999992,0.0,0.1099999999999998,-0.1,0.0299999999999999,-0.98,0.09,-0.0799999999999999,1.1,5,-1,1
-5.079999999999984,0.0,-7.6200000000000045,0.6100000000000003,0.1200000000000001,0.01,0.0599999999999999,-0.8,-0.15,0.1099999999999999,0.0,11,3,0
2.539999999999992,2.0,5.0800000000000125,0.1599999999999997,0.5800000000000001,-0.1599999999999999,0.04,-0.5800000000000001,-0.23,-0.1599999999999999,0.8,-2,0,1
5.0800000000000125,-7.0,5.079999999999984,1.5699999999999998,-0.9499999999999996,0.06,0.0999999999999999,1.13,0.28,0.72,-0.1999999999999999,-11,1,1
0.0,-1.0,0.0,0.0,-2.6899999999999995,-0.14,0.09,-1.17,0.4,-0.53,-1.0,3,5,0
-5.0800000000000125,1.0,7.6200000000000045,0.6200000000000001,-0.29,0.0399999999999999,-0.0499999999999999,-1.2,-0.0499999999999999,0.23,0.5999999999999999,8,9,1
-2.539999999999992,2.0,-5.079999999999984,-0.25,-0.3299999999999998,-0.1,0.0599999999999999,0.4100000000000001,0.22,0.29,0.0,1,-1,1
-7.6200000000000045,5.0,-2.5400000000000205,1.54,-0.0699999999999998,0.0899999999999999,0.1099999999999999,-1.16,0.56,0.26,-2.5,11,3,0
-7.6200000000000045,6.0,0.0,0.79,-0.95,-0.03,0.44,-0.6099999999999999,0.4599999999999999,0.3899999999999999,-1.7,-9,-3,1
-2.539999999999992,-3.0,-2.539999999999992,1.94,1.1100000000000003,-0.08,0.0599999999999999,-0.99,-0.3,0.3099999999999999,0.4,14,7,1
0.0,1.0,2.5400000000000205,-0.4399999999999999,-0.8199999999999998,-0.06,-0.02,-1.82,0.1099999999999999,-0.29,0.7,5,3,0
0.0,-6.0,-2.539999999999992,-0.73,0.3400000000000003,-0.1,-0.04,-2.6399999999999997,0.0699999999999999,-0.2999999999999999,0.3,10,6,1
-5.0800000000000125,2.0,2.5400000000000205,-0.7000000000000002,0.3599999999999999,0.1099999999999999,-0.01,-0.1999999999999999,-0.02,-0.05,0.5,1,-2,0
-2.539999999999992,-6.0,-5.0800000000000125,0.2999999999999998,0.0099999999999997,0.12,0.04,-0.1099999999999999,0.1,0.33,-0.8,0,-4,1
-5.079999999999984,2.0,-5.0800000000000125,1.0099999999999998,0.0200000000000004,0.14,0.0,-0.69,-0.35,0.25,0.9000000000000001,-3,8,0
0.0,5.0,2.5400000000000205,-1.1299999999999994,0.6400000000000001,-0.09,-0.0599999999999999,-0.8700000000000001,0.0899999999999999,0.18,-0.7,-8,1,0
-2.5400000000000205,5.0,7.6200000000000045,-0.6100000000000003,-1.65,-0.02,0.04,0.19,0.4,0.02,0.0999999999999999,27,4,1
5.0800000000000125,2.0,-2.539999999999992,-1.5100000000000002,-1.2899999999999998,-0.0299999999999999,0.01,-0.4400000000000001,-0.0999999999999999,-0.15,-0.8,-2,2,0
2.539999999999992,-5.0,5.079999999999984,2.66,2.8499999999999996,-0.0499999999999999,-0.03,0.68,0.34,0.4499999999999999,-0.6,0,-2,1
-2.539999999999992,5.0,5.0800000000000125,-0.0899999999999998,-0.1299999999999999,-0.0299999999999999,-0.0699999999999999,-1.1800000000000002,-0.0099999999999999,-0.5,0.6,13,10,1
-5.0800000000000125,-3.0,-10.160000000000023,-1.62,-1.2400000000000002,0.0199999999999999,0.04,0.05,0.13,-0.2,-0.0999999999999999,-2,-1,0
5.0800000000000125,4.0,-5.0800000000000125,0.2200000000000002,-0.1299999999999999,-0.02,0.0599999999999999,-0.93,0.0,-0.1,-0.9,5,2,0
5.079999999999984,0.0,-7.6200000000000045,-0.3699999999999999,1.1800000000000002,-0.1,0.07,-0.5900000000000001,-0.18,-0.18,0.1,9,4,0
0.0,8.0,2.539999999999992,-0.32,-0.8700000000000001,0.0499999999999999,-0.0799999999999999,-0.26,-0.1,-0.1099999999999999,3.3,-10,-3,1
-2.539999999999992,0.0,-2.539999999999992,0.8099999999999998,2.6799999999999997,0.0999999999999999,-0.2899999999999999,-1.0799999999999998,-0.35,-0.24,-1.7,-5,4,0
5.0800000000000125,6.0,7.6200000000000045,0.0500000000000002,-0.3600000000000003,0.13,-0.04,0.5800000000000001,-0.31,0.0699999999999999,1.2,13,10,1
-5.0800000000000125,1.0,2.539999999999992,1.11,0.0899999999999998,0.17,-0.0799999999999999,-1.46,0.12,0.0,0.1,18,4,0
2.539999999999992,3.0,0.0,2.3000000000000003,-0.3500000000000001,0.02,0.16,-0.6199999999999999,-0.11,0.16,-1.5,16,1,1
12.700000000000015,-9.0,5.0800000000000125,4.38,-0.0299999999999998,-0.0999999999999999,-0.0299999999999999,-3.94,-0.18,0.9,-0.7,-6,0,0
-10.159999999999997,1.0,-7.6200000000000045,0.2299999999999999,-0.5599999999999998,0.05,0.06,1.73,-0.19,-0.37,0.5,-1,-4,0
-7.6200000000000045,6.0,-7.619999999999976,-0.71,1.22,-0.03,-0.0599999999999999,-1.1,-0.19,-0.1399999999999999,-0.0999999999999999,14,11,0
-2.539999999999992,1.0,-10.159999999999997,2.59,1.66,-0.0299999999999999,0.02,-2.3600000000000003,-0.1599999999999999,-0.1099999999999999,-0.3,-16,1,0
-10.159999999999997,-8.0,-10.159999999999997,0.7300000000000004,3.22,-0.3,0.0,-0.6099999999999999,-0.5499999999999999,0.47,0.0999999999999999,-2,-3,0
-2.539999999999992,-7.0,2.5400000000000205,-0.73,1.0699999999999994,-0.15,-0.0599999999999999,0.24,0.25,0.35,-0.7,-6,-3,0
-5.079999999999984,3.0,0.0,-0.98,-1.22,0.03,0.0699999999999999,-0.7999999999999998,0.17,0.26,-0.2999999999999999,-3,-6,0
-7.6200000000000045,5.0,2.5400000000000205,-1.35,-0.1,-0.1099999999999999,0.03,1.5499999999999998,0.0799999999999999,0.0,0.4,-22,-4,1
-2.539999999999992,2.0,0.0,1.0,1.0300000000000002,-0.12,-0.01,-0.5299999999999999,0.0,0.12,-0.3,-8,-7,0
-12.699999999999989,5.0,-2.539999999999992,-1.25,0.6200000000000001,0.0,-0.26,3.1,0.72,-0.19,0.5,-7,-3,0
0.0,5.0,-7.6200000000000045,0.1099999999999998,0.1099999999999998,0.07,-0.1099999999999999,0.24,-0.06,-0.12,-0.7,5,3,0
-2.539999999999992,-6.0,0.0,1.07,-0.3799999999999999,0.0,0.0999999999999999,0.4399999999999999,-0.01,0.2399999999999999,-0.8999999999999999,-41,-10,0
-7.619999999999976,6.0,-5.079999999999984,1.11,0.7800000000000002,-0.0199999999999999,0.19,-2.57,-0.2199999999999999,0.0199999999999999,0.7999999999999999,-1,-1,1
7.6200000000000045,0.0,2.5400000000000205,0.4599999999999999,-0.7800000000000002,0.09,0.03,-2.2,-0.03,-0.27,0.3,3,-3,0
-2.539999999999992,2.0,-7.6200000000000045,2.13,1.13,-0.1099999999999999,0.08,-1.24,-0.15,-0.0999999999999999,-0.9,-4,1,1
-10.159999999999997,0.0,-2.539999999999992,-1.9,2.88,-0.29,-0.3,-0.4600000000000002,-0.0899999999999999,-0.29,1.6,3,3,0
15.23999999999998,9.0,5.0800000000000125,-0.1299999999999999,1.0200000000000002,0.2,-0.22,-1.4200000000000002,-0.3,-0.31,1.5,11,13,0
12.700000000000015,2.0,2.5400000000000205,1.2499999999999998,-0.02,0.18,-0.03,-1.99,0.53,0.0799999999999999,-0.1999999999999999,6,0,1
5.0800000000000125,3.0,7.6200000000000045,-1.0100000000000002,0.3800000000000003,0.0799999999999999,-0.0899999999999999,-1.1,0.24,0.0899999999999999,0.2,-7,3,0
7.619999999999976,-1.0,12.699999999999989,-1.3199999999999998,-0.6800000000000002,-0.12,0.07,-1.52,-0.0499999999999999,-0.16,0.7999999999999999,-16,-11,0
20.319999999999993,-5.0,15.240000000000007,-0.81,0.1400000000000001,-0.1,-0.0299999999999999,-2.6799999999999997,0.16,-0.0099999999999998,1.1,9,11,0
0.0,-2.0,7.6200000000000045,1.1800000000000002,2.1999999999999997,0.06,-0.2099999999999999,-1.4600000000000002,0.01,0.1099999999999999,-0.1999999999999999,1,4,0
12.699999999999989,0.0,12.700000000000015,-0.9699999999999998,1.6,0.09,-0.12,-1.3299999999999998,-0.0299999999999999,0.0799999999999999,0.0999999999999999,-13,-6,0
5.0800000000000125,-5.0,7.619999999999976,-2.44,0.1600000000000001,0.02,-0.14,0.2499999999999999,0.05,-0.5700000000000001,0.0,-3,2,1
-12.700000000000015,-6.0,-5.0800000000000125,1.1,-2.4299999999999997,0.2199999999999999,0.28,1.32,0.71,0.7,0.0,2,-4,1
10.159999999999997,2.0,7.6200000000000045,-1.4,-1.67,-0.0099999999999999,0.03,0.9900000000000002,-0.32,-0.03,0.5,-21,-8,1
-27.940000000000023,11.0,-27.94,-0.94,0.75,-0.1099999999999999,0.0,0.5799999999999998,-0.19,0.0999999999999999,-1.6,-11,1,1
-2.539999999999992,0.0,-2.539999999999992,1.7999999999999998,0.1599999999999997,-0.0399999999999999,0.12,-0.59,-0.1699999999999999,-0.03,-0.1,-8,-5,0
-2.5400000000000205,-6.0,5.0800000000000125,-0.1899999999999999,1.42,0.08,-0.03,-0.13,0.0299999999999999,0.0999999999999999,-0.3,-3,5,1
5.079999999999984,0.0,7.6200000000000045,0.33,1.1900000000000004,0.0,-0.0799999999999999,-2.49,-0.36,0.63,-1.6,4,3,1
5.0800000000000125,3.0,2.539999999999992,-0.94,-0.4199999999999999,-0.1699999999999999,0.14,-1.2799999999999998,0.2,0.22,-0.7999999999999999,-12,0,0
-2.539999999999992,8.0,-7.6200000000000045,-0.04,-0.6099999999999999,0.18,-0.13,-2.13,-0.22,-0.55,-0.3,0,5,0
7.6200000000000045,0.0,-10.159999999999997,-0.55,-0.8799999999999999,-0.25,0.26,1.94,-0.0599999999999999,0.1799999999999999,0.0,9,-2,1
-7.619999999999976,1.0,5.0800000000000125,0.24,-0.01,0.14,-0.0199999999999999,1.8700000000000008,-0.21,0.35,-2.8,-2,2,1
5.079999999999984,1.0,-2.539999999999992,1.3199999999999998,-2.04,0.18,0.2099999999999999,3.43,0.39,0.48,0.7000000000000001,1,-8,1
-2.539999999999992,-5.0,2.539999999999992,-2.1999999999999997,0.31,0.0,-0.15,0.6000000000000001,0.07,0.12,2.0,6,9,0
-2.539999999999992,-1.0,-5.0800000000000125,1.16,0.0899999999999998,0.0999999999999999,0.02,0.56,0.22,0.4899999999999999,-0.7,2,-2,1
7.6200000000000045,-6.0,5.0800000000000125,0.6200000000000001,1.93,0.0,-0.03,-3.4,-0.1099999999999999,0.0999999999999999,0.5,-8,6,0
-10.159999999999997,-2.0,0.0,0.6200000000000001,0.8600000000000003,-0.01,-0.02,-2.07,0.08,0.1699999999999999,0.3999999999999999,25,12,1
12.699999999999989,-4.0,0.0,2.5900000000000003,-6.5,0.24,0.07,1.05,0.3,0.41,1.3,5,7,1
-2.539999999999992,4.0,0.0,-1.7399999999999998,-1.72,-0.06,0.0599999999999999,2.0600000000000005,-0.08,-0.32,-0.1,-13,-14,1
-12.699999999999989,2.0,-12.699999999999989,-1.54,-0.2199999999999997,0.13,0.02,0.3800000000000003,-0.1499999999999999,-0.82,3.7,-2,3,1
-7.6200000000000045,0.0,-15.240000000000007,-4.0200000000000005,-0.4900000000000002,0.04,-0.1,4.43,0.08,-0.0199999999999999,1.0,12,9,0
7.6200000000000045,1.0,5.079999999999984,-0.2000000000000001,0.1300000000000003,-0.21,0.02,2.0199999999999996,0.2299999999999999,0.45,-0.5,-1,-1,1
-15.240000000000007,10.0,-2.539999999999992,-1.2600000000000002,0.5899999999999999,-0.0099999999999998,-0.12,-1.23,0.08,-0.36,-0.3,-12,6,0
2.5400000000000205,-4.0,5.079999999999984,2.37,0.3900000000000001,0.0199999999999999,-0.0099999999999998,-2.5,0.1099999999999999,0.15,-1.0,4,-2,1
12.699999999999989,-2.0,5.079999999999984,0.04,-2.55,0.11,0.02,2.11,0.23,0.13,-0.2,-8,-7,1
-7.6200000000000045,-3.0,-5.0800000000000125,1.93,-1.06,-0.01,0.24,2.18,0.78,0.26,-0.5,2,1,1
-2.539999999999992,0.0,-7.6200000000000045,1.39,1.13,-0.06,0.03,1.0,0.0899999999999999,0.17,-2.8,23,14,1
7.6200000000000045,-10.0,5.0800000000000125,0.03,0.77,-0.1699999999999999,0.08,-2.78,-0.13,0.09,0.8,-17,-4,0
-2.539999999999992,6.0,0.0,1.1800000000000002,-0.2200000000000002,0.06,0.0499999999999999,-2.42,-0.0999999999999999,0.0299999999999999,-1.0,-7,3,0
-5.0800000000000125,-2.0,-7.6200000000000045,1.42,0.81,0.3,0.0499999999999999,0.2400000000000002,0.0499999999999999,0.13,-2.1,9,6,1
12.699999999999989,-2.0,10.159999999999997,-0.7700000000000002,1.6,-0.06,-0.0899999999999999,-0.56,0.1099999999999999,0.25,0.5,-8,2,0
0.0,-6.0,-5.0800000000000125,4.42,-0.0699999999999998,0.1499999999999999,0.0199999999999999,3.83,0.16,0.49,-2.0,-20,-7,1
-2.539999999999992,2.0,-5.079999999999984,-1.54,-0.52,0.02,-0.05,-0.08,0.1,-0.01,0.3,5,4,1
2.539999999999992,5.0,7.6200000000000045,0.56,0.08,-0.1699999999999999,0.07,-0.4300000000000001,-0.13,0.14,-0.6000000000000001,-19,-9,1
-5.079999999999984,-8.0,0.0,-0.4300000000000001,-1.59,0.07,0.12,2.1900000000000004,-0.01,0.18,-0.2999999999999999,6,-6,1
-5.0800000000000125,-2.0,-2.539999999999992,-0.1600000000000001,-1.88,0.07,0.0999999999999999,-1.84,0.18,0.45,-0.8,20,1,1
-5.079999999999984,0.0,-7.6200000000000045,0.6100000000000003,0.1200000000000001,0.01,0.0599999999999999,-0.8,-0.15,0.1099999999999999,0.0,11,3,1
-7.6200000000000045,10.0,5.0800000000000125,0.4599999999999999,1.4,0.06,-0.07,-2.97,-0.0499999999999999,0.18,0.5999999999999999,4,8,1
-12.700000000000015,0.0,-2.539999999999992,0.96,-0.1099999999999998,0.0999999999999999,-0.0499999999999999,1.86,0.04,0.29,0.0999999999999998,2,1,1
2.539999999999992,-3.0,5.0800000000000125,1.79,-1.2699999999999996,0.06,0.2199999999999999,1.88,0.08,0.0699999999999999,0.0,-12,-4,1
0.0,1.0,0.0,0.9700000000000002,-1.09,0.0499999999999999,0.1899999999999999,-1.1100000000000003,0.06,0.0799999999999999,-0.3,3,1,1
-2.5400000000000205,2.0,2.539999999999992,0.3700000000000001,-1.2199999999999998,-0.06,0.0699999999999999,1.94,0.0799999999999999,-0.0399999999999999,-0.4,-6,-4,1
-7.6200000000000045,-1.0,-5.079999999999984,-0.6499999999999999,-0.3,0.02,0.0899999999999999,0.3599999999999999,-0.19,0.02,0.6,3,3,1
-5.0800000000000125,4.0,0.0,-0.2299999999999997,-0.9900000000000002,0.07,0.14,0.8200000000000003,-0.3,0.14,-0.8,14,3,1
-7.6200000000000045,-2.0,-7.6200000000000045,-0.81,0.7400000000000002,-0.07,-0.1,-0.3000000000000002,-0.2699999999999999,-0.37,0.0999999999999999,-10,-2,1
-7.619999999999976,4.0,-10.159999999999997,1.04,-0.6999999999999997,0.2199999999999999,0.0599999999999999,1.2,0.37,0.13,-0.2,6,2,1
-5.079999999999984,2.0,0.0,0.71,0.3500000000000001,-0.0499999999999999,0.0799999999999999,1.03,0.24,0.21,-0.2999999999999999,7,4,1
12.699999999999989,-4.0,2.5400000000000205,-0.4299999999999997,-1.3199999999999998,-0.0799999999999999,0.13,2.87,0.26,0.12,0.3,5,-2,1
0.0,8.0,-5.079999999999984,-1.44,-0.9699999999999998,-0.1599999999999999,0.0099999999999999,-0.53,-0.15,-0.85,-0.3,0,-9,1
-15.23999999999998,6.0,-7.6200000000000045,-2.6500000000000004,-1.13,-0.13,0.14,1.86,0.1699999999999999,0.4000000000000001,-0.6000000000000001,-9,-6,1
-2.539999999999992,4.0,2.5400000000000205,2.41,1.2400000000000002,-0.0499999999999999,-0.02,0.51,-0.07,0.13,0.1999999999999999,-10,-3,1
-2.5400000000000205,9.0,0.0,1.1,0.1199999999999996,0.1,-0.0399999999999999,1.3199999999999998,0.02,0.26,-0.8999999999999999,2,-1,1
5.0800000000000125,-3.0,0.0,0.1600000000000001,-0.04,0.11,-0.05,-0.3600000000000001,-0.2299999999999999,-0.16,-0.3999999999999999,-12,-8,1
-2.539999999999992,-3.0,0.0,1.11,-1.0300000000000002,0.0899999999999999,-0.02,1.3099999999999998,-0.18,0.0,0.6000000000000001,5,5,1
5.079999999999984,-15.0,0.0,1.0,2.01,-0.23,-0.04,-0.1,0.0999999999999999,0.3399999999999999,-0.7999999999999999,4,-2,1
-2.539999999999992,-2.0,-2.539999999999992,1.49,-0.2400000000000002,0.0699999999999999,0.02,1.2999999999999998,-0.15,0.15,0.6,13,4,1
7.6200000000000045,5.0,-5.079999999999984,-0.27,-0.0999999999999998,-0.03,-0.06,0.1099999999999998,0.08,0.0599999999999999,-0.5,9,2,1
-7.6200000000000045,3.0,-5.0800000000000125,0.0,-1.7399999999999998,0.2,0.0999999999999999,1.92,-0.31,0.1699999999999999,-0.7,-5,-1,1
2.539999999999992,3.0,-5.0800000000000125,-1.7799999999999998,-0.1299999999999999,-0.13,-0.04,1.95,-0.0299999999999999,0.03,-0.7,0,2,1
0.0,4.0,-10.159999999999997,0.8999999999999999,-1.1399999999999997,0.0699999999999999,0.1399999999999999,0.36,-0.0999999999999999,0.39,-4.1,27,8,1
-2.539999999999992,0.0,-2.5400000000000205,1.33,-1.3099999999999996,-0.1099999999999999,0.0299999999999999,-1.7600000000000002,-0.07,0.2299999999999999,-1.9,-8,-4,1
2.539999999999992,-5.0,-5.0800000000000125,-1.66,0.1300000000000003,-0.02,0.01,1.15,0.19,-0.1099999999999999,1.6,16,3,1
0.0,-7.0,5.079999999999984,3.4400000000000004,1.55,0.0,0.06,0.3,0.5,0.56,-0.9,-18,-7,1
2.539999999999992,-2.0,7.6200000000000045,2.03,1.4999999999999998,0.0799999999999999,0.0999999999999999,-1.3299999999999998,-0.07,0.26,0.0,1,0,1
-12.699999999999989,0.0,-2.539999999999992,0.2800000000000002,-0.7300000000000004,0.12,-0.02,1.62,-0.21,0.2599999999999999,-1.2999999999999998,-7,-2,1
-7.6200000000000045,-9.0,-7.6200000000000045,-0.27,-0.0099999999999997,-0.06,0.0,0.24,0.12,0.16,-1.1,4,1,1
5.0800000000000125,-3.0,-2.539999999999992,1.15,1.67,0.06,0.01,0.8200000000000003,0.0299999999999999,0.0,-0.3999999999999999,-18,-8,1
-5.079999999999984,3.0,-2.5400000000000205,0.0699999999999998,0.1800000000000001,0.1099999999999999,0.0,-0.32,0.31,0.2799999999999999,-0.3,-15,1,1
-7.6200000000000045,-4.0,-2.539999999999992,-1.15,2.5599999999999996,-0.09,-0.16,-0.2799999999999998,-0.16,0.02,1.8,-9,1,1
7.6200000000000045,3.0,10.159999999999997,-0.0100000000000002,-0.71,0.08,-0.0799999999999999,0.52,0.09,-0.1499999999999999,0.6000000000000001,13,0,1
10.159999999999997,5.0,7.6200000000000045,-0.2299999999999999,-1.1599999999999997,0.07,0.02,-0.9099999999999996,-0.0299999999999999,-0.07,0.7000000000000001,-24,-15,1
17.78,-14.0,22.859999999999985,-0.1699999999999999,0.2099999999999999,0.0199999999999999,-0.06,0.37,0.13,0.16,1.2999999999999998,-2,-4,1
-2.539999999999992,-6.0,2.5400000000000205,-0.3199999999999998,-0.9599999999999996,0.0199999999999999,0.0299999999999999,-0.46,-0.4,-0.0199999999999999,-1.3000000000000005,4,0,1
-5.0800000000000125,1.0,2.5400000000000205,1.79,0.73,0.19,-0.0999999999999999,0.8199999999999998,0.19,0.02,-0.1,0,3,1
-12.700000000000015,-3.0,-2.5400000000000205,0.8800000000000003,0.4200000000000004,-0.2,0.13,2.59,0.28,0.03,0.3,9,2,1
10.159999999999997,1.0,7.619999999999976,-1.0500000000000005,-0.4800000000000004,0.08,-0.0899999999999999,-1.03,-0.0199999999999999,-0.31,0.0999999999999999,1,10,1
-5.0800000000000125,-4.0,0.0,1.21,-1.09,0.16,0.04,1.35,-0.07,-0.1099999999999999,-0.2,9,-2,1
-12.700000000000015,6.0,-10.159999999999997,-0.7399999999999998,2.57,-0.01,-0.1099999999999999,-1.18,-0.19,-0.0699999999999999,-0.3,12,9,1
-20.32000000000002,11.0,-7.6200000000000045,-0.6000000000000001,1.5799999999999996,-0.1499999999999999,-0.03,1.07,-0.1099999999999999,-0.0399999999999999,-0.5,-15,7,1
12.700000000000015,-2.0,5.0800000000000125,-0.7600000000000002,0.2099999999999999,-0.04,-0.14,1.91,0.15,0.0299999999999999,1.2,-12,-13,1
5.0800000000000125,1.0,10.159999999999997,2.15,-0.79,-0.04,0.1399999999999999,-5.88,-0.42,0.3199999999999999,-0.7,-14,-9,1
0.0,-7.0,-5.079999999999984,1.0299999999999998,1.12,0.06,0.08,0.91,0.19,0.28,-1.7000000000000002,-29,-7,1
7.6200000000000045,-4.0,0.0,1.79,-0.0699999999999998,-0.1,0.01,-1.4200000000000002,0.13,0.0299999999999999,0.0999999999999999,0,-5,1
-12.700000000000015,6.0,-10.159999999999997,-1.46,0.4399999999999999,-0.1099999999999999,0.03,0.0299999999999998,-0.0899999999999999,-0.13,-0.1999999999999999,-5,5,1
7.6200000000000045,0.0,5.0800000000000125,0.52,0.2099999999999999,0.0499999999999999,0.1099999999999999,-1.77,-0.1699999999999999,0.1099999999999999,-0.8,-1,2,1
-5.0800000000000125,5.0,0.0,-2.36,-2.66,-0.06,-0.01,0.0799999999999999,0.1599999999999999,-0.38,0.5,6,3,1
7.6200000000000045,-4.0,2.5400000000000205,1.94,-0.3800000000000003,0.01,0.1999999999999999,-0.89,-0.1999999999999999,0.0,-0.2,-9,-13,1
17.78,-10.0,10.159999999999997,0.5099999999999998,0.79,0.1099999999999999,-0.14,-1.4,-0.0799999999999999,0.19,-0.0999999999999998,0,2,1
0.0,-7.0,-5.0800000000000125,1.91,0.1299999999999999,-0.07,0.0999999999999999,1.0,0.2599999999999999,-0.06,-0.1999999999999999,-15,0,1
0.0,3.0,0.0,0.6000000000000001,-1.1800000000000002,-0.12,0.05,2.32,0.31,0.27,0.2000000000000001,-8,-6,1
-7.6200000000000045,14.0,-5.0800000000000125,-0.1799999999999997,-1.28,0.0099999999999998,0.0699999999999999,2.08,-0.07,-0.01,0.3,4,4,1
-7.6200000000000045,-3.0,-2.539999999999992,0.1,1.15,-0.02,-0.03,-0.33,-0.15,-0.26,-0.1999999999999999,10,4,1
-5.0800000000000125,-1.0,5.079999999999984,2.06,1.06,0.03,-0.02,-1.4599999999999995,-0.22,0.25,-0.8999999999999999,-5,-7,1
0.0,-2.0,-2.539999999999992,1.9399999999999995,0.8900000000000001,0.1,0.05,0.4099999999999999,0.24,-0.03,-2.5,19,15,1
0.0,-4.0,0.0,0.2299999999999999,0.31,0.06,0.01,-0.4399999999999999,0.0099999999999999,0.15,-0.1,-10,2,1
7.6200000000000045,-8.0,2.539999999999992,-1.0400000000000005,-2.67,-0.0699999999999999,0.0699999999999999,2.34,0.18,0.0399999999999999,0.4,6,-4,1
5.079999999999984,-4.0,7.619999999999976,0.91,0.6499999999999999,-0.04,0.09,-1.7,0.0299999999999999,-0.1099999999999999,-2.0,1,-2,1
0.0,1.0,2.5400000000000205,-0.1799999999999997,1.0299999999999998,0.08,-0.04,-2.3099999999999996,-0.0499999999999999,-0.18,0.5,-2,0,1
0.0,6.0,-7.6200000000000045,0.6499999999999999,0.06,-0.0499999999999999,0.06,-0.4700000000000001,-0.2799999999999999,0.35,-1.2,9,6,1
10.159999999999997,-5.0,5.0800000000000125,-1.12,-0.4000000000000003,-0.0199999999999999,-0.04,-0.04,-0.07,0.53,0.4,4,2,1
-10.160000000000023,0.0,-10.159999999999997,0.96,2.74,-0.07,-0.1099999999999999,-1.17,-0.22,0.74,-3.5,10,5,1
-5.079999999999984,3.0,0.0,-0.98,-1.22,0.03,0.0699999999999999,-0.7999999999999998,0.17,0.26,-0.2999999999999999,-3,-6,1
-2.539999999999992,-1.0,-7.6200000000000045,2.66,-2.3,0.1499999999999999,0.0999999999999999,4.45,0.1099999999999999,0.15,0.0,-25,-11,1
-2.539999999999992,-1.0,-2.539999999999992,-1.34,-1.12,-0.15,0.05,2.99,0.19,0.46,-0.5,-3,-2,1
5.0800000000000125,-6.0,0.0,-1.12,-0.5899999999999999,0.01,-0.04,2.08,0.14,-0.2099999999999999,1.4,9,7,1
20.319999999999993,-9.0,7.6200000000000045,2.4,-1.84,0.1099999999999999,0.24,1.0200000000000002,0.2899999999999999,0.52,-2.1999999999999997,4,-3,1
-5.079999999999984,-6.0,-2.539999999999992,0.93,-1.99,0.0899999999999999,0.1499999999999999,1.56,0.08,0.3,-1.4,9,-3,1
-10.159999999999997,-4.0,-12.699999999999989,-0.6799999999999997,0.4700000000000002,-0.0899999999999999,0.1299999999999999,0.0,0.0,0.36,-0.7,0,1,1
-5.0800000000000125,4.0,-2.5400000000000205,1.02,-1.15,0.0499999999999999,0.02,1.83,0.1999999999999999,-0.1799999999999999,-0.0999999999999999,-5,3,1
0.0,9.0,7.619999999999976,1.3,-2.15,0.0,0.16,-1.2400000000000002,0.0399999999999999,0.38,-2.3,-5,0,1
-5.079999999999984,-3.0,-2.539999999999992,-2.51,0.7600000000000002,0.02,-0.12,-0.29,-0.06,-0.0999999999999999,-0.0999999999999999,-3,7,1
10.160000000000023,-9.0,5.079999999999984,2.3800000000000003,1.4400000000000002,-0.03,-0.0699999999999999,0.1099999999999999,0.0999999999999999,0.03,-0.1999999999999999,-14,-2,1
10.159999999999997,0.0,-7.6200000000000045,-0.08,-0.9099999999999996,0.0499999999999999,-0.02,-0.95,-0.0099999999999999,-0.14,-2.0,19,8,1
5.079999999999984,-5.0,2.5400000000000205,-1.0,0.3700000000000001,-0.1,0.0699999999999999,0.1099999999999998,0.01,-0.1099999999999999,-0.4,-4,2,1
-7.6200000000000045,-10.0,0.0,1.93,-0.5500000000000003,0.0199999999999999,0.0999999999999999,0.3400000000000001,0.1,0.2199999999999999,-1.5,-8,-9,1
-5.079999999999984,-1.0,-10.159999999999997,-0.08,-1.58,0.1099999999999999,0.04,0.7100000000000001,0.04,0.28,-1.0,7,1,1
10.159999999999997,-3.0,2.539999999999992,-1.84,-2.3,-0.13,0.0499999999999999,2.13,-0.4,0.2599999999999999,-0.2999999999999999,9,-2,1
-7.6200000000000045,-3.0,0.0,1.25,-0.1299999999999999,0.1399999999999999,-0.0899999999999999,0.8099999999999996,-0.0399999999999999,0.32,-0.4000000000000001,13,4,1
0.0,0.0,0.0,0.5,0.54,0.0199999999999999,-0.03,-1.14,-0.12,0.26,-0.9,-8,-1,1
15.240000000000007,-5.0,7.6200000000000045,-0.7300000000000002,0.6100000000000001,-0.13,0.02,-1.9,0.08,0.54,-0.4,-12,-2,1
0.0,8.0,0.0,-0.3500000000000001,-2.6399999999999997,-0.01,0.1899999999999999,2.38,0.17,0.1899999999999999,-0.1,-1,-5,1
0.0,-3.0,-2.539999999999992,0.98,0.3799999999999999,0.1699999999999999,-0.04,-0.07,-0.17,-0.0999999999999999,0.1999999999999999,14,4,1
12.699999999999989,-2.0,7.6200000000000045,1.6100000000000003,1.92,0.0499999999999999,-0.14,-0.25,-0.33,-0.2,1.1,-10,-5,1
0.0,4.0,0.0,-1.7200000000000002,0.31,-0.0399999999999999,0.0999999999999999,0.7800000000000002,0.0099999999999999,0.29,0.1999999999999999,-10,-2,1
10.159999999999997,0.0,12.700000000000015,1.19,-0.1600000000000001,0.0,-0.0499999999999999,-1.4500000000000002,-0.0099999999999999,-0.48,0.6,1,-1,1
-7.6200000000000045,6.0,-7.6200000000000045,1.37,-0.33,0.14,0.09,-0.1599999999999999,-0.6699999999999999,0.0999999999999999,-3.3,0,0,1
-2.539999999999992,6.0,-2.5400000000000205,-0.3500000000000001,-3.11,0.0799999999999999,0.0399999999999999,-0.53,-0.18,-0.2,-0.3999999999999999,5,0,1
-2.539999999999992,2.0,-2.539999999999992,0.4200000000000004,1.4799999999999998,-0.0499999999999999,0.0499999999999999,0.49,-0.15,0.0999999999999999,-0.1,9,4,1
-5.079999999999984,-3.0,-7.6200000000000045,0.8199999999999998,-1.09,0.14,0.0699999999999999,1.16,0.38,0.32,-0.4,13,9,1
0.0,-3.0,-7.6200000000000045,1.2300000000000002,0.8599999999999999,-0.04,0.0699999999999999,0.4100000000000001,0.0799999999999999,0.2799999999999999,-1.8,-25,-3,1
2.539999999999992,4.0,-5.0800000000000125,-1.08,1.13,-0.16,0.0999999999999999,1.11,0.0,-0.2699999999999999,1.9,12,4,1
5.0800000000000125,-13.0,5.0800000000000125,-0.9000000000000001,0.8699999999999999,-0.1499999999999999,-0.0399999999999999,-1.4799999999999998,-0.17,-0.2199999999999999,1.9,15,-1,1
-5.079999999999984,-7.0,0.0,0.6699999999999999,-0.4300000000000001,0.14,0.08,-0.1499999999999999,0.0199999999999999,0.0799999999999999,0.0,2,-5,1
5.0800000000000125,-2.0,-2.539999999999992,0.91,0.25,0.06,-0.0799999999999999,-0.6200000000000001,0.27,0.0899999999999999,-0.1999999999999999,7,8,1
2.539999999999992,0.0,5.0800000000000125,-0.3400000000000003,-0.3199999999999998,0.17,-0.0599999999999999,0.1799999999999999,0.28,-0.12,-0.8,-11,-5,1
-10.160000000000023,6.0,-2.539999999999992,0.29,-1.1800000000000002,0.04,0.14,1.82,-0.1299999999999999,0.24,-0.5,-15,-11,1
0.0,-4.0,0.0,0.77,-0.2299999999999999,0.14,0.0999999999999999,1.61,0.21,0.66,0.5000000000000001,-4,7,1
0.0,-1.0,0.0,-0.03,0.8799999999999999,0.0999999999999999,0.1299999999999999,3.38,-0.01,-0.43,0.7,4,-2,1
5.0800000000000125,-2.0,-2.539999999999992,3.1399999999999997,-1.2699999999999996,-0.0999999999999999,0.1,-1.0,-0.08,0.05,-0.9,-12,-10,1
-2.539999999999992,4.0,0.0,1.0100000000000002,-0.06,0.07,-0.06,-0.54,-0.15,-0.26,0.0999999999999999,4,2,1
-10.159999999999997,-8.0,0.0,3.91,1.27,0.06,0.02,0.1300000000000001,0.06,0.52,-0.3,-4,-1,1
-10.159999999999997,-2.0,-2.5400000000000205,0.3499999999999996,1.35,0.0799999999999999,-0.0699999999999999,-1.0300000000000002,0.22,0.14,-0.8,2,8,1
0.0,3.0,-2.539999999999992,-1.33,-0.7600000000000002,0.25,-0.01,-0.55,0.29,0.12,0.1,15,4,1
-2.5400000000000205,4.0,-2.539999999999992,2.0700000000000003,0.94,0.03,0.0,-0.1300000000000001,0.16,0.0599999999999999,-1.5,14,7,1
-15.240000000000007,-3.0,-2.5400000000000205,-1.2199999999999998,0.4400000000000004,-0.01,-0.0699999999999999,3.26,0.19,0.03,0.0,12,3,1
-12.699999999999989,6.0,-15.240000000000007,-0.29,-1.2,0.08,0.0699999999999999,3.25,-0.07,-0.25,-0.5,-10,-12,1
-5.079999999999984,3.0,-7.6200000000000045,-0.8399999999999999,-1.69,-0.03,0.05,1.81,0.2,0.2299999999999999,-0.5,-20,-9,1
-10.159999999999997,4.0,-22.859999999999985,0.08,1.48,0.01,0.0499999999999999,0.4200000000000004,-0.01,0.2,-2.1,10,8,1
-15.240000000000007,0.0,-2.539999999999992,1.83,-0.1900000000000004,0.0699999999999999,0.0699999999999999,0.08,0.51,0.32,-1.1,-9,2,1
-2.539999999999992,4.0,-7.619999999999976,-0.8200000000000003,0.0499999999999998,-0.07,0.07,1.2699999999999998,-0.2599999999999999,-0.0599999999999999,1.5,-1,-6,1
0.0,3.0,2.539999999999992,0.8999999999999999,-0.3400000000000001,0.1099999999999999,-0.0899999999999999,2.18,0.2,-0.0699999999999999,-0.3999999999999999,12,-2,1
5.0800000000000125,2.0,0.0,1.3499999999999996,-1.73,0.25,0.12,1.88,0.15,0.0599999999999999,-1.5,-13,-8,1
15.23999999999998,2.0,5.0800000000000125,0.0499999999999998,-2.02,0.12,0.0999999999999999,3.45,0.14,0.1999999999999999,0.8,3,-13,1
-2.539999999999992,8.0,-5.079999999999984,-1.89,-0.0099999999999997,0.0899999999999999,-0.14,0.47,0.09,-0.06,0.0,2,6,1
0.0,9.0,-10.159999999999997,0.3999999999999999,0.52,0.0,-0.02,1.85,0.41,0.37,0.0999999999999999,-4,-2,1
-10.159999999999997,13.0,-7.6200000000000045,-0.8799999999999999,-0.3899999999999997,0.14,-0.12,2.5700000000000003,0.0,-0.0999999999999999,-0.1999999999999999,1,1,1
2.539999999999992,-4.0,0.0,-0.4300000000000001,-0.2599999999999998,-0.06,0.01,0.3800000000000001,0.07,0.0199999999999999,1.1,16,5,1
20.32000000000002,-3.0,2.539999999999992,2.98,0.3000000000000002,0.2599999999999999,-0.0499999999999999,-4.46,-0.09,0.7,0.3,12,-3,1
10.159999999999997,2.0,10.159999999999997,-1.83,-1.32,-0.05,0.0199999999999999,1.3000000000000005,0.0,0.35,0.0,1,-1,1
-5.079999999999984,0.0,-5.0800000000000125,-0.1499999999999999,-0.1699999999999999,-0.0499999999999999,0.0599999999999999,-1.09,-0.22,-0.05,0.1999999999999999,-7,-3,1
2.539999999999992,0.0,5.0800000000000125,-2.84,-0.81,-0.14,0.0199999999999999,-0.06,-0.0999999999999999,-0.3199999999999999,2.9,0,2,1
5.079999999999984,0.0,7.6200000000000045,0.0499999999999998,0.0100000000000002,0.0399999999999999,-0.0499999999999999,-1.62,-0.12,-0.21,0.2,-7,-8,1
0.0,4.0,0.0,-0.2899999999999998,-1.7200000000000002,0.08,-0.01,0.09,-0.33,0.47,3.0999999999999996,-8,-11,1
-15.240000000000007,5.0,2.539999999999992,1.0199999999999996,-1.27,0.07,0.0599999999999999,0.4199999999999999,0.05,0.08,1.6,19,11,1
-10.159999999999997,-3.0,-7.6200000000000045,1.16,-0.4800000000000004,0.07,0.1099999999999999,0.74,0.35,0.01,0.0,-1,5,1
-15.23999999999998,3.0,-12.699999999999989,-2.5200000000000005,-1.33,-0.01,0.0799999999999999,1.7,0.14,-0.0199999999999999,0.9000000000000001,11,3,1
0.0,0.0,-2.5400000000000205,1.01,-0.6599999999999997,0.09,0.03,-2.78,0.0999999999999999,-0.31,-0.6000000000000001,-1,4,1
5.079999999999984,6.0,0.0,1.3899999999999997,-0.6400000000000006,0.06,0.05,-1.2799999999999998,-0.0699999999999999,0.26,0.0999999999999999,4,8,1
5.079999999999984,2.0,5.079999999999984,1.3099999999999996,-0.1200000000000001,0.0399999999999999,0.02,0.3400000000000001,0.13,0.01,0.0999999999999999,-6,-6,1
-12.699999999999989,-7.0,-7.6200000000000045,3.04,1.05,0.0099999999999998,0.0299999999999999,2.83,-0.11,0.3299999999999999,0.2,-13,-7,1
-10.160000000000023,-1.0,0.0,0.7499999999999998,-1.72,0.31,0.0999999999999999,0.19,0.4,0.78,0.3,29,5,1
0.0,4.0,-2.5400000000000205,-0.8700000000000001,-1.29,-0.13,0.03,0.8600000000000001,0.0999999999999999,-0.05,-0.7000000000000001,-7,-7,1
-5.0800000000000125,-1.0,0.0,1.26,1.13,-0.06,0.14,-1.2799999999999998,-0.01,0.2299999999999999,0.3,-9,-10,1
10.159999999999997,-9.0,5.079999999999984,-0.2600000000000002,0.6499999999999999,-0.04,-0.14,-0.8700000000000001,-0.13,-0.12,-1.0,3,-1,1
0.0,-2.0,2.539999999999992,-0.1899999999999999,-1.61,0.0899999999999999,0.16,0.43,0.3,0.06,0.5999999999999999,1,-5,1
2.5400000000000205,1.0,-10.160000000000023,2.7300000000000004,1.12,-0.0299999999999999,-0.01,-0.35,-0.6799999999999999,0.4,-2.2,17,8,1
-7.6200000000000045,7.0,0.0,2.3000000000000003,1.5699999999999998,0.0699999999999999,-0.0299999999999999,-1.26,-0.07,-0.2099999999999999,0.0,-6,-1,1
-17.78,-3.0,-15.240000000000007,1.66,0.7799999999999998,-0.03,-0.03,0.1700000000000001,0.38,0.3,-2.0,3,-1,1
10.159999999999997,-3.0,10.159999999999997,-0.3999999999999999,-0.3699999999999999,-0.0099999999999999,0.0,0.08,-0.0499999999999999,-0.03,0.0,-2,-7,1
-2.539999999999992,1.0,2.539999999999992,0.4499999999999997,-0.8499999999999999,0.16,-0.02,-1.77,0.21,0.02,0.4,5,0,1
12.699999999999989,1.0,7.6200000000000045,0.1600000000000001,-1.28,0.14,0.07,0.9000000000000004,0.3,-0.03,0.2999999999999999,34,2,1
-2.5400000000000205,4.0,0.0,1.0500000000000005,-1.96,0.07,0.13,2.14,0.0499999999999999,0.19,-1.4,15,7,1
2.539999999999992,-8.0,0.0,1.6,0.1099999999999998,0.05,0.0999999999999999,-1.7999999999999998,-0.15,0.0899999999999999,-0.1,-13,7,1
-7.6200000000000045,-2.0,-2.539999999999992,-1.3500000000000003,-1.34,0.01,-0.0499999999999999,0.8699999999999999,-0.0099999999999999,-0.2699999999999999,0.5,15,-4,1
5.079999999999984,-4.0,12.699999999999989,0.0699999999999998,0.5999999999999996,-0.05,-0.1299999999999999,1.72,0.33,0.0899999999999999,0.7,13,6,1
-2.539999999999992,1.0,0.0,0.1999999999999999,0.9700000000000002,0.05,0.0199999999999999,-0.3399999999999999,0.2199999999999999,-0.0399999999999999,-0.7,8,4,1
-2.539999999999992,6.0,2.5400000000000205,0.92,-0.9400000000000004,0.2099999999999999,0.0799999999999999,-1.6,0.5,0.3899999999999999,-0.3,6,2,1
5.0800000000000125,-1.0,-2.5400000000000205,1.0,0.5100000000000002,-0.2199999999999999,0.0599999999999999,-1.5,0.01,0.2099999999999999,-1.4,4,2,1
0.0,-12.0,-2.5400000000000205,0.5999999999999996,0.08,0.15,-0.02,1.5699999999999998,-0.27,-0.32,0.7,6,6,1
7.6200000000000045,3.0,0.0,0.0900000000000003,0.48,-0.0299999999999999,-0.01,0.4,0.13,0.1099999999999999,0.7,14,6,1
10.159999999999997,0.0,0.0,-0.0699999999999998,-1.7899999999999998,-0.0499999999999999,0.08,2.3,0.56,0.12,-0.7,19,4,1
5.0800000000000125,5.0,0.0,1.16,-0.7599999999999998,0.0699999999999999,0.0499999999999999,-0.0899999999999999,-0.0199999999999999,0.1999999999999999,-0.3999999999999999,10,1,1
-20.319999999999993,4.0,-7.6200000000000045,3.41,0.0999999999999996,-0.08,0.2,-1.18,0.17,0.25,-2.0,-13,-12,1
2.5400000000000205,-1.0,2.539999999999992,1.72,0.0699999999999998,0.0399999999999999,-0.01,1.53,0.0499999999999999,0.2299999999999999,0.9,4,5,1
10.159999999999997,-2.0,-5.0800000000000125,1.2299999999999998,0.6799999999999999,-0.1399999999999999,0.0599999999999999,1.0,-0.27,0.1699999999999999,1.3,-12,-7,1
5.079999999999984,-7.0,2.5400000000000205,1.3800000000000003,0.96,0.11,-0.0399999999999999,1.02,0.02,-0.03,0.3,-1,-8,1
5.0800000000000125,4.0,-2.539999999999992,-0.2100000000000002,-1.58,0.03,-0.01,-1.08,-0.1099999999999999,0.13,0.0999999999999999,-4,-5,1
-7.6200000000000045,2.0,-5.0800000000000125,-0.4399999999999999,0.6099999999999999,0.0299999999999999,0.0699999999999999,1.27,-0.05,0.4,1.0,-12,-7,1
2.5400000000000205,-3.0,5.0800000000000125,1.98,-0.6500000000000001,0.0899999999999999,0.1699999999999999,0.1600000000000001,0.08,0.44,-0.5,7,-1,1
-5.0800000000000125,0.0,-5.0800000000000125,0.2299999999999999,-0.91,-0.06,0.05,-0.0799999999999998,0.11,0.0399999999999999,0.3,-16,-8,1
0.0,3.0,2.5400000000000205,-1.22,-0.54,-0.09,0.05,2.92,0.15,0.27,0.4,5,-5,1
7.6200000000000045,4.0,7.6200000000000045,1.48,0.81,-0.14,-0.06,-3.3,0.56,-0.3299999999999999,2.8,2,0,1
-2.5400000000000205,8.0,0.0,2.23,-0.4300000000000001,-0.02,0.12,3.78,0.34,0.5499999999999999,-1.6,-2,-4,1
-7.6200000000000045,-3.0,-2.5400000000000205,0.0,-0.4700000000000002,0.18,-0.0399999999999999,0.3400000000000001,0.11,0.1099999999999999,-0.6,20,1,1
10.159999999999997,5.0,0.0,2.26,0.5899999999999999,0.0199999999999999,-0.0399999999999999,-1.38,-0.06,-0.24,-1.1,-5,-9,1
0.0,2.0,2.539999999999992,1.1599999999999997,-0.73,0.13,0.04,0.7699999999999999,0.25,0.16,0.4,16,12,1
12.699999999999989,1.0,2.539999999999992,0.5699999999999998,1.54,-0.09,0.04,-0.1699999999999999,0.05,0.3400000000000001,-0.6,-2,2,1
-2.539999999999992,4.0,2.539999999999992,-1.04,-0.54,-0.0999999999999999,0.08,1.33,0.0299999999999999,0.33,-1.0,-24,-10,1
17.78,-1.0,15.240000000000007,-1.2999999999999998,-1.06,-0.13,0.07,-0.6399999999999999,-0.55,0.56,1.7,4,5,1
-7.6200000000000045,5.0,-2.539999999999992,-0.27,-1.12,-0.0999999999999999,0.08,0.9200000000000002,-0.09,-0.3399999999999999,0.5,1,-7,1
2.5400000000000205,-4.0,2.539999999999992,-2.0700000000000003,-0.94,-0.03,0.0,0.1300000000000001,-0.16,-0.0599999999999999,1.5,-14,-7,1
5.079999999999984,1.0,7.6200000000000045,0.6400000000000001,0.5800000000000001,-0.07,-0.0399999999999999,-1.24,-0.2,0.07,-1.4,-2,-3,1
7.6200000000000045,-1.0,0.0,0.48,-6.83,0.1399999999999999,0.06,0.73,0.35,0.35,0.4,8,4,1
-5.079999999999984,-1.0,-2.539999999999992,-0.31,-1.7399999999999998,0.0999999999999999,-0.01,0.97,-0.15,0.13,-1.4,21,11,1
-2.539999999999992,0.0,0.0,-1.28,0.9699999999999998,0.0,0.01,-1.3199999999999998,-0.35,-0.05,0.6,-1,-4,1
2.5400000000000205,-3.0,2.539999999999992,-0.08,-0.28,0.03,0.0,-1.04,-0.1699999999999999,-0.01,0.7999999999999999,1,-2,1
-17.78,4.0,-17.78,1.37,-0.71,0.0,0.1,-0.26,0.0399999999999999,0.26,-1.6,-12,-4,1
-5.079999999999984,0.0,0.0,3.26,1.16,-0.2199999999999999,-0.06,-0.2499999999999997,0.22,0.29,-2.6,4,4,1
0.0,2.0,2.5400000000000205,-0.33,2.34,-0.01,-0.0399999999999999,1.2300000000000002,0.07,-0.1099999999999999,1.6,0,-3,1
5.079999999999984,-3.0,7.6200000000000045,-0.1,0.1899999999999999,-0.0199999999999999,0.01,-0.1099999999999998,-0.0299999999999999,0.0,0.7000000000000001,15,4,1
20.319999999999993,-3.0,15.240000000000007,1.02,-0.3799999999999999,0.0499999999999999,-0.0899999999999999,-1.3299999999999996,-0.06,0.0999999999999999,-0.3,-4,-9,1
0.0,2.0,-2.539999999999992,-0.0499999999999998,-0.8900000000000001,0.13,-0.01,0.8799999999999999,0.02,0.0399999999999999,0.4,-2,-5,1
-2.539999999999992,-7.0,2.5400000000000205,0.52,0.2199999999999997,-0.06,0.03,2.3600000000000003,0.11,0.67,-0.3,-12,-9,1
15.23999999999998,-3.0,5.0800000000000125,1.02,-1.8000000000000005,0.05,0.1599999999999999,2.97,0.1899999999999999,0.0899999999999999,0.6000000000000001,10,-12,1
0.0,4.0,-2.5400000000000205,-1.33,-0.9799999999999998,0.03,-0.06,0.1799999999999999,0.18,0.05,-0.2999999999999999,5,2,1
12.700000000000015,-10.0,0.0,1.5300000000000002,-0.7899999999999996,0.1899999999999999,0.12,0.6099999999999999,0.0499999999999999,0.35,-0.5,12,-8,1
-15.23999999999998,4.0,-12.699999999999989,-1.93,-0.7600000000000002,-0.12,0.0899999999999999,2.08,0.06,0.26,-0.7000000000000001,16,8,1
15.240000000000007,-3.0,12.699999999999989,0.4299999999999997,-1.02,0.02,-0.0899999999999999,2.59,-0.3299999999999999,0.1,0.3,-5,-14,1
7.6200000000000045,-3.0,5.0800000000000125,-0.1299999999999999,-0.52,-0.0099999999999999,0.0699999999999999,0.5700000000000003,0.0799999999999999,-0.0699999999999999,0.8,6,-3,1
-7.6200000000000045,-5.0,-15.23999999999998,-0.1699999999999999,1.72,0.0,-0.04,1.39,-0.01,-0.0699999999999999,-1.2000000000000002,6,3,1
-2.5400000000000205,-9.0,2.539999999999992,-1.81,-1.12,0.0399999999999999,0.1299999999999999,5.17,0.12,-0.2,-1.0,7,-1,1
-5.079999999999984,4.0,-5.079999999999984,-1.6599999999999997,0.6300000000000003,0.0299999999999999,-0.1099999999999999,0.2099999999999999,-0.14,-0.06,-0.3999999999999999,3,8,1
2.539999999999992,-17.0,0.0,1.69,0.1699999999999999,-0.02,0.14,-1.8800000000000003,0.0799999999999999,-0.01,-0.1,11,4,1
-7.6200000000000045,-4.0,-12.699999999999989,0.56,0.05,0.12,0.0399999999999999,2.1,0.07,-0.29,2.9999999999999996,-72,-14,1
-5.0800000000000125,-7.0,7.6200000000000045,0.4300000000000001,1.4500000000000002,0.06,-0.08,-2.07,-0.39,0.17,-0.2999999999999999,-17,-8,1
5.0800000000000125,1.0,-2.539999999999992,-1.0399999999999996,-0.2399999999999997,-0.06,0.07,0.9000000000000001,-0.07,-0.08,-1.0,-9,-7,1
-2.5400000000000205,4.0,0.0,0.5499999999999998,-3.47,-0.1299999999999999,0.3400000000000001,-0.6999999999999997,-0.14,-0.5,1.8,-4,-5,1
-5.079999999999984,4.0,-7.6200000000000045,0.08,0.1699999999999999,-0.0899999999999999,-0.0899999999999999,0.42,-0.18,-0.0599999999999999,0.3,14,4,1
-5.0800000000000125,-1.0,-7.6200000000000045,-2.24,-0.3900000000000001,0.01,0.02,1.93,-0.0399999999999999,0.16,-0.7,0,1,1
5.079999999999984,-3.0,0.0,0.2300000000000002,1.44,0.0499999999999999,-0.17,0.72,0.11,0.18,-0.3999999999999999,-16,1,1
7.6200000000000045,-1.0,0.0,0.5699999999999998,-1.0099999999999998,0.0199999999999999,0.0,0.8099999999999996,0.3,0.12,-0.1999999999999999,4,0,1
-2.5400000000000205,-2.0,5.079999999999984,0.4599999999999999,0.3199999999999998,0.14,-0.0499999999999999,0.55,0.03,0.1099999999999999,-0.5,2,-1,1
12.699999999999989,-2.0,5.079999999999984,1.97,-2.33,0.37,0.01,2.3,0.56,0.52,0.2,21,4,1
0.0,-6.0,2.5400000000000205,0.8,0.3600000000000001,0.03,-0.01,0.3999999999999999,0.24,0.3399999999999999,-0.6000000000000001,21,5,1
7.619999999999976,-1.0,2.5400000000000205,1.98,1.34,-0.08,0.05,0.32,0.09,0.37,0.3999999999999999,-4,0,1
-2.539999999999992,-2.0,0.0,1.13,-0.1800000000000001,0.09,0.0699999999999999,0.32,0.12,0.22,0.1,17,4,1
-2.539999999999992,1.0,-2.539999999999992,0.6799999999999997,-2.58,0.19,0.0299999999999999,1.82,0.0,0.14,-0.4,9,-4,1
10.159999999999997,-4.0,10.159999999999997,0.5099999999999998,-2.47,0.0899999999999999,0.0799999999999999,2.1500000000000004,0.0699999999999999,0.3,-0.2,10,-1,1
-10.159999999999997,-3.0,-5.0800000000000125,1.47,1.3599999999999994,-0.13,0.1,-0.5299999999999999,0.5,0.2199999999999999,0.2000000000000001,-11,-8,1
-12.699999999999989,-2.0,-10.159999999999997,-0.4700000000000002,-1.4,0.0199999999999999,0.0899999999999999,-0.1800000000000001,-0.0899999999999999,0.0499999999999999,1.4,-1,0,1
-5.079999999999984,-3.0,-10.159999999999997,-2.0500000000000003,0.3699999999999996,-0.03,0.01,0.26,-0.3899999999999999,-0.0499999999999999,1.5,1,-6,1
7.619999999999976,-3.0,-2.539999999999992,0.94,-1.4,0.0,0.27,1.05,0.1999999999999999,0.39,-2.4,-1,2,1
10.160000000000023,0.0,2.539999999999992,0.7499999999999998,0.2800000000000002,-0.0399999999999999,0.08,-3.11,-0.1999999999999999,0.1599999999999999,0.0,-8,-6,1
7.6200000000000045,0.0,-5.0800000000000125,-0.2099999999999999,-0.3899999999999997,-0.08,0.0699999999999999,-0.5499999999999998,0.07,-0.08,0.1999999999999999,21,7,1
-27.94,-1.0,-15.23999999999998,-2.4299999999999997,-0.06,-0.11,-0.0399999999999999,-1.8,0.1999999999999999,-0.75,2.5,0,-6,1
-2.5400000000000205,7.0,-2.5400000000000205,-1.87,-1.2799999999999998,-0.06,0.03,0.1500000000000001,0.18,0.01,0.0,-4,-3,1
15.240000000000007,-14.0,5.0800000000000125,0.6799999999999997,0.5799999999999998,0.15,-0.0899999999999999,1.12,0.09,0.02,0.0,-14,-8,1
10.159999999999997,6.0,7.6200000000000045,0.3600000000000003,-0.5899999999999999,-0.0399999999999999,0.03,-0.5299999999999998,-0.1099999999999999,0.2099999999999999,-0.9000000000000001,-19,-10,1
0.0,0.0,-7.6200000000000045,0.1700000000000003,1.9099999999999997,-0.0899999999999999,0.0,-1.7299999999999998,0.0,-0.08,1.5999999999999996,-2,2,1
0.0,-6.0,2.539999999999992,-3.16,-0.73,-0.01,-0.03,2.24,-0.09,0.01,1.0,16,7,1
0.0,-4.0,2.539999999999992,0.08,0.1599999999999997,0.02,-0.01,0.3699999999999999,0.11,0.0,-0.4,16,4,1
2.539999999999992,-2.0,2.539999999999992,-0.31,-0.1600000000000001,-0.0699999999999999,-0.02,-0.79,0.03,0.0999999999999999,-0.1999999999999999,-4,3,1
17.78,1.0,-2.539999999999992,0.7699999999999998,1.0299999999999998,-0.07,0.0899999999999999,2.41,-0.14,0.06,0.1,-3,-4,1
5.0800000000000125,4.0,7.6200000000000045,0.2399999999999997,-1.16,0.13,0.12,-0.18,0.5700000000000001,0.2599999999999999,0.6000000000000001,11,0,1
-7.619999999999976,-6.0,-2.5400000000000205,1.94,1.15,0.0499999999999999,-0.01,-1.75,0.12,-0.01,-0.1,6,4,1
-5.079999999999984,-3.0,0.0,0.49,0.3500000000000001,-0.0499999999999999,0.06,1.1900000000000002,0.0499999999999999,0.56,-0.4000000000000001,-32,-16,1
0.0,-6.0,0.0,0.9000000000000004,0.69,-0.05,0.01,-1.45,0.19,0.5,-1.1,-3,0,1
-2.539999999999992,11.0,0.0,-1.54,0.4100000000000001,-0.06,-0.0999999999999999,2.22,0.0,-0.0299999999999999,-0.5,20,-4,1
15.240000000000007,-3.0,2.539999999999992,-3.0,-1.5699999999999994,-0.1099999999999999,0.0,0.6800000000000002,-0.73,-0.26,0.4000000000000001,16,2,1
-7.6200000000000045,5.0,-7.6200000000000045,1.92,1.15,0.0399999999999999,0.06,-1.46,0.0299999999999999,0.0999999999999999,-2.5999999999999996,9,2,1
-7.6200000000000045,-1.0,-10.160000000000023,0.3600000000000001,0.5800000000000001,0.06,-0.0399999999999999,-0.1599999999999999,0.0899999999999999,0.0999999999999999,1.1,2,7,1
7.6200000000000045,-2.0,2.539999999999992,-0.0899999999999998,0.52,-0.01,0.0,-1.6199999999999997,-0.15,-0.25,0.6000000000000001,-18,-9,1
5.0800000000000125,2.0,5.079999999999984,1.46,-0.1600000000000001,-0.0399999999999999,0.13,-0.0899999999999998,0.02,0.0999999999999999,-0.5,8,-2,1
-5.0800000000000125,2.0,-2.539999999999992,0.2200000000000002,0.1699999999999999,-0.2,0.0699999999999999,0.48,-0.08,0.03,0.4999999999999999,2,4,1
-2.539999999999992,3.0,10.159999999999997,2.53,2.39,-0.04,0.0399999999999999,-1.37,-0.1899999999999999,0.2199999999999999,-0.6000000000000001,-1,-11,1
-10.159999999999997,5.0,-2.539999999999992,-0.6800000000000006,-1.44,-0.0199999999999999,0.0299999999999999,0.4299999999999999,0.3,-0.01,1.9,20,12,1
0.0,11.0,2.5400000000000205,-0.5,0.1800000000000001,0.02,0.06,0.26,-0.12,0.1699999999999999,-0.1,8,6,1
15.240000000000007,-8.0,12.699999999999989,0.2799999999999998,0.77,-0.13,-0.12,-0.28,-0.49,-0.11,-0.0999999999999999,-10,-11,1
-2.539999999999992,0.0,2.5400000000000205,-1.35,-1.12,0.0599999999999999,0.13,-0.6299999999999999,0.0999999999999999,-0.1599999999999999,-1.6,4,1,1
7.619999999999976,-1.0,10.159999999999997,-2.01,-1.5500000000000005,0.0699999999999999,0.1,-0.2,-0.08,-0.38,1.2999999999999998,-4,-7,1
10.159999999999997,-3.0,2.539999999999992,1.2800000000000002,0.1400000000000001,-0.01,-0.0599999999999999,-0.04,-0.04,-0.05,0.0,-14,-3,1
0.0,-2.0,-2.539999999999992,-0.75,-0.4300000000000001,-0.1499999999999999,0.04,1.93,-0.01,0.21,0.0,17,9,1
-5.0800000000000125,-4.0,2.5400000000000205,-0.6099999999999999,-0.6099999999999999,-0.07,0.1699999999999999,-1.52,-0.2099999999999999,-0.0399999999999999,-0.0999999999999999,-9,-8,1
10.159999999999997,-6.0,7.6200000000000045,-1.1700000000000002,0.1799999999999997,-0.2,0.04,0.6200000000000001,-0.2099999999999999,0.1699999999999999,1.8,-3,-7,1
0.0,-1.0,0.0,0.1800000000000001,1.0699999999999994,0.0,-0.0299999999999999,-0.65,0.16,0.2599999999999999,0.3000000000000002,-7,0,1
0.0,-2.0,2.5400000000000205,0.8499999999999999,1.9399999999999995,-0.01,-0.0399999999999999,1.7400000000000002,-0.0499999999999999,0.14,2.0,9,4,1
2.539999999999992,-4.0,5.0800000000000125,-3.05,-0.9699999999999998,-0.06,0.02,1.3200000000000005,-0.76,-0.06,0.7,1,2,1
2.5400000000000205,-1.0,7.619999999999976,0.1699999999999997,-1.73,-0.12,0.1099999999999999,-0.4100000000000001,0.08,0.2199999999999999,-0.5999999999999999,-11,-1,1
-2.539999999999992,-10.0,-5.0800000000000125,-0.8300000000000001,-0.29,0.02,0.0699999999999999,2.54,-0.31,-0.08,0.0,-2,0,1
0.0,2.0,0.0,0.4099999999999997,-1.73,0.02,0.01,-1.69,0.32,-0.28,0.7,17,-1,1
7.6200000000000045,9.0,7.6200000000000045,0.69,0.6600000000000001,-0.04,-0.0799999999999999,-2.41,0.07,0.57,-3.8,13,7,1
5.0800000000000125,3.0,0.0,-0.5100000000000002,-0.96,0.07,-0.0699999999999999,0.01,0.1,-0.08,-1.2,15,12,1
2.539999999999992,-1.0,5.0800000000000125,-1.6399999999999997,-1.03,-0.06,0.0299999999999999,1.2500000000000002,-0.03,0.0799999999999999,-0.7000000000000001,-4,-15,1
0.0,5.0,2.539999999999992,0.4500000000000002,-0.3700000000000001,0.0299999999999999,0.01,-0.9300000000000002,0.12,0.0699999999999999,-0.7,-5,0,1
12.699999999999989,0.0,0.0,-1.66,0.8600000000000001,-0.0599999999999999,-0.0399999999999999,0.0799999999999998,-0.1999999999999999,0.0699999999999999,-0.3999999999999999,-1,3,1
-15.23999999999998,2.0,-5.0800000000000125,1.11,0.4299999999999999,-0.03,-0.02,-2.44,-0.01,-0.4399999999999999,-1.1,1,2,1
5.079999999999984,-4.0,-2.539999999999992,1.17,-0.25,0.03,0.1799999999999999,0.56,0.2299999999999999,0.2699999999999999,0.3,-4,-5,1
7.6200000000000045,0.0,-2.539999999999992,1.1599999999999997,0.3399999999999998,0.2199999999999999,-0.04,2.6799999999999997,0.05,0.2799999999999999,-0.1999999999999999,-23,-13,1
7.6200000000000045,0.0,10.159999999999997,0.3700000000000001,0.0,-0.1099999999999999,0.0899999999999999,-1.2399999999999998,0.18,-0.0399999999999999,-0.2999999999999999,3,2,1
10.159999999999997,7.0,2.5400000000000205,-1.23,-0.48,0.04,0.0699999999999999,0.0900000000000003,-0.13,0.0799999999999999,0.8,-9,-3,1
-20.319999999999993,-2.0,-5.0800000000000125,0.25,-0.6300000000000003,-0.09,0.1699999999999999,1.0600000000000005,0.0799999999999999,0.26,-1.0,3,-5,1
5.079999999999984,-6.0,10.159999999999997,0.3299999999999998,0.1,0.06,-0.1299999999999999,1.3899999999999997,-0.05,-0.0899999999999999,1.1,8,-1,1
5.0800000000000125,3.0,0.0,1.02,-1.81,0.13,0.25,0.5,0.77,0.3299999999999999,0.3,17,1,1
-7.6200000000000045,-7.0,0.0,1.99,-0.0300000000000002,0.01,0.0999999999999999,0.76,-0.0499999999999999,0.28,-2.1,-1,-6,1
2.5400000000000205,2.0,-5.0800000000000125,5.0600000000000005,0.4100000000000001,0.2599999999999999,-0.12,-1.2599999999999998,-0.09,0.6,0.2,-1,-1,1
-10.159999999999997,4.0,-10.159999999999997,-0.5099999999999998,2.47,-0.0899999999999999,-0.0799999999999999,-2.1500000000000004,-0.0699999999999999,-0.3,0.2,-10,1,1
7.6200000000000045,-1.0,5.0800000000000125,0.71,2.03,-0.18,0.16,-3.73,0.04,-0.38,-1.9,-14,-6,1
5.0800000000000125,-2.0,0.0,0.1100000000000001,0.3299999999999998,0.04,-0.08,0.91,-0.73,0.25,0.8999999999999999,9,4,1
10.160000000000023,0.0,5.0800000000000125,1.13,0.3000000000000002,-0.18,0.0599999999999999,-0.47,-0.08,-0.16,0.6,-18,-5,1
2.539999999999992,-3.0,-2.539999999999992,0.79,2.01,-0.01,-0.13,-3.06,-0.18,0.12,-1.0,10,6,1
-2.539999999999992,1.0,-7.6200000000000045,0.0999999999999998,-0.0699999999999998,0.13,-0.03,-1.33,-0.09,-0.53,1.4,0,2,1
12.699999999999989,-3.0,-2.539999999999992,-1.97,-0.7599999999999998,-0.09,0.05,1.76,-0.07,0.0899999999999999,-2.0,-14,-7,1
-15.240000000000007,-11.0,-10.160000000000023,2.29,0.0299999999999998,0.0799999999999999,0.06,0.1800000000000001,0.19,0.3199999999999999,-0.4,-6,-2,1
7.6200000000000045,-4.0,2.5400000000000205,0.54,0.92,0.08,0.1099999999999999,1.5199999999999998,-0.0499999999999999,0.23,1.1,6,6,1
10.159999999999997,-8.0,15.23999999999998,-0.3700000000000001,0.2599999999999998,0.01,-0.03,-0.21,0.1299999999999999,-0.2199999999999999,1.3,7,1,1
2.539999999999992,-5.0,7.6200000000000045,-0.91,-0.8199999999999998,0.08,0.01,0.43,0.31,-0.04,-0.0999999999999999,9,7,1
-17.78,-5.0,-10.159999999999997,-1.2199999999999998,2.5299999999999994,-0.2,-0.1899999999999999,-3.02,-0.8,-0.6699999999999999,0.8,9,1,1
12.699999999999989,-12.0,15.240000000000007,-0.7399999999999998,-0.2400000000000002,-0.18,-0.02,-2.0599999999999996,0.02,0.31,0.3999999999999999,-9,9,1
-2.539999999999992,3.0,-10.159999999999997,2.06,0.9699999999999998,-0.0099999999999999,0.0599999999999999,-2.98,-0.27,-0.02,-0.8999999999999999,-11,-4,1
5.079999999999984,-1.0,5.0800000000000125,0.4599999999999999,0.81,-0.0499999999999999,-0.1299999999999999,-2.25,-0.39,-0.21,-0.0999999999999999,5,-2,1
-7.6200000000000045,10.0,-5.079999999999984,0.0,-0.02,0.0299999999999999,0.06,-0.4899999999999999,-0.08,-0.05,0.4,-4,-10,1
10.159999999999997,-6.0,7.619999999999976,-0.4499999999999997,0.3799999999999999,-0.0299999999999999,-0.0499999999999999,-1.98,0.14,-0.47,3.8,-16,-9,1
-2.539999999999992,-7.0,7.6200000000000045,2.92,0.6399999999999997,0.16,0.1,0.04,0.6699999999999999,-0.25,0.7,-6,-8,1
7.6200000000000045,2.0,5.079999999999984,2.1399999999999997,0.91,0.08,-0.0299999999999999,-0.4400000000000001,0.1,-0.37,-4.0,23,16,1
2.539999999999992,0.0,0.0,0.07,-0.1,-0.04,0.0599999999999999,-0.25,-0.23,0.21,0.0,-78,-15,1
-7.619999999999976,-10.0,0.0,1.59,2.0599999999999996,-0.12,0.0899999999999999,-2.24,0.0999999999999999,0.28,-0.8999999999999999,-22,6,1
7.6200000000000045,3.0,2.539999999999992,0.7200000000000002,-0.75,-0.16,0.18,-0.0799999999999998,-0.5700000000000001,0.63,0.3,11,-3,1
17.78,-6.0,7.619999999999976,-0.3600000000000003,-0.5,-0.02,-0.1099999999999999,-0.54,0.02,0.14,-0.7999999999999999,-7,-5,1
10.159999999999997,-2.0,2.539999999999992,-0.5800000000000001,0.6700000000000004,-0.0899999999999999,-0.03,0.2299999999999999,-0.24,-0.3999999999999999,0.3,-7,-10,1
-2.539999999999992,0.0,2.539999999999992,0.56,-0.1699999999999999,-0.04,0.03,1.05,-0.22,-0.2799999999999999,1.0,9,2,1
-2.539999999999992,-11.0,-2.539999999999992,0.06,0.6399999999999997,-0.06,0.0799999999999999,1.02,-0.09,0.15,1.9,0,-2,1
-5.0800000000000125,1.0,7.6200000000000045,1.17,1.2599999999999998,0.0999999999999999,-0.1099999999999999,-1.7000000000000002,-0.0499999999999999,-0.0599999999999999,0.0,-5,3,1
-5.079999999999984,-1.0,-2.539999999999992,1.2800000000000002,2.4799999999999995,-0.08,-0.0999999999999999,-2.7699999999999996,0.08,-0.36,-0.5999999999999999,-9,-4,1
5.0800000000000125,-6.0,-2.539999999999992,1.58,3.16,-0.1699999999999999,0.0999999999999999,-0.79,-0.0799999999999999,0.72,-2.1,-9,-6,1
0.0,0.0,7.6200000000000045,1.9800000000000004,1.71,-0.04,0.14,-3.01,-0.28,0.26,-1.1,-9,-5,1
10.159999999999997,7.0,5.079999999999984,-0.0500000000000002,-0.2299999999999999,0.18,0.03,-1.13,-0.26,-0.0199999999999999,0.9,-7,-2,1
7.6200000000000045,-5.0,7.6200000000000045,0.5899999999999999,0.4900000000000002,0.13,0.01,-2.9,0.09,0.1799999999999999,0.0999999999999999,-20,10,1
-5.079999999999984,-1.0,-7.6200000000000045,-0.4599999999999999,-0.79,0.04,0.01,-0.2099999999999999,0.08,0.0,-0.0999999999999999,18,2,1
12.700000000000015,-5.0,5.0800000000000125,-1.33,-1.3699999999999997,-0.02,0.0299999999999999,0.7899999999999999,-0.16,-0.2399999999999999,-1.1,1,0,1
0.0,-4.0,-5.0800000000000125,0.0,-1.3099999999999998,0.07,0.01,-1.2600000000000002,0.3,0.2099999999999999,-0.1999999999999999,5,-4,1
-7.6200000000000045,-1.0,-2.539999999999992,2.58,-4.3,0.03,0.45,-1.4799999999999998,-0.03,-0.3,0.7,1,-7,1
20.319999999999993,-5.0,-2.539999999999992,0.6999999999999997,0.7799999999999998,0.08,-0.0299999999999999,0.1999999999999999,0.1099999999999999,0.36,0.3,-3,5,1
-2.539999999999992,9.0,-10.159999999999997,-0.7300000000000002,-0.2399999999999997,0.02,-0.07,1.29,0.12,-0.14,-0.2999999999999998,29,18,1
7.619999999999976,1.0,0.0,1.2599999999999998,0.4899999999999997,0.1999999999999999,-0.03,0.1999999999999999,-0.0899999999999999,-0.03,-1.2,4,-3,1
20.319999999999993,-7.0,12.700000000000015,1.7999999999999998,-1.2400000000000002,0.14,0.2599999999999999,2.1100000000000003,0.54,0.4499999999999999,0.2,15,-5,1
2.539999999999992,-1.0,5.079999999999984,3.689999999999999,-0.3500000000000001,0.12,0.2,-0.6399999999999999,0.42,0.33,0.0,19,1,1
-5.0800000000000125,3.0,-7.6200000000000045,2.25,-1.63,-0.0399999999999999,0.13,-1.21,0.0,0.35,-0.6,-5,-7,1
10.159999999999997,2.0,7.619999999999976,4.15,-1.3200000000000005,0.26,0.0899999999999999,-1.62,-0.1699999999999999,0.63,-2.4000000000000004,20,4,1
-12.699999999999989,2.0,0.0,1.0500000000000005,1.12,0.0499999999999999,-0.03,-2.45,0.01,0.15,-0.7000000000000001,9,7,1
12.699999999999989,2.0,7.6200000000000045,0.1200000000000001,-0.0899999999999998,0.1,-0.0399999999999999,-0.5900000000000001,-0.17,0.0199999999999999,-0.2999999999999998,-26,0,1
-7.6200000000000045,3.0,-5.0800000000000125,0.9099999999999996,0.3599999999999999,0.13,-0.12,0.69,0.74,-0.55,-0.9,1,4,1
-12.700000000000015,3.0,0.0,-1.51,-1.64,-0.0499999999999999,0.21,0.5300000000000002,-0.2299999999999999,0.02,0.0,1,-5,1
5.079999999999984,8.0,0.0,-2.74,-1.79,0.0899999999999999,0.03,1.09,0.0399999999999999,-0.52,1.0,25,11,1
7.619999999999976,-3.0,5.079999999999984,-0.3699999999999999,-1.0,0.0099999999999999,-0.08,2.26,0.3999999999999999,0.2,0.0,0,3,1
7.6200000000000045,8.0,0.0,-0.4299999999999997,-3.5399999999999996,0.01,0.0899999999999999,-0.1699999999999999,-0.12,0.0599999999999999,-0.7,-14,-10,1
5.0800000000000125,2.0,7.6200000000000045,-1.85,-0.1799999999999997,-0.08,0.01,0.6200000000000001,0.1599999999999999,0.16,0.3999999999999999,-10,-4,1
-5.079999999999984,-1.0,-2.5400000000000205,1.2399999999999998,1.23,0.0,0.04,-4.56,0.01,0.04,-0.7,-1,4,1
5.079999999999984,4.0,2.539999999999992,0.7599999999999998,0.8999999999999999,-0.08,0.04,1.55,0.0,0.32,-0.8,-9,-5,1
15.23999999999998,-6.0,10.159999999999997,2.12,1.83,0.02,-0.1099999999999999,-1.85,-0.24,-0.2799999999999999,0.5,6,6,1
7.6200000000000045,-7.0,5.0800000000000125,-1.0300000000000002,0.6599999999999997,-0.06,-0.17,-1.19,-0.57,0.0299999999999999,0.5,0,-5,1
17.78,1.0,10.159999999999997,0.69,-3.29,-0.04,0.25,0.4100000000000001,0.2399999999999999,0.44,0.6,1,-1,1
7.6200000000000045,-5.0,7.6200000000000045,0.6099999999999999,-0.6500000000000004,0.14,0.0899999999999999,-1.02,0.25,0.12,0.5,2,-4,1
-10.159999999999997,-2.0,0.0,-0.96,0.49,-0.06,0.0,-1.0799999999999998,-0.06,-0.2,0.4999999999999999,1,6,1
2.539999999999992,1.0,-2.539999999999992,-1.09,0.0700000000000002,-0.0499999999999999,-0.0699999999999999,-1.0400000000000005,-0.37,-0.0899999999999999,0.8,3,0,1
2.539999999999992,-11.0,5.0800000000000125,-0.9899999999999998,-0.3900000000000001,-0.2099999999999999,0.0399999999999999,-0.5699999999999998,-0.0399999999999999,0.59,-0.8,2,4,1
-2.539999999999992,0.0,-2.539999999999992,0.29,0.2899999999999998,0.0,-0.01,2.29,0.01,-0.0399999999999999,-0.8,12,-3,1
2.5400000000000205,6.0,0.0,2.47,1.2800000000000002,0.14,-0.12,-6.01,-0.18,0.51,0.0,19,19,1
-10.159999999999997,0.0,-10.159999999999997,0.49,0.71,-0.01,0.0999999999999999,2.8699999999999997,0.0799999999999999,0.25,-0.4999999999999999,20,9,1
-7.6200000000000045,9.0,-7.619999999999976,-0.4500000000000002,-1.2399999999999998,-0.04,0.1699999999999999,1.91,-0.02,0.39,-3.7,5,4,1
2.539999999999992,-2.0,0.0,1.5799999999999998,1.38,-0.1999999999999999,0.02,-1.14,-0.39,0.32,0.8,7,1,1
-7.619999999999976,-1.0,-12.699999999999989,-2.28,-0.2099999999999999,0.01,-0.0599999999999999,1.19,-0.71,-0.39,2.3,3,0,1
-5.0800000000000125,-2.0,0.0,-1.3499999999999996,1.73,-0.25,-0.12,-1.88,-0.15,-0.0599999999999999,1.5,13,8,1
0.0,-4.0,-2.539999999999992,1.52,0.3299999999999998,0.0999999999999999,0.0,0.04,0.13,0.41,-0.3,-56,-3,1
-7.6200000000000045,-1.0,-10.160000000000023,1.76,-0.2099999999999999,0.0999999999999999,0.02,-2.21,-0.07,-0.33,0.0999999999999999,-17,-6,1
-7.6200000000000045,8.0,5.0800000000000125,1.7699999999999998,-0.4200000000000004,0.0499999999999999,0.0,0.0499999999999999,0.05,0.15,2.4,12,6,1
5.0800000000000125,-5.0,2.539999999999992,1.4500000000000002,-2.26,0.2,0.0799999999999999,1.12,-0.1599999999999999,0.02,-0.1999999999999999,3,6,1
5.079999999999984,9.0,2.539999999999992,-0.6099999999999999,0.79,-0.08,-0.12,-1.7200000000000002,-0.0899999999999999,-0.1099999999999999,0.0,-5,4,1
-7.619999999999976,3.0,-5.0800000000000125,0.27,-0.3700000000000001,-0.06,0.06,0.3700000000000001,0.04,0.02,0.1,-16,2,1
12.700000000000015,1.0,7.619999999999976,-0.33,-0.8399999999999999,-0.06,0.03,-1.4699999999999998,0.14,-0.1099999999999999,0.3,-13,-10,1
7.6200000000000045,-1.0,-2.539999999999992,-2.32,-1.3499999999999996,-0.03,-0.04,-0.7399999999999999,-0.8,-0.13,-0.4999999999999999,11,4,1
5.0800000000000125,-9.0,2.5400000000000205,-0.0099999999999997,-0.75,0.01,-0.02,2.64,0.06,0.13,0.0,4,-7,1
20.319999999999993,-3.0,7.6200000000000045,3.0,2.48,-0.0499999999999999,0.01,-0.1899999999999999,-0.2,0.1599999999999999,0.1,7,4,1
0.0,-1.0,7.6200000000000045,-1.95,-0.0299999999999998,0.0,0.01,2.04,0.1499999999999999,0.16,0.3999999999999999,-10,-4,1
-5.079999999999984,-2.0,-10.159999999999997,0.1699999999999999,-0.8300000000000001,0.07,-0.01,0.5599999999999999,0.02,0.27,-1.4,7,8,1
-12.699999999999989,0.0,-5.079999999999984,0.8199999999999998,-0.5699999999999998,0.24,0.0,2.13,0.37,0.23,0.7,1,0,1
0.0,4.0,5.079999999999984,0.71,0.7600000000000002,0.0399999999999999,-0.0399999999999999,-1.56,0.11,0.35,-1.7000000000000002,-17,-2,1
2.5400000000000205,2.0,5.079999999999984,1.4699999999999998,-0.2999999999999998,0.07,-0.0199999999999999,-1.0499999999999998,-0.08,-0.35,0.0999999999999998,7,-2,1
-5.079999999999984,0.0,2.5400000000000205,0.2600000000000002,0.0300000000000002,-0.12,0.24,-1.6799999999999995,-0.05,0.1699999999999999,-0.2000000000000001,2,0,1
2.539999999999992,-3.0,-5.0800000000000125,-0.1899999999999999,2.22,-0.1899999999999999,0.06,-0.45,0.3,0.2899999999999999,-0.1999999999999997,-12,-5,1
-15.240000000000007,11.0,-12.700000000000015,0.8500000000000001,0.2400000000000002,0.07,0.0,0.35,0.0499999999999999,0.0699999999999999,-1.6,-3,-8,1
-5.079999999999984,-5.0,-7.6200000000000045,-1.2200000000000002,-1.86,-0.0999999999999999,0.0399999999999999,1.07,0.35,-0.26,1.0,3,-1,1
-5.079999999999984,0.0,-2.5400000000000205,2.1,1.7000000000000002,-0.3299999999999999,-0.1,-1.44,0.27,0.27,-3.5,6,7,1
7.6200000000000045,-8.0,5.0800000000000125,1.6399999999999997,0.0399999999999998,0.0,0.1899999999999999,1.21,0.24,0.48,-0.0999999999999998,-19,-7,1
5.079999999999984,7.0,7.6200000000000045,0.1800000000000001,0.52,-0.05,-0.0399999999999999,-0.53,0.2199999999999999,0.19,-0.6,-14,-5,1
-17.78,-5.0,-5.079999999999984,0.98,0.6199999999999997,-0.1399999999999999,-0.0499999999999999,-1.0700000000000005,-0.2099999999999999,-0.24,0.0,-7,3,1
-10.159999999999997,6.0,7.619999999999976,0.33,-1.0399999999999998,0.08,0.0499999999999999,-0.72,0.18,-0.03,-0.5,6,-10,1
2.539999999999992,7.0,0.0,-1.53,0.4399999999999999,-0.03,-0.06,0.4199999999999999,-0.21,-0.36,0.9000000000000001,13,5,1
-5.0800000000000125,3.0,0.0,-2.76,-1.14,0.07,-0.25,-0.56,-0.28,-0.64,0.2,0,3,1
-12.699999999999989,1.0,-10.159999999999997,-1.66,0.33,0.0,-0.1899999999999999,2.8099999999999996,-0.1599999999999999,-0.02,0.7,6,3,1
15.23999999999998,-4.0,-2.539999999999992,0.3399999999999998,0.25,-0.06,0.21,0.7999999999999998,0.0,0.4299999999999999,-0.1,10,7,1
0.0,-2.0,5.079999999999984,1.0,-0.6799999999999997,0.0299999999999999,-0.0499999999999999,-1.0,0.1,-0.15,-0.0999999999999999,-15,-12,1
-2.539999999999992,5.0,-5.0800000000000125,0.8300000000000001,-1.6800000000000002,-0.03,0.2199999999999999,-0.8200000000000001,0.0399999999999999,0.13,0.6,0,5,1
0.0,-1.0,-2.539999999999992,-2.19,-0.29,-0.01,-0.02,1.93,0.01,0.0999999999999999,-0.3,-11,-1,1
5.0800000000000125,-11.0,5.0800000000000125,0.8599999999999999,-0.6500000000000004,-0.04,0.15,-0.1599999999999999,-0.0999999999999999,0.3699999999999999,0.7,2,-9,1
5.079999999999984,-6.0,2.5400000000000205,-0.0799999999999996,-0.06,-0.02,-0.02,4.659999999999999,0.18,0.1999999999999999,0.7,2,-2,1
5.0800000000000125,-3.0,2.539999999999992,1.88,0.92,0.06,-0.08,-0.06,0.1399999999999999,0.2599999999999999,-1.2999999999999998,-24,0,1
0.0,-5.0,-2.5400000000000205,0.6000000000000001,-0.2099999999999999,-0.0299999999999999,0.01,1.62,0.01,0.05,-0.5,-1,2,1
5.0800000000000125,-9.0,-5.0800000000000125,-0.0299999999999998,0.3900000000000001,-0.04,0.04,0.01,0.0499999999999999,0.0799999999999999,-2.1,-8,-3,1
-20.319999999999993,12.0,-22.859999999999985,0.1100000000000003,1.0699999999999998,-0.01,0.1699999999999999,-1.2699999999999998,0.3399999999999999,0.13,-2.0,21,16,1
2.5400000000000205,-1.0,2.5400000000000205,-1.0499999999999998,-0.02,0.1699999999999999,-0.02,-0.81,0.1099999999999999,0.0599999999999999,0.1,5,4,1
5.079999999999984,2.0,12.699999999999989,1.2000000000000006,-0.2000000000000001,-0.15,0.0899999999999999,-0.59,0.47,0.16,-0.1,16,3,1
-2.539999999999992,-6.0,5.079999999999984,-1.8,-2.33,0.18,-0.1099999999999999,0.4299999999999999,0.27,-0.35,0.7,1,-1,1
7.6200000000000045,0.0,2.539999999999992,0.8699999999999999,-0.3700000000000001,0.0399999999999999,-0.04,-0.49,0.04,0.0999999999999999,-0.8,1,1,1
2.539999999999992,-10.0,-2.539999999999992,-0.0099999999999997,-1.3299999999999996,-0.07,0.0599999999999999,-1.02,-0.07,0.3,0.3,1,-3,1
-12.699999999999989,-6.0,-2.539999999999992,0.51,-0.4500000000000002,-0.14,0.1399999999999999,0.55,0.23,0.49,-1.5,9,-4,1
-10.159999999999997,0.0,0.0,-1.0399999999999998,-0.9200000000000004,0.0399999999999999,0.04,0.9400000000000002,-0.26,0.3,-0.8999999999999999,7,3,1
2.539999999999992,-5.0,2.5400000000000205,0.4199999999999999,0.9299999999999996,0.14,-0.0599999999999999,1.2299999999999998,-0.64,0.0599999999999999,0.3,2,6,1
0.0,-6.0,0.0,0.2799999999999998,0.27,0.01,0.0299999999999999,0.74,-0.3,-0.19,0.7,-4,3,1
2.5400000000000205,3.0,5.0800000000000125,0.81,0.02,-0.14,0.0699999999999999,-0.9599999999999996,0.0,0.0799999999999999,0.0,-8,-7,1
5.0800000000000125,4.0,5.079999999999984,-0.08,-1.37,0.13,-0.02,2.09,0.27,0.1,0.0,-1,-6,1
10.159999999999997,1.0,5.079999999999984,1.0299999999999998,-0.26,0.16,0.02,-0.52,0.29,0.33,-0.1999999999999999,3,-5,1
-5.0800000000000125,0.0,-2.5400000000000205,1.71,-0.0100000000000002,0.0099999999999999,0.03,-1.96,0.04,-0.03,-0.6,-5,1,1
-15.240000000000007,7.0,-12.700000000000015,-1.82,0.4599999999999999,-0.0999999999999999,0.0,-0.7100000000000002,-0.1499999999999999,-0.52,0.5000000000000001,23,17,1
0.0,-8.0,10.160000000000023,1.16,0.5099999999999998,0.1099999999999999,-0.13,0.94,0.01,0.07,0.0,-1,-4,1
5.079999999999984,0.0,7.6200000000000045,0.0500000000000002,-0.2599999999999998,-0.01,-0.02,-1.96,-0.01,-0.39,0.8,-1,0,1
10.159999999999997,-4.0,7.6200000000000045,1.2600000000000002,1.71,-0.1699999999999999,0.08,-1.38,0.06,-0.25,0.6000000000000001,6,7,1
-7.6200000000000045,11.0,2.539999999999992,2.36,-0.8500000000000001,0.02,0.15,-0.66,0.12,0.13,-0.9,2,-3,1
12.699999999999989,-5.0,7.619999999999976,0.2299999999999999,-0.91,0.09,0.0699999999999999,0.3,0.0999999999999999,-0.0399999999999999,1.3,3,-2,1
0.0,-7.0,-2.5400000000000205,1.75,0.4100000000000001,0.0099999999999999,0.0799999999999999,-1.2,0.3,0.38,-0.3,0,6,1
7.6200000000000045,-7.0,2.539999999999992,0.6300000000000001,1.5,-0.0099999999999999,0.0,-3.62,-0.1999999999999999,-0.2,3.4999999999999996,-11,-5,1
-2.5400000000000205,-8.0,5.079999999999984,0.81,-0.1900000000000004,0.07,0.04,0.0,0.04,0.16,-0.1999999999999999,5,-3,1
-2.539999999999992,-2.0,0.0,0.6400000000000001,-1.09,-0.0399999999999999,0.04,-1.95,0.0899999999999999,-0.28,0.3,18,1,1
22.860000000000017,-1.0,5.079999999999984,1.2200000000000002,-0.6099999999999999,0.06,-0.0899999999999999,2.11,0.16,-0.26,-0.0999999999999999,-8,-1,1
-5.079999999999984,6.0,-5.079999999999984,-1.7200000000000002,-1.6799999999999995,-0.0799999999999999,0.0999999999999999,1.33,0.2299999999999999,-0.09,0.8999999999999999,11,5,1
0.0,10.0,0.0,-0.8999999999999999,0.4000000000000003,0.07,-0.0699999999999999,-0.9900000000000002,-0.21,-0.29,0.0,-2,4,1
-5.079999999999984,2.0,-7.619999999999976,-0.2100000000000002,-0.02,-0.0399999999999999,-0.04,3.65,0.23,0.53,-0.5999999999999999,17,9,1
-5.079999999999984,-1.0,2.5400000000000205,0.6299999999999999,0.29,0.12,0.1,-2.5199999999999996,-0.13,-0.12,0.2999999999999999,-2,1,1
10.160000000000023,3.0,-5.0800000000000125,2.85,-0.2200000000000002,0.01,0.15,0.04,0.16,0.19,-0.5,-11,-3,1
-2.539999999999992,16.0,-2.5400000000000205,0.73,-1.41,0.1199999999999999,0.02,-0.02,0.07,-0.08,-0.6000000000000001,2,0,1
7.6200000000000045,-4.0,2.539999999999992,1.99,-0.8700000000000001,0.17,0.0899999999999999,1.7000000000000002,0.26,0.1899999999999999,0.7000000000000001,9,-9,1
0.0,-3.0,-2.539999999999992,-0.4000000000000003,0.5,0.01,-0.03,-0.1499999999999999,-0.1,-0.2999999999999999,1.4,17,9,1
-10.159999999999997,3.0,-17.78,0.5,0.81,0.07,-0.06,0.19,-0.25,-0.13,-1.5,0,-6,1
7.6200000000000045,0.0,5.079999999999984,0.75,-3.63,0.15,0.0799999999999999,2.15,-0.08,0.08,1.6,19,4,1
2.539999999999992,-4.0,-2.539999999999992,-1.2199999999999998,0.77,-0.14,-0.08,2.02,0.4,0.14,1.1,10,5,1
5.0800000000000125,-4.0,0.0,-0.71,0.0,0.01,-0.0699999999999999,0.55,-0.2299999999999999,-0.01,-0.7999999999999998,7,1,1
-10.159999999999997,-8.0,-7.6200000000000045,1.2200000000000002,0.7399999999999998,0.0,0.02,1.44,0.0899999999999999,0.4,-0.7000000000000001,16,11,1
15.240000000000007,6.0,2.5400000000000205,0.8400000000000001,0.56,-0.0999999999999999,0.12,0.9800000000000002,-0.1699999999999999,0.35,0.1,-1,-3,1
7.6200000000000045,4.0,5.0800000000000125,0.3399999999999998,-0.27,0.12,0.0499999999999999,-1.37,0.26,-0.01,0.0,-1,-8,1
-10.159999999999997,1.0,0.0,0.3899999999999999,-0.1400000000000001,-0.04,0.0,2.5599999999999996,0.1,0.19,-2.0,12,-13,1
-2.539999999999992,1.0,-2.539999999999992,-0.4200000000000001,0.6299999999999999,-0.08,0.01,0.08,-0.21,0.0399999999999999,1.7,6,-6,1
-17.78,0.0,-5.0800000000000125,1.4300000000000002,0.5,-0.0299999999999999,0.05,-1.36,-0.0499999999999999,0.34,-1.0,11,6,1
0.0,-4.0,5.079999999999984,0.6399999999999997,0.0700000000000002,0.1099999999999999,0.0,0.97,0.22,0.1099999999999999,0.2,-11,-5,1
22.859999999999985,-4.0,17.78,2.4400000000000004,0.94,0.04,-0.03,-2.21,-0.04,-0.2799999999999999,0.6000000000000001,7,3,1
2.539999999999992,7.0,-2.5400000000000205,2.0399999999999996,-0.1800000000000001,0.06,0.02,-0.6699999999999999,0.27,-0.2099999999999999,0.1999999999999999,-5,-5,1
7.619999999999976,1.0,2.539999999999992,-0.9999999999999998,0.2800000000000002,0.13,-0.1699999999999999,1.04,-0.09,-0.29,1.2,14,7,1
-5.0800000000000125,-3.0,-2.5400000000000205,1.0699999999999998,-0.71,0.0799999999999999,0.04,-1.2599999999999998,0.1,-0.08,0.3,-22,-13,1
17.78,-1.0,2.539999999999992,1.41,-2.16,0.2099999999999999,-0.08,1.84,0.41,0.01,0.5,9,5,1
-5.0800000000000125,8.0,-5.079999999999984,-1.0,-1.0500000000000005,0.1499999999999999,0.07,0.04,-0.08,-0.17,0.7000000000000001,4,-3,1
-5.079999999999984,1.0,2.539999999999992,1.15,-0.1700000000000001,0.0399999999999999,-0.0799999999999999,0.5500000000000003,0.09,-0.2699999999999999,-0.5999999999999999,9,-4,1
2.539999999999992,5.0,2.539999999999992,0.04,-0.0099999999999997,-0.13,-0.12,-2.46,0.37,-0.01,-0.9,0,-5,1
-7.6200000000000045,-9.0,-2.5400000000000205,0.2799999999999998,-0.2000000000000001,0.19,-0.01,1.08,-0.1899999999999999,-0.08,0.1,16,4,1
0.0,-2.0,0.0,-0.1999999999999997,-0.94,-0.02,0.0699999999999999,2.74,0.2299999999999999,-0.13,0.7,-4,-5,1
-10.159999999999997,4.0,-5.0800000000000125,-0.1899999999999999,0.2200000000000002,0.18,-0.0699999999999999,0.01,0.1199999999999999,-0.29,-0.7,0,4,1
2.5400000000000205,6.0,10.159999999999997,-0.1600000000000001,1.5599999999999996,0.06,0.01,0.32,-0.0799999999999999,-0.28,-0.2,-5,0,1
-2.539999999999992,-4.0,0.0,1.89,-1.31,0.02,0.32,1.03,0.47,0.3399999999999999,0.1999999999999999,2,-4,1
7.6200000000000045,2.0,2.539999999999992,2.18,2.0199999999999996,0.0499999999999999,0.02,-2.31,0.3,0.2099999999999999,1.3000000000000005,-2,2,1
7.6200000000000045,-5.0,0.0,0.0100000000000002,1.05,-0.0499999999999999,-0.06,2.61,-0.01,-0.12,0.8,-18,0,1
0.0,-1.0,-2.539999999999992,0.1899999999999999,0.56,-0.07,0.0199999999999999,-1.37,0.0499999999999999,0.45,-1.0,10,14,1
-5.0800000000000125,-8.0,-5.0800000000000125,3.2,-1.8899999999999997,0.01,0.12,1.05,0.43,0.63,-0.8999999999999999,23,-2,1
5.0800000000000125,-3.0,5.079999999999984,1.11,-3.59,0.23,0.12,0.8799999999999999,0.15,0.18,-0.6,6,1,1
7.619999999999976,-4.0,12.699999999999989,-1.9299999999999995,-0.1600000000000001,-0.18,0.1099999999999999,-1.76,-0.07,-0.4299999999999999,0.8999999999999999,1,0,1
5.079999999999984,0.0,7.6200000000000045,-1.41,0.0899999999999998,0.19,-0.24,2.4099999999999997,0.21,-0.35,1.3,-3,0,1
-20.319999999999993,7.0,-12.700000000000015,-1.7999999999999998,1.2400000000000002,-0.14,-0.2599999999999999,-2.1100000000000003,-0.54,-0.4499999999999999,-0.2,-15,5,1
2.539999999999992,4.0,0.0,-0.8999999999999999,-0.75,-0.01,0.0699999999999999,0.95,0.24,0.18,-0.4,-14,-2,1
5.0800000000000125,-4.0,-2.5400000000000205,0.8700000000000001,-2.46,0.12,0.04,1.83,0.2,0.1,0.0,5,-4,1
-5.0800000000000125,-2.0,2.5400000000000205,-0.2999999999999998,-0.04,0.01,0.0599999999999999,0.92,-0.1099999999999999,0.2299999999999999,-0.0999999999999999,19,6,1
10.159999999999997,2.0,10.159999999999997,-0.3900000000000001,-0.7000000000000002,0.0,-0.0499999999999999,0.0499999999999999,0.19,0.01,0.7999999999999999,5,9,1
7.6200000000000045,1.0,5.079999999999984,-0.4700000000000002,-0.6599999999999997,-0.0199999999999999,0.01,1.19,0.06,-0.1699999999999999,0.2,18,2,1
-2.539999999999992,1.0,-5.079999999999984,-0.91,0.5899999999999999,0.0399999999999999,-0.06,1.45,-0.19,-0.2199999999999999,2.0,1,-2,1
-12.700000000000015,0.0,-7.6200000000000045,-1.82,-1.0499999999999998,-0.24,0.0,1.28,0.44,0.0299999999999999,-0.9,3,-1,1
0.0,1.0,2.539999999999992,0.8500000000000001,1.9799999999999995,-0.0199999999999999,0.01,0.44,0.16,0.0999999999999999,-0.0999999999999996,0,0,1
-7.619999999999976,5.0,-2.539999999999992,0.1,-0.91,0.0499999999999999,-0.01,-0.3499999999999998,-0.13,-0.33,1.9,8,11,1
-5.079999999999984,3.0,-2.539999999999992,-1.34,-0.56,0.02,-0.1099999999999999,2.4499999999999997,0.04,-0.02,0.8,7,0,1
-2.539999999999992,-1.0,2.5400000000000205,-0.29,0.8099999999999996,0.11,-0.0299999999999999,0.6099999999999999,-0.7,-0.41,0.6,-3,-1,1
10.159999999999997,-2.0,5.0800000000000125,0.03,-0.47,0.09,0.02,1.3299999999999998,0.0,0.58,0.2999999999999998,-24,-12,1
10.160000000000023,-3.0,-2.539999999999992,0.98,-0.5800000000000001,0.09,0.12,3.0,0.26,0.1599999999999999,0.7,-13,-7,1
-12.699999999999989,12.0,-17.78,-1.3800000000000003,-1.0799999999999998,0.1599999999999999,-0.02,2.67,-0.54,-0.17,0.4,-12,1,1
0.0,-4.0,0.0,-1.9099999999999997,-1.2799999999999998,-0.09,0.0999999999999999,0.4400000000000001,-0.5900000000000001,0.2199999999999999,1.3,8,0,1
-10.159999999999997,1.0,-5.0800000000000125,2.55,-0.6300000000000003,-0.08,0.1599999999999999,-0.1199999999999998,0.5,0.28,-1.3,4,-9,1
12.699999999999989,1.0,-5.0800000000000125,-1.6199999999999997,-1.6699999999999997,0.08,-0.0499999999999999,2.25,-0.05,-0.2,-1.2,14,-9,1
0.0,0.0,5.0800000000000125,0.98,0.31,0.1299999999999999,-0.0699999999999999,-1.13,-0.06,-0.37,-0.2000000000000001,-11,2,1
10.159999999999997,3.0,10.159999999999997,0.3799999999999999,-0.56,0.08,-0.1499999999999999,-0.1599999999999997,-0.12,-0.1099999999999999,-0.0999999999999999,4,-8,1
0.0,-3.0,0.0,-0.0599999999999998,-1.1900000000000004,-0.08,0.01,4.08,0.53,0.66,-0.5999999999999999,11,1,1
5.0800000000000125,-2.0,7.6200000000000045,2.6399999999999997,-0.3700000000000001,0.29,0.18,-1.45,0.53,0.3899999999999999,0.1,24,5,1
-2.5400000000000205,8.0,0.0,-1.3400000000000003,-1.41,0.07,0.2,-0.94,0.14,0.36,0.3,20,3,1
0.0,-7.0,10.159999999999997,1.04,-1.41,0.19,0.13,0.1400000000000001,0.23,-0.08,0.1,19,-3,1
12.699999999999989,0.0,-2.539999999999992,0.91,-2.66,0.2099999999999999,-0.02,0.56,0.14,-0.1499999999999999,-0.3,5,0,1
-5.079999999999984,-9.0,-12.699999999999989,-0.3400000000000003,0.4899999999999997,-0.0499999999999999,0.0,2.26,-0.08,0.29,-0.1,3,2,1
0.0,3.0,0.0,0.06,0.52,-0.0099999999999999,0.0,0.4199999999999999,-0.15,0.06,-0.6000000000000001,7,3,1
-5.0800000000000125,-7.0,-2.539999999999992,-1.06,0.1499999999999999,-0.19,0.1499999999999999,5.17,0.04,-0.07,-0.4999999999999999,-13,-12,1
7.6200000000000045,2.0,-2.5400000000000205,-1.39,-0.1799999999999997,-0.0399999999999999,-0.0899999999999999,0.86,0.06,-0.2299999999999999,1.6,0,8,1
-2.539999999999992,-4.0,-2.539999999999992,1.45,0.4299999999999999,0.14,-0.0599999999999999,0.29,0.36,0.1999999999999999,-0.3,22,12,1
5.079999999999984,5.0,-2.539999999999992,0.3800000000000003,-0.1699999999999999,-0.11,-0.0399999999999999,-2.03,0.4,0.27,-0.6,2,-4,1
-2.5400000000000205,3.0,-2.539999999999992,-1.13,0.1699999999999999,0.0,-0.02,0.1299999999999999,-0.0299999999999999,0.05,0.0,-2,4,1
17.78,5.0,10.159999999999997,-1.32,-0.1699999999999999,0.1,-0.06,0.29,-0.2499999999999999,-0.18,1.2,3,5,1
-2.539999999999992,-1.0,-5.0800000000000125,2.4400000000000004,-0.6699999999999999,0.0399999999999999,0.0899999999999999,-0.76,0.07,0.13,-1.5,16,1,1
0.0,-9.0,-7.6200000000000045,2.61,1.85,-0.11,0.21,-1.54,0.18,0.2299999999999999,-1.2,12,11,1
7.6200000000000045,1.0,5.0800000000000125,1.2800000000000002,0.8999999999999999,0.1099999999999999,0.0299999999999999,-0.4100000000000001,0.03,0.3,0.2,1,5,1
-5.0800000000000125,-5.0,0.0,-0.4899999999999997,-0.1699999999999999,-0.01,-0.03,1.59,0.14,0.1999999999999999,-0.3,23,3,1
5.0800000000000125,-3.0,-2.539999999999992,0.8500000000000001,-0.73,-0.1599999999999999,0.03,-0.8099999999999998,0.1999999999999999,0.12,0.0999999999999998,-7,-5,1
5.079999999999984,1.0,-5.079999999999984,0.2799999999999998,1.33,-0.14,-0.0099999999999998,-0.9400000000000002,-0.31,-0.1599999999999999,0.2,-13,-4,1
5.079999999999984,-3.0,0.0,0.1600000000000001,-0.1,0.0,0.01,3.97,0.24,0.29,-1.2000000000000002,-18,-10,1
0.0,-4.0,2.5400000000000205,1.0100000000000002,0.48,0.06,0.0299999999999999,-0.1399999999999999,-0.0399999999999999,0.03,0.0999999999999999,-7,-4,1
-5.079999999999984,7.0,0.0,-0.8400000000000001,-1.7000000000000002,0.1,-0.0299999999999999,1.02,-0.1399999999999999,-0.2,1.7,8,0,1
7.6200000000000045,-8.0,5.0800000000000125,1.6399999999999997,0.0399999999999998,0.0,0.1899999999999999,1.21,0.24,0.48,-0.0999999999999998,-19,-7,1
15.23999999999998,-5.0,27.94,3.2600000000000007,-0.2600000000000002,0.1099999999999999,0.02,-0.95,0.88,0.0899999999999999,-0.6,-29,-16,1
0.0,3.0,0.0,1.17,1.7599999999999998,0.04,-0.0699999999999999,-0.7600000000000002,0.2199999999999999,-0.0599999999999999,0.7,-7,-4,1
-2.539999999999992,2.0,0.0,0.8499999999999996,-1.0299999999999998,0.09,0.14,-1.32,0.13,0.0499999999999999,-1.8,-3,-4,1
12.699999999999989,0.0,7.619999999999976,3.76,1.33,0.1099999999999999,-0.04,-2.8,-0.21,-0.32,0.1999999999999999,-7,-4,1
0.0,0.0,-12.700000000000015,-1.7799999999999998,-0.3899999999999997,-0.06,-0.1199999999999999,1.35,-0.35,-0.17,-1.5,-20,-11,1
0.0,6.0,0.0,-2.4,-0.79,-0.1599999999999999,-0.06,1.27,0.0399999999999999,-0.13,0.4999999999999999,-13,-5,1
-12.699999999999989,3.0,2.539999999999992,-0.7000000000000002,2.22,-0.1499999999999999,-0.01,-0.79,-0.15,0.1099999999999999,-0.4,8,4,1
-15.240000000000007,-1.0,-2.539999999999992,1.0900000000000003,0.2899999999999996,0.0199999999999999,0.0999999999999999,-0.24,0.1399999999999999,0.48,0.8999999999999999,-8,-2,1
2.5400000000000205,-1.0,2.5400000000000205,-1.0499999999999998,-0.02,0.1699999999999999,-0.02,-0.81,0.1099999999999999,0.0599999999999999,0.1,5,4,1
-17.78,3.0,-10.160000000000023,-0.2400000000000002,0.8599999999999999,-0.05,-0.0799999999999999,1.8699999999999997,0.13,-0.0399999999999999,-0.9,22,-2,1
10.159999999999997,-1.0,5.079999999999984,0.6299999999999999,-1.36,0.0999999999999999,0.0,1.6900000000000002,0.21,0.31,0.2,7,-2,1
-22.860000000000017,-5.0,-10.159999999999997,-2.49,0.76,-0.22,0.0,0.91,-0.2,-0.16,0.7,-11,-4,1
2.539999999999992,-7.0,-2.539999999999992,-0.6499999999999999,-2.1799999999999997,-0.0999999999999999,0.0699999999999999,0.52,0.06,0.59,-0.0999999999999999,17,1,1
-5.079999999999984,2.0,-2.539999999999992,-0.8599999999999999,-0.1200000000000001,-0.19,0.19,0.4699999999999997,0.3,0.0299999999999999,0.1,0,1,1
5.0800000000000125,-11.0,5.0800000000000125,1.12,-1.42,0.0,0.2099999999999999,1.5300000000000002,-0.25,0.1,-1.9,-9,-5,1
7.619999999999976,5.0,5.0800000000000125,-1.76,-1.0099999999999998,0.04,0.04,-0.53,-0.3099999999999999,-0.24,1.0,-2,0,1
0.0,3.0,2.539999999999992,1.52,1.7199999999999998,0.01,0.0599999999999999,2.54,-0.1599999999999999,0.44,-2.3,-2,0,1
-15.23999999999998,12.0,-2.539999999999992,-1.12,-1.9399999999999995,0.12,-0.05,1.7,-0.08,0.15,-2.5999999999999996,-1,-3,1
-5.079999999999984,-4.0,-2.5400000000000205,1.63,0.5099999999999998,0.0199999999999999,0.0799999999999999,-1.14,0.2199999999999999,-0.0699999999999999,-0.8999999999999999,-12,-2,1
-2.539999999999992,2.0,2.5400000000000205,0.4500000000000002,0.5899999999999999,0.1,0.08,0.3,-0.52,-0.19,1.4,-4,1,1
7.619999999999976,5.0,0.0,-0.6199999999999997,-1.84,0.05,-0.03,1.7600000000000002,-0.05,-0.39,0.7,29,-5,1
2.5400000000000205,0.0,2.539999999999992,0.7699999999999998,-1.35,-0.07,0.11,0.6300000000000001,0.08,0.25,0.5,-8,-5,1
0.0,-4.0,-7.6200000000000045,-1.0699999999999998,0.5799999999999998,-0.2099999999999999,0.13,1.63,0.08,0.4499999999999999,-2.4,-7,-5,1
2.539999999999992,-10.0,7.6200000000000045,0.7199999999999998,2.26,0.02,-0.02,2.17,0.12,-0.0899999999999999,1.7,1,-3,1
-2.539999999999992,-3.0,-2.5400000000000205,1.6300000000000003,-1.37,-0.03,-0.0599999999999999,2.13,0.46,0.26,-0.8999999999999999,1,-4,1
2.539999999999992,6.0,2.5400000000000205,0.7400000000000002,1.18,-0.1,-0.0099999999999998,-2.04,0.33,0.16,-2.6,-16,-3,1
-5.079999999999984,-1.0,-2.539999999999992,1.62,-0.1999999999999997,-0.02,0.0899999999999999,-0.27,0.0799999999999999,-0.03,-0.3,4,-2,1
10.159999999999997,-1.0,5.079999999999984,2.42,0.2099999999999999,-0.04,0.01,0.1899999999999999,-0.02,0.1399999999999999,-0.3,-10,-6,1
12.699999999999989,0.0,5.079999999999984,0.2099999999999999,-1.76,0.29,-0.02,1.0799999999999998,0.14,0.07,-1.0,19,5,1
0.0,10.0,-5.0800000000000125,-1.14,0.3000000000000002,0.0499999999999999,-0.0299999999999999,-1.96,-0.17,-0.29,1.6,3,6,1
-5.0800000000000125,1.0,0.0,0.0899999999999998,1.34,-0.1599999999999999,0.1,-5.380000000000001,-0.44,-0.3,-3.6000000000000005,9,4,1
0.0,3.0,0.0,-0.6400000000000001,-0.8500000000000001,-0.0299999999999999,0.01,1.54,0.13,0.2899999999999999,-0.4,16,4,1
0.0,1.0,0.0,0.1999999999999997,0.8300000000000001,-0.0399999999999999,-0.0199999999999999,-3.76,-0.35,-0.1299999999999999,-0.1999999999999999,7,2,1
-5.0800000000000125,0.0,-5.079999999999984,1.1800000000000002,0.25,0.07,-0.04,0.5599999999999999,0.1099999999999999,0.01,0.0,-3,-1,1
0.0,2.0,-5.079999999999984,0.1799999999999999,0.2600000000000002,-0.0499999999999999,0.1699999999999999,-1.71,-0.2199999999999999,0.19,-0.1999999999999999,-6,-1,1
7.619999999999976,3.0,12.699999999999989,0.4500000000000006,-0.5900000000000003,-0.04,0.04,-0.27,0.64,-0.01,-0.1,-3,-13,1
0.0,2.0,-2.539999999999992,-0.6000000000000001,-0.5,-0.03,-0.0699999999999999,1.4399999999999995,0.0199999999999999,0.2599999999999999,-1.0,-8,0,1
5.0800000000000125,-11.0,5.0800000000000125,1.12,-1.42,0.0,0.2099999999999999,1.5300000000000002,-0.25,0.1,-1.9,-9,-5,1
-7.619999999999976,-6.0,-5.079999999999984,-0.8600000000000003,0.1,0.02,-0.06,1.99,-0.09,-0.2999999999999999,1.5000000000000002,-9,-6,1
-2.539999999999992,2.0,-15.240000000000007,-1.3,-0.8999999999999999,-0.13,0.0599999999999999,-0.9699999999999998,-0.1,0.33,-0.4000000000000001,45,16,1
0.0,0.0,5.0800000000000125,-0.1200000000000001,0.3500000000000001,-0.02,-0.06,-1.6,-0.19,-0.3899999999999999,1.4,26,14,1
-2.5400000000000205,1.0,0.0,-0.1299999999999999,0.5099999999999998,-0.02,-0.1299999999999999,3.28,0.1499999999999999,0.03,-0.7999999999999999,17,6,1
10.160000000000023,5.0,7.6200000000000045,0.1799999999999997,-0.8200000000000003,0.19,0.0799999999999999,-0.6399999999999999,0.36,0.1599999999999999,0.0,12,0,1
-10.159999999999997,-2.0,-10.159999999999997,-0.6199999999999997,-0.5899999999999999,-0.01,0.1099999999999999,1.66,0.0399999999999999,0.13,-1.0,4,-1,1
-2.539999999999992,-6.0,2.539999999999992,0.71,0.5599999999999996,0.0999999999999999,0.0699999999999999,-0.56,0.43,0.1099999999999999,0.4,6,2,1
10.159999999999997,6.0,7.6200000000000045,-1.12,-1.77,0.09,-0.0799999999999999,2.89,-0.0899999999999999,-0.0699999999999999,0.5,7,-8,1
10.159999999999997,8.0,2.5400000000000205,-1.7599999999999998,-2.23,0.12,0.06,1.5900000000000003,-0.0499999999999999,-0.17,1.2,-6,-6,1
5.079999999999984,-2.0,12.700000000000015,-1.0,-1.31,-0.07,0.12,-1.47,-0.0199999999999999,-0.0299999999999999,0.7,-4,1,1
0.0,3.0,2.5400000000000205,0.2299999999999999,-1.0799999999999996,-0.03,0.0299999999999999,0.2799999999999999,-0.21,0.05,-1.5000000000000002,3,3,1
2.539999999999992,8.0,-2.5400000000000205,1.58,-0.2599999999999998,0.18,0.0799999999999999,1.21,-0.41,0.25,-1.2,-3,3,1
7.6200000000000045,6.0,2.539999999999992,-2.7,-0.91,-0.12,0.02,-0.6000000000000001,-0.63,-0.12,1.1,-6,-4,1
0.0,-2.0,0.0,0.5899999999999999,0.1099999999999998,-0.02,0.02,-0.3400000000000001,-0.14,-0.2399999999999999,-0.3999999999999999,-4,-4,1
17.78,3.0,2.539999999999992,-0.0500000000000002,0.6000000000000001,-0.14,-0.0299999999999999,-1.39,-0.05,-0.01,0.0,-29,-11,1
2.5400000000000205,2.0,0.0,-1.89,0.8899999999999999,-0.0399999999999999,-0.0699999999999999,-1.98,-0.2099999999999999,-0.37,0.7000000000000001,62,7,1
0.0,7.0,-7.6200000000000045,0.0,-0.54,-0.07,0.13,-1.46,-0.07,0.0399999999999999,-0.7,8,-1,1
7.619999999999976,3.0,12.699999999999989,0.4500000000000006,-0.5900000000000003,-0.04,0.04,-0.27,0.64,-0.01,-0.1,-3,-13,1
-22.859999999999985,10.0,-17.78,-3.54,-1.13,-0.07,-0.0399999999999999,2.8099999999999996,0.14,-0.0399999999999999,-0.6,10,-6,1
-7.6200000000000045,4.0,0.0,-1.79,0.0699999999999998,0.1,-0.01,1.4200000000000002,-0.13,-0.0299999999999999,-0.0999999999999999,0,5,1
-5.0800000000000125,-1.0,-7.619999999999976,0.6200000000000001,0.3899999999999999,-0.01,0.0899999999999999,4.209999999999999,-0.41,0.24,-1.6,-14,-3,1
10.159999999999997,5.0,17.78,0.3900000000000001,-1.2899999999999998,0.1499999999999999,-0.04,-1.75,-0.06,-0.64,2.4,3,2,1
7.6200000000000045,-2.0,5.079999999999984,-0.4900000000000002,0.0299999999999998,0.02,-0.0699999999999999,0.1400000000000001,-0.0499999999999999,-0.02,0.3,-2,-2,1
5.079999999999984,0.0,10.159999999999997,1.2400000000000002,1.19,0.02,-0.02,-1.66,-0.0999999999999999,0.07,-0.9000000000000001,3,0,1
7.619999999999976,0.0,7.6200000000000045,0.6400000000000001,0.6600000000000001,0.0,-0.1699999999999999,-2.62,-0.22,-0.14,-0.0999999999999999,-4,-4,1
5.0800000000000125,3.0,5.079999999999984,-0.08,-1.48,0.07,0.03,1.0700000000000005,0.15,-0.1599999999999999,0.5,2,-9,1
-5.0800000000000125,-5.0,0.0,0.4900000000000002,-0.92,-0.1699999999999999,0.14,0.4300000000000001,0.0399999999999999,-0.0799999999999999,-0.6,-5,4,1
0.0,5.0,2.539999999999992,2.51,-1.5700000000000005,0.0,0.19,0.8800000000000001,0.24,0.27,0.6,6,-4,1
15.23999999999998,-3.0,5.0800000000000125,1.02,-1.8000000000000005,0.05,0.1599999999999999,2.97,0.1899999999999999,0.0899999999999999,0.6000000000000001,10,-12,1
-2.539999999999992,-2.0,0.0,1.28,-0.4700000000000002,0.07,0.05,-0.1499999999999999,0.18,0.3699999999999999,-1.4999999999999998,-16,3,1
-12.699999999999989,-6.0,-2.539999999999992,1.17,1.84,0.0,0.0299999999999999,-0.51,0.13,0.02,0.2,-22,-10,1
5.0800000000000125,-8.0,5.079999999999984,1.0,1.0500000000000005,-0.1499999999999999,-0.07,-0.04,0.08,0.17,-0.7000000000000001,-4,3,1
-7.6200000000000045,3.0,0.0,1.41,-0.1999999999999999,0.0799999999999999,0.0399999999999999,-5.84,-0.44,-0.52,-3.0000000000000004,21,9,1
2.539999999999992,-6.0,2.5400000000000205,0.1200000000000001,1.18,-0.2199999999999999,-0.0299999999999999,-2.34,0.29,0.2300000000000001,-0.5,2,-3,1
-15.23999999999998,1.0,-2.539999999999992,-3.3,-2.15,0.09,-0.02,1.1700000000000002,0.23,0.02,-0.4,18,7,1
-12.700000000000015,-11.0,-7.6200000000000045,2.83,-1.7999999999999998,0.0999999999999999,0.0599999999999999,2.18,0.78,0.62,-1.2,12,0,1
10.159999999999997,1.0,5.079999999999984,0.73,-0.8500000000000001,-0.0999999999999999,0.17,1.32,0.4,0.24,0.5,-2,-1,1
5.079999999999984,-1.0,0.0,0.3599999999999999,0.8399999999999999,0.02,-0.0599999999999999,1.2299999999999998,0.01,0.42,-1.9,-14,-5,1
0.0,-9.0,-5.079999999999984,-0.29,0.2299999999999999,-0.06,-0.02,0.2999999999999999,-0.09,-0.0999999999999999,0.7000000000000001,2,2,1
2.539999999999992,1.0,5.0800000000000125,0.33,1.7799999999999998,0.06,-0.08,-0.2099999999999999,-0.29,-0.1499999999999999,1.1,4,-2,1
-7.619999999999976,1.0,-5.079999999999984,3.01,1.04,0.03,0.1099999999999999,-3.74,-0.4499999999999999,0.1399999999999999,-0.5,-2,2,1
-2.539999999999992,4.0,-2.539999999999992,-0.2800000000000002,-0.75,0.0899999999999999,0.03,-0.5099999999999999,-0.04,0.0,0.7000000000000001,-6,-5,1
10.159999999999997,-3.0,2.539999999999992,-0.8600000000000003,-0.73,0.0,-0.04,1.06,0.33,0.03,0.7,17,3,1
7.619999999999976,9.0,-7.6200000000000045,-0.27,-0.3299999999999998,0.02,-0.0399999999999999,0.5,-0.05,-0.27,0.6,1,-8,1
22.859999999999985,-8.0,12.700000000000015,1.61,-1.31,0.18,0.1699999999999999,0.0700000000000002,0.2799999999999999,0.2699999999999999,0.7000000000000001,-10,-2,1
-2.539999999999992,-3.0,0.0,-1.4,-0.03,-0.2099999999999999,0.07,-1.5499999999999998,-0.17,-0.45,0.1,57,11,1
-10.159999999999997,2.0,-7.619999999999976,-3.02,-0.8199999999999998,-0.0499999999999999,-0.0299999999999999,0.2299999999999999,-0.08,-0.1399999999999999,-0.1999999999999999,5,3,1
-10.159999999999997,-2.0,-12.699999999999989,0.3099999999999998,0.94,0.01,0.01,1.86,-0.11,-0.0299999999999999,0.8000000000000003,27,10,1
2.539999999999992,-10.0,-2.5400000000000205,0.2399999999999997,-0.94,0.01,0.01,-0.3,0.15,0.14,-1.2,10,7,1
0.0,-5.0,2.539999999999992,0.4899999999999997,-0.6299999999999999,0.0,0.0499999999999999,0.19,0.0299999999999999,0.37,-0.2,-1,6,1
0.0,-8.0,0.0,3.25,-1.7899999999999996,-0.01,0.0799999999999999,1.05,0.48,0.57,-0.5,12,-4,1
5.0800000000000125,2.0,0.0,-0.8500000000000001,0.4299999999999999,0.02,-0.05,-1.33,-0.1699999999999999,-0.01,2.2,8,-4,1
5.0800000000000125,-8.0,2.539999999999992,-1.3499999999999996,-1.34,0.06,-0.01,1.7500000000000002,0.0,0.0699999999999999,-1.7999999999999998,13,-1,1
2.539999999999992,4.0,10.159999999999997,2.04,0.6800000000000002,0.0399999999999999,0.11,-0.95,0.2,0.38,-2.0,-33,-11,1
5.079999999999984,-9.0,0.0,-1.4599999999999995,1.0,-0.1499999999999999,-0.13,-2.1199999999999997,-0.01,0.1099999999999999,-1.2,-9,3,1
-7.619999999999976,-2.0,0.0,0.54,0.02,0.0499999999999999,-0.06,-1.16,-0.13,-0.34,1.8000000000000005,25,10,1
-5.0800000000000125,7.0,-5.079999999999984,-0.56,-0.3900000000000001,0.02,0.02,-0.0399999999999999,-0.3,-0.03,0.5,1,-6,1
7.6200000000000045,0.0,2.539999999999992,1.22,0.1499999999999999,0.0399999999999999,-0.01,0.9300000000000002,0.1699999999999999,0.13,-1.2,-12,-3,1
-5.0800000000000125,-3.0,0.0,-0.0499999999999998,0.1199999999999998,0.0899999999999999,-0.1499999999999999,0.1200000000000001,0.0999999999999999,-0.21,-0.4,0,5,1
5.079999999999984,6.0,2.5400000000000205,1.7800000000000002,0.72,-0.04,0.01,-1.39,0.37,0.52,-1.1,-70,-14,1
12.699999999999989,-9.0,5.0800000000000125,0.9899999999999998,-0.5,0.07,0.1599999999999999,1.81,0.27,0.0799999999999999,0.3,5,-7,1
-2.539999999999992,7.0,0.0,1.1900000000000002,-1.23,0.08,0.02,0.9899999999999998,0.1499999999999999,0.2699999999999999,-0.9999999999999998,-29,-7,1
0.0,1.0,5.079999999999984,2.1799999999999997,-0.3999999999999999,0.2799999999999999,0.06,1.43,0.31,0.44,0.3,24,5,1
10.159999999999997,2.0,15.240000000000007,-0.79,0.73,0.0499999999999999,-0.19,-3.1,-0.42,-0.56,0.5,-6,-1,1
-5.0800000000000125,-1.0,0.0,0.06,-0.3399999999999998,-0.06,0.04,0.4599999999999998,0.2099999999999999,0.1,0.6000000000000001,-1,0,1
-7.6200000000000045,11.0,2.539999999999992,2.36,-0.8500000000000001,0.02,0.15,-0.66,0.12,0.13,-0.9,2,-3,1
20.32000000000002,1.0,5.0800000000000125,-0.1599999999999997,-0.54,-0.0199999999999999,0.0899999999999999,-0.48,-0.12,-0.26,0.4,4,0,1
-5.079999999999984,3.0,-2.539999999999992,-0.96,-1.34,-0.05,-0.01,0.2099999999999999,0.0099999999999999,-0.16,0.9000000000000001,6,5,1
10.159999999999997,-8.0,10.160000000000023,0.5100000000000002,-0.4500000000000002,0.0199999999999999,0.1199999999999999,3.22,0.3899999999999999,0.2099999999999999,0.0999999999999999,13,4,1
5.079999999999984,-4.0,2.539999999999992,1.0499999999999998,-0.5700000000000003,-0.1499999999999999,0.0599999999999999,-1.2399999999999998,0.23,0.38,-0.6000000000000001,-3,-1,1
12.699999999999989,1.0,5.079999999999984,1.41,-0.3900000000000001,0.32,-0.13,-2.24,-0.18,0.36,-2.6,13,6,1
2.539999999999992,-6.0,2.5400000000000205,0.1200000000000001,1.18,-0.2199999999999999,-0.0299999999999999,-2.34,0.29,0.2300000000000001,-0.5,2,-3,1
5.079999999999984,-1.0,0.0,-0.6499999999999999,-0.5399999999999998,0.07,-0.03,0.6000000000000001,0.03,-0.4,0.3999999999999999,24,0,1
-2.539999999999992,3.0,2.539999999999992,2.21,-0.8599999999999999,0.18,0.1,1.0599999999999998,0.24,0.3,0.6000000000000001,12,3,1
0.0,2.0,2.539999999999992,-1.38,-0.4199999999999999,-0.06,0.02,1.34,0.13,-0.0999999999999999,2.0999999999999996,28,5,1
10.159999999999997,-11.0,0.0,2.63,-2.23,-0.02,0.2299999999999999,0.3700000000000001,0.06,0.19,-1.8,1,-10,1
-5.079999999999984,-1.0,-2.539999999999992,1.62,-0.1999999999999997,-0.02,0.0899999999999999,-0.27,0.0799999999999999,-0.03,-0.3,4,-2,1
-5.0800000000000125,-5.0,0.0,0.2799999999999998,1.17,-0.03,-0.0699999999999999,-0.7100000000000002,-0.09,-0.1399999999999999,-0.5,17,7,1
0.0,3.0,7.6200000000000045,0.9999999999999998,0.0499999999999998,0.0,0.0999999999999999,1.4500000000000002,-0.25,0.01,0.0,-7,-2,1
7.6200000000000045,-6.0,5.0800000000000125,-0.1699999999999999,-0.2800000000000002,-0.03,0.1099999999999999,-0.5499999999999999,-0.26,-0.13,0.4,-5,-11,1
-7.619999999999976,-3.0,-12.699999999999989,-0.4500000000000006,0.5900000000000003,0.04,-0.04,0.27,-0.64,0.01,0.1,3,13,1
5.0800000000000125,-2.0,5.079999999999984,1.9000000000000004,-0.5099999999999998,0.03,0.14,1.33,0.62,0.14,0.3,5,4,1
10.159999999999997,-8.0,-2.539999999999992,-1.2699999999999996,-0.8399999999999999,-0.04,0.0,4.569999999999999,0.0399999999999999,0.0399999999999999,-1.4,-7,-7,1
15.23999999999998,-4.0,7.619999999999976,3.38,1.5499999999999998,0.01,0.02,-0.02,-0.0299999999999999,0.3,-1.2000000000000002,-16,-11,1
-2.539999999999992,5.0,10.159999999999997,-0.2200000000000002,-0.33,-0.0199999999999999,0.12,1.79,0.1499999999999999,0.11,0.3999999999999999,-4,1,1
7.6200000000000045,-3.0,0.0,0.9399999999999996,-0.5700000000000003,-0.0399999999999999,0.0799999999999999,0.4700000000000001,0.16,0.0,0.6,9,-2,1
-7.6200000000000045,8.0,-5.0800000000000125,-1.6399999999999997,-0.0399999999999998,0.0,-0.1899999999999999,-1.21,-0.24,-0.48,0.0999999999999998,19,7,1
0.0,11.0,2.539999999999992,-0.8000000000000003,-2.03,0.12,-0.0299999999999999,1.9,-0.21,-0.4,1.3,2,-8,1
5.0800000000000125,-2.0,5.0800000000000125,-1.8,-1.5,-0.0299999999999999,0.0,0.5700000000000001,-0.09,-0.51,0.7,-8,-9,1
2.539999999999992,14.0,2.539999999999992,1.26,-1.3,0.1099999999999999,0.0899999999999999,1.7599999999999998,-0.1399999999999999,0.0499999999999999,-0.0999999999999999,-7,-3,1
-12.699999999999989,-5.0,0.0,0.9800000000000002,-1.1,0.09,0.0699999999999999,0.4300000000000001,0.22,0.29,-1.6999999999999995,-7,1,1
-10.159999999999997,1.0,-7.619999999999976,-3.22,-1.65,-0.01,-0.01,3.9899999999999993,0.2699999999999999,-0.01,0.0,-2,1,1
5.079999999999984,2.0,-2.5400000000000205,0.3200000000000003,0.2199999999999997,-0.0499999999999999,0.02,-1.16,0.14,0.1499999999999999,-0.6000000000000001,20,13,1
-2.539999999999992,3.0,0.0,1.67,-0.06,0.02,0.13,0.56,0.1699999999999999,0.5,-1.3,-32,-11,1
-2.539999999999992,-4.0,-12.699999999999989,-2.0500000000000003,1.23,0.06,-0.2299999999999999,1.91,-0.6,-0.2099999999999999,1.9,-13,1,1
5.0800000000000125,6.0,7.6200000000000045,0.2799999999999998,-1.29,0.1399999999999999,0.16,1.09,-0.0399999999999999,-0.35,0.8,17,-10,1
10.159999999999997,8.0,0.0,-0.7999999999999998,-0.1199999999999996,0.02,-0.19,1.4899999999999998,-0.08,0.0,-0.0999999999999999,-14,-5,1
2.539999999999992,-5.0,-2.539999999999992,2.12,-0.49,0.21,0.1099999999999999,0.1100000000000003,0.14,0.1699999999999999,0.1,3,-5,1
5.079999999999984,5.0,-2.539999999999992,0.3800000000000003,-0.1699999999999999,-0.11,-0.0399999999999999,-2.03,0.4,0.27,-0.6,2,-4,1
5.079999999999984,-2.0,7.6200000000000045,1.13,-0.5100000000000002,0.0299999999999999,0.1099999999999999,-0.77,0.17,0.3199999999999999,-1.7,18,5,1
5.079999999999984,-2.0,5.079999999999984,1.86,-0.8300000000000001,-0.0499999999999999,0.0,0.63,-0.32,-0.05,1.0,-4,-6,1
-2.539999999999992,-14.0,-2.539999999999992,-1.26,1.3,-0.1099999999999999,-0.0899999999999999,-1.7599999999999998,0.1399999999999999,-0.0499999999999999,0.0999999999999999,7,3,1
-7.619999999999976,-5.0,0.0,0.6199999999999997,1.84,-0.05,0.03,-1.7600000000000002,0.05,0.39,-0.7,-29,5,1
10.159999999999997,1.0,2.539999999999992,1.2899999999999996,-0.79,0.12,0.14,-1.1099999999999994,0.15,0.24,0.1,2,-9,1
0.0,-4.0,10.160000000000023,0.8099999999999998,-0.73,0.0799999999999999,0.0899999999999999,0.3899999999999999,0.03,0.17,-1.1,-2,-8,1
-2.539999999999992,3.0,0.0,0.4399999999999999,0.1600000000000001,0.08,-0.1399999999999999,1.6999999999999995,0.08,0.03,-0.2999999999999999,-25,-11,1
5.079999999999984,-1.0,0.0,-0.6499999999999999,-0.5399999999999998,0.07,-0.03,0.6000000000000001,0.03,-0.4,0.3999999999999999,24,0,1
5.0800000000000125,6.0,7.6200000000000045,0.2799999999999998,-1.29,0.1399999999999999,0.16,1.09,-0.0399999999999999,-0.35,0.8,17,-10,1
15.240000000000007,-7.0,0.0,0.0900000000000003,1.64,0.0199999999999999,0.01,-0.0499999999999999,0.0899999999999999,0.0999999999999999,-2.4,-1,-2,1
2.539999999999992,11.0,-5.0800000000000125,0.2600000000000002,-1.35,0.1099999999999999,-0.01,0.3099999999999996,0.11,0.0399999999999999,-0.0999999999999999,0,-1,1
7.6200000000000045,-8.0,7.6200000000000045,1.88,1.58,0.01,-0.02,-2.87,-0.1,0.06,0.1,7,15,1
-7.6200000000000045,8.0,2.539999999999992,1.57,-1.0,0.0399999999999999,0.11,0.41,0.08,0.27,0.0,-3,-2,1
2.539999999999992,1.0,-2.5400000000000205,-0.1299999999999999,0.9500000000000002,-0.0999999999999999,0.05,-0.4199999999999999,0.0499999999999999,0.0,1.9,-9,-2,1
-2.539999999999992,6.0,-2.5400000000000205,-0.1200000000000001,-1.18,0.2199999999999999,0.0299999999999999,2.34,-0.29,-0.2300000000000001,0.5,-2,3,1
2.5400000000000205,-6.0,7.6200000000000045,-0.6199999999999999,-1.09,0.11,0.08,-0.3599999999999999,0.2699999999999999,-0.28,0.6,8,-1,1
15.23999999999998,0.0,7.6200000000000045,-0.0299999999999998,-1.35,0.18,-0.02,-1.1399999999999997,0.0399999999999999,-0.21,0.7999999999999999,9,5,1
5.079999999999984,-4.0,2.539999999999992,1.0499999999999998,-0.5700000000000003,-0.1499999999999999,0.0599999999999999,-1.2399999999999998,0.23,0.38,-0.6000000000000001,-3,-1,1
5.0800000000000125,6.0,7.6200000000000045,-0.1499999999999999,-2.37,0.0499999999999999,0.12,1.5499999999999998,0.01,0.0,0.8,7,-9,1
2.539999999999992,0.0,0.0,1.4800000000000002,0.0499999999999998,0.0499999999999999,0.06,-0.96,0.11,0.4399999999999999,-0.4000000000000001,-3,-1,1
5.0800000000000125,-11.0,5.0800000000000125,1.12,-1.42,0.0,0.2099999999999999,1.5300000000000002,-0.25,0.1,-1.9,-9,-5,1
2.539999999999992,6.0,2.5400000000000205,0.7400000000000002,1.18,-0.1,-0.0099999999999998,-2.04,0.33,0.16,-2.6,-16,-3,1
5.0800000000000125,-4.0,7.6200000000000045,0.7799999999999998,0.56,0.0899999999999999,0.1,-0.8599999999999999,0.35,0.36,-0.4,5,7,1
-5.0800000000000125,-5.0,-5.0800000000000125,1.1,-3.0699999999999994,0.08,0.0399999999999999,2.48,0.42,0.65,1.4,30,0,1
5.079999999999984,8.0,5.0800000000000125,1.38,-0.1200000000000001,-0.11,0.06,-0.5800000000000001,0.15,0.28,-0.6,-5,-6,1
-7.619999999999976,1.0,-5.079999999999984,-1.0000000000000002,-0.4399999999999999,0.07,-0.16,1.19,-0.22,-0.3199999999999999,-0.1999999999999999,-9,-3,1
12.700000000000015,-1.0,7.6200000000000045,0.3999999999999999,0.8900000000000001,0.1299999999999999,-0.02,-0.5299999999999999,0.3,0.05,-0.1,0,2,1
7.6200000000000045,-14.0,5.0800000000000125,0.3500000000000001,0.5799999999999998,-0.0699999999999999,-0.02,-1.5199999999999998,0.09,-0.0299999999999999,0.8999999999999999,16,-3,1
-7.6200000000000045,0.0,-7.6200000000000045,1.92,-1.9599999999999995,0.2199999999999999,0.03,2.55,0.43,0.25,0.1,25,-3,1
0.0,4.0,-5.079999999999984,-0.6399999999999997,-0.0700000000000002,-0.1099999999999999,0.0,-0.97,-0.22,-0.1099999999999999,-0.2,11,5,1
0.0,-3.0,5.079999999999984,0.8499999999999999,1.3000000000000005,-0.01,0.06,-0.76,0.24,0.37,0.0,-17,-5,1
5.0800000000000125,6.0,7.6200000000000045,-0.1499999999999999,-2.37,0.0499999999999999,0.12,1.5499999999999998,0.01,0.0,0.8,7,-9,1
0.0,-4.0,7.6200000000000045,0.69,1.2599999999999998,0.02,0.01,-0.7799999999999998,-0.11,-0.1599999999999999,0.5,-8,4,1
-5.079999999999984,1.0,-5.079999999999984,1.0,1.17,-0.07,0.13,-1.57,0.03,0.38,-1.8,-26,-1,1
-12.699999999999989,2.0,-7.6200000000000045,-0.9300000000000002,0.3000000000000002,-0.0299999999999999,-0.2,1.2899999999999998,-0.33,-0.3099999999999999,0.2,-31,-15,1
-7.6200000000000045,-4.0,0.0,1.46,-1.7199999999999998,0.09,0.0699999999999999,2.47,0.35,0.54,-0.6,12,1,1
0.0,6.0,0.0,0.6000000000000001,0.3600000000000001,0.01,-0.0899999999999999,-0.7300000000000004,0.0999999999999999,0.29,0.1,9,4,1
0.0,-4.0,7.6200000000000045,-0.4599999999999999,0.2399999999999997,-0.1299999999999999,0.0399999999999999,-0.0799999999999996,-0.08,0.29,-0.7000000000000001,-13,4,1
0.0,1.0,0.0,0.2100000000000002,1.23,-0.12,0.06,-1.73,0.02,0.26,-0.2,-6,0,1
7.6200000000000045,5.0,5.0800000000000125,-0.06,2.609999999999999,-0.02,-0.02,-1.83,-0.38,-0.29,0.0999999999999998,-84,-11,1
-2.539999999999992,-2.0,0.0,-1.02,0.5999999999999999,-0.09,-0.1,-1.16,-0.2,-0.0999999999999999,0.9000000000000001,8,11,1
5.079999999999984,1.0,12.700000000000015,2.0,-0.1600000000000001,0.0499999999999999,-0.0299999999999999,-0.6200000000000001,0.63,0.15,-0.7,-39,-18,1
0.0,2.0,10.159999999999997,-0.2000000000000001,0.69,0.06,0.0,1.5000000000000002,-0.18,-0.0799999999999999,0.0,-16,-1,1
-5.079999999999984,-6.0,-2.5400000000000205,-1.7800000000000002,-0.72,0.04,-0.01,1.39,-0.37,-0.52,1.1,70,14,1
0.0,-1.0,2.539999999999992,-1.2,0.6400000000000001,0.06,-0.0999999999999999,0.05,0.0699999999999999,-0.0899999999999999,0.0,-9,1,1
2.539999999999992,14.0,2.539999999999992,1.26,-1.3,0.1099999999999999,0.0899999999999999,1.7599999999999998,-0.1399999999999999,0.0499999999999999,-0.0999999999999999,-7,-3,1
